{"type":"FeatureCollection","bbox":[106.89772400000004,-6.398524403999943,107.04238958900004,-6.1721883309999725],"metadata":{"source":"https://geoportal.pertanian.go.id/arcgis/rest/services/Hosted/Batas_Administrasi_Desa/FeatureServer/0","sourceEdition":"Semester 1 2025","sourceSnapshotDate":"2026-10-01","sourceSha256":"dd07dca8be084c3d72f9b96c6cc7ee4cdcd19878548882a185fa3187875304cb","attribution":"Batas: BIG (2025), Geoportal Kementan","processing":"Union of 56 source kelurahan by official kdcpum; no simplification or synthetic geometry","license":"Source metadata has no explicit license; see docs/boundaries.md"},"features":[{"type":"Feature","id":3275,"properties":{"name":"Kota Bekasi","code":"32.75","source":"https://geoportal.pertanian.go.id/arcgis/rest/services/Hosted/Batas_Administrasi_Desa/FeatureServer/0"},"geometry":{"type":"Polygon","coordinates":[[[106.95107148600016,-6.352069250999932],[106.95090863500008,-6.351999058999979],[106.9507840390001,-6.351928721999911],[106.95071785800019,-6.351896651999937],[106.95057477500018,-6.351827315999969],[106.95043527700017,-6.351759717999812],[106.95030486400015,-6.3516683519998764],[106.95027683300003,-6.351645468999948],[106.95027101400018,-6.351640718999931],[106.95021852299999,-6.351597869999921],[106.95018008800014,-6.351550172999964],[106.95015893300007,-6.351519632999839],[106.95014900000001,-6.3514901909998684],[106.95014539200008,-6.35147949799989],[106.95012212900019,-6.3513972959998455],[106.95010688800011,-6.3513234399999305],[106.9501044860001,-6.35131179799987],[106.950090956,-6.351246230999948],[106.95008488000008,-6.351156550999974],[106.95008838900009,-6.351072333999866],[106.95010528700004,-6.350988068999925],[106.9501199980001,-6.350933747999932],[106.95012603800006,-6.350911442999973],[106.95018105400004,-6.350790671999903],[106.95026852200016,-6.350652555999943],[106.95032745700013,-6.35055664999993],[106.95036739400018,-6.350495260999878],[106.95041305500013,-6.350430023999934],[106.95047969900014,-6.3503493969998885],[106.95056923100009,-6.350251460999971],[106.95068554,-6.350153424999974],[106.95070782400006,-6.350131916999942],[106.95077511500006,-6.350066969999887],[106.950862777,-6.349980523999932],[106.9509313260001,-6.349897976999955],[106.95098847100013,-6.34983460899997],[106.9510131780001,-6.349792414999911],[106.9510149530002,-6.34975604899995],[106.95101537700003,-6.349755156999947],[106.95103772600004,-6.349708119999946],[106.95108535700012,-6.349658183999907],[106.95120487300011,-6.349554128999841],[106.95121118900005,-6.3495486299999016],[106.95129129300011,-6.349487089999968],[106.95139053900016,-6.349429304999887],[106.95148796700005,-6.349396404999936],[106.95155094300014,-6.349357892999933],[106.95160047200005,-6.349304123999957],[106.95166534700019,-6.349261776999981],[106.95173786500015,-6.349217489999944],[106.95182380200004,-6.349180804999946],[106.95188872699998,-6.349151853999956],[106.95193110900016,-6.3491354589999105],[106.95195366700005,-6.349126731999888],[106.95201481000004,-6.34910927899989],[106.95206452600007,-6.349105262999899],[106.95213724000007,-6.3491126429998985],[106.95221577000012,-6.349141052999926],[106.95230208900011,-6.349205793999886],[106.95243074000018,-6.349337351999907],[106.95251519600004,-6.349415494999903],[106.95256321700003,-6.349468897999884],[106.95260551300015,-6.3495261479999385],[106.95264195700014,-6.349552802999881],[106.95268420200017,-6.349596657999882],[106.95272076800018,-6.3496558449999725],[106.95275735500013,-6.3497207729999445],[106.95278245100008,-6.349781914999937],[106.95280177500007,-6.349833512999965],[106.95281735000003,-6.349906173999898],[106.95283294000006,-6.349982662999935],[106.95284278600013,-6.350057259999971],[106.95285661400004,-6.350173942999959],[106.9528569970002,-6.350275366999938],[106.95285754600013,-6.350420804999942],[106.95286011400015,-6.350594941999873],[106.95286633600017,-6.350723134999839],[106.9528858750001,-6.350832142999877],[106.95289961700013,-6.350925860999894],[106.95290220400011,-6.35093968599989],[106.95292109100018,-6.351040600999909],[106.9529462820002,-6.351126622999914],[106.95298281000004,-6.351176240999848],[106.95303652700011,-6.3512181389998545],[106.95310358800009,-6.351248505999877],[106.9531610000002,-6.3512559429999556],[106.95322604100016,-6.351257611999927],[106.95329489900018,-6.351257351999891],[106.95338474700014,-6.35124361599992],[106.95347070600008,-6.351212672999907],[106.95354510200019,-6.351158808999912],[106.95361370100011,-6.351089656999875],[106.95368405400012,-6.350978397999825],[106.9537524640001,-6.350859489999948],[106.9538188050002,-6.350698489999843],[106.95385087400007,-6.350579719999871],[106.95388084200005,-6.350411202999965],[106.95391279500012,-6.350261813999964],[106.95392972200005,-6.3501852019999205],[106.95397103000005,-6.349980281999933],[106.95400473800004,-6.349788784999873],[106.95404037300005,-6.3496011089998206],[106.95406466800017,-6.349449835999906],[106.95406973500013,-6.34927184299994],[106.95405799200017,-6.349201080999933],[106.95403861200015,-6.349134174999904],[106.95402120200015,-6.349082571999816],[106.95398463700002,-6.349023384999953],[106.95389821600008,-6.348931853999943],[106.95382974400013,-6.3488696529999515],[106.95380800700019,-6.348849905999941],[106.95373126000015,-6.348787043999948],[106.9536601420001,-6.348695455999916],[106.95362740200005,-6.348636254999917],[106.95357945600017,-6.348533596999971],[106.95356762400007,-6.348508262999815],[106.95353487700015,-6.348447147999821],[106.9534982900002,-6.348382219999962],[106.95342909900006,-6.348294451999948],[106.95340029200008,-6.348263941999846],[106.95336963100016,-6.348248747999833],[106.95332179800016,-6.348245099999872],[106.95329122300006,-6.348252870999886],[106.95325119900014,-6.348291294999967],[106.95317887700014,-6.348387253999931],[106.95314440400006,-6.348437411999896],[106.9530628340001,-6.348556095999925],[106.95298291,-6.34866547799993],[106.95289903100013,-6.348740427999928],[106.95281694900007,-6.348784751999972],[106.95274438100012,-6.3488156459999345],[106.9526832520001,-6.348836925999933],[106.95261256700019,-6.348860156999876],[106.95254755600007,-6.348866143999942],[106.95248634800015,-6.348866373999954],[106.95242126400012,-6.3488532239999245],[106.95234274799998,-6.348828642999933],[106.95226222600007,-6.348779189999846],[106.95218360200016,-6.348725903999878],[106.95213750800008,-6.348676320999971],[106.95210860800017,-6.34862093199996],[106.9520680940002,-6.348529228999951],[106.95205506800016,-6.348477319999915],[106.95202731500012,-6.348366717999909],[106.95198628100007,-6.348137229999907],[106.95196452800013,-6.347947855999962],[106.95193900700008,-6.347773806999953],[106.95192128000014,-6.3476380009998365],[106.95191334100008,-6.347561482999879],[106.95191882000012,-6.347492569999872],[106.95191481400013,-6.347444742999926],[106.95189747699999,-6.347412275999886],[106.95185713000012,-6.347364585999969],[106.95179383700014,-6.347318894999887],[106.95170177300014,-6.347258683999883],[106.95165310000016,-6.347226850999903],[106.95162509800014,-6.347208536999915],[106.95149209300007,-6.347121925999943],[106.95144102100011,-6.347088667999969],[106.95122634100011,-6.346968914999877],[106.95118072700006,-6.346933063999927],[106.95118029899999,-6.346932727999899],[106.9511495430001,-6.346892655999966],[106.95113794500003,-6.346860166999875],[106.95113580900005,-6.346800850999955],[106.95113570300003,-6.346772597999973],[106.9511356000001,-6.34674535399995],[106.9511334350002,-6.346678382999926],[106.95112540200017,-6.346576987999981],[106.9511136230002,-6.346496657999978],[106.95110022200004,-6.346442572999933],[106.95107477800008,-6.346339880999892],[106.95107464200004,-6.346303520999925],[106.95109355900013,-6.346247952999931],[106.95111239200014,-6.34616941999991],[106.95112543500011,-6.346077513999944],[106.95113473200007,-6.34600667199993],[106.95114186600011,-6.34592861699997],[106.95114208100006,-6.3459262689999605],[106.95114374200011,-6.345859282999925],[106.95114372600011,-6.345854987999928],[106.95114346000008,-6.345784650999974],[106.95112985500009,-6.345727290999946],[106.95110481000006,-6.34567954299996],[106.95106431800008,-6.3455935799999565],[106.95099313000009,-6.345482853999954],[106.95092970000013,-6.3454008029999045],[106.95087905700012,-6.345334771999944],[106.95080091300008,-6.3452328829998805],[106.95066262000006,-6.345080308999968],[106.95051471400006,-6.3449143749999735],[106.95046602500008,-6.344851822999942],[106.95031866600004,-6.344662504999917],[106.95026864000016,-6.3445842319999315],[106.95023395200013,-6.344515469999919],[106.95021268200014,-6.344454310999936],[106.95019520800014,-6.344385483999929],[106.95019499200009,-6.344328073999975],[106.95021389000004,-6.3442667649998725],[106.95024608100016,-6.344180526999935],[106.9502499830001,-6.344176224999956],[106.95030703700007,-6.344113318999973],[106.95033316100006,-6.344089829999973],[106.95037757000011,-6.3440499009999485],[106.95044241500005,-6.343999900999904],[106.95046018500011,-6.343986924999967],[106.95049773400012,-6.34395950499993],[106.95059324800019,-6.3439266119999616],[106.95070220000014,-6.343907064999939],[106.95079972100012,-6.3438990439998975],[106.95092027300018,-6.34391198499992],[106.95105626400016,-6.343961228999888],[106.95115950100006,-6.3440062439999],[106.95131299300016,-6.344073170999934],[106.95153914100001,-6.3441909669999745],[106.95189565000015,-6.344386734999944],[106.95210066400006,-6.344479731999911],[106.95226152700013,-6.344530795999958],[106.95239358500004,-6.344551349999961],[106.95254283500014,-6.344566095999937],[106.95268246400002,-6.344565569999929],[106.9528087180002,-6.3445689209999045],[106.95298473100007,-6.344579739999915],[106.95308993900011,-6.344581256999959],[106.9532295100002,-6.34456542099997],[106.95336145900018,-6.344557268999949],[106.95345709500009,-6.344556907999902],[106.95356041800005,-6.344566086999862],[106.95372307100007,-6.34458460999997],[106.95392588500016,-6.344601068999907],[106.95409045200017,-6.3446195849999185],[106.95420712700013,-6.344619144999967],[106.95432375300004,-6.344605308999974],[106.95446713500019,-6.344585631999962],[106.95457414600008,-6.344558435999943],[106.95465812600008,-6.344510276999927],[106.95471909500009,-6.34444689399993],[106.954772391,-6.344377800999894],[106.95481802900008,-6.344306821999908],[106.95485792300019,-6.344233951999911],[106.95489399100012,-6.344161094999947],[106.95491479999998,-6.344099778999919],[106.95494120900014,-6.344002079999825],[106.95495428100014,-6.343917829999953],[106.95495781700009,-6.343841268999938],[106.95494991400005,-6.3437743189999765],[106.95492268200013,-6.343653859999961],[106.95489167400007,-6.343546809999907],[106.95486445600011,-6.343430177999949],[106.9548354920002,-6.343357565999952],[106.95480273800013,-6.3432945379998955],[106.95475087100004,-6.343235409999977],[106.95469525700003,-6.343197344999965],[106.95464922900015,-6.343164986999909],[106.95457835800005,-6.343138461999956],[106.95448646800008,-6.3431177579999485],[106.95436586700015,-6.343091421999873],[106.95427020200015,-6.343084127999816],[106.95417649800004,-6.3430880869999555],[106.95417075500018,-6.343088329999887],[106.95412486900011,-6.343097736999937],[106.9540818500002,-6.343102682999927],[106.95404600000006,-6.34310640699988],[106.95399819599999,-6.343110174999936],[106.95394199300006,-6.3431056029999695],[106.95387741000013,-6.343098669999961],[106.95367763500002,-6.343063541999868],[106.9534969560001,-6.343019967999908],[106.9534518390002,-6.343008146999921],[106.95339165200011,-6.3429923769998595],[106.95332127900002,-6.342971113999965],[106.95330518200007,-6.342964282999844],[106.95327098800004,-6.342949773999976],[106.95322643100019,-6.342926977999866],[106.95319190499998,-6.3429012729999386],[106.95313286200019,-6.3428412149999644],[106.95308523600016,-6.3427653249999025],[106.95305197100015,-6.342693686999837],[106.95302729200017,-6.342616275999831],[106.9530170880002,-6.34257325599998],[106.95300681400005,-6.342511578999961],[106.95299943100008,-6.34245563099995],[106.952990467,-6.3423609359999205],[106.95298138400005,-6.342234667999946],[106.95298109100014,-6.3421571069999345],[106.95298107000008,-6.342151422999905],[106.95297949600013,-6.3421433969999725],[106.95297375800016,-6.342114132999939],[106.95296350500013,-6.342058196999915],[106.95295307400005,-6.34195489699988],[106.95293398800004,-6.341838711999969],[106.95291359000015,-6.34175554299992],[106.952874377,-6.341627951999953],[106.95282792200015,-6.341481729999941],[106.95280165100002,-6.341362700999923],[106.95278562300012,-6.341296739999962],[106.9527767130001,-6.341216397999972],[106.95276639500014,-6.341143237999972],[106.9527661260002,-6.341071474999978],[106.95276581799999,-6.340989665999871],[106.95276986200014,-6.340920757999868],[106.95276642000005,-6.340768632999811],[106.95275270400015,-6.3405548289998706],[106.95275678700006,-6.340495967999971],[106.95277235000003,-6.340438497999912],[106.9527819380001,-6.340422291999914],[106.95282937000013,-6.340342120999935],[106.95290068100007,-6.340231335999931],[106.95292770500015,-6.340169516999879],[106.95294612100008,-6.340107731999922],[106.95296548800019,-6.340058754999973],[106.95296601500013,-6.340057422999848],[106.95298883800018,-6.340022890999933],[106.95301455700007,-6.33999552399996],[106.95304316700015,-6.339973885999939],[106.95307752500014,-6.339955097999905],[106.95312052900016,-6.339946324999971],[106.95323522600012,-6.33992866899996],[106.95337572900013,-6.33990661099989],[106.95355352400014,-6.339882975999956],[106.95368832700007,-6.33987098599988],[106.9538318290002,-6.339883362999899],[106.95394375400014,-6.339891552999973],[106.95401840400007,-6.339905624999972],[106.95410888700019,-6.3399339879999275],[106.95412536500015,-6.339938944999972],[106.95425968600017,-6.339979347999872],[106.95439605200005,-6.3400017989999355],[106.95458835500006,-6.340021166999975],[106.9547261510001,-6.34004217599994],[106.95484383600018,-6.340056084999901],[106.95495863100018,-6.340064264999967],[106.95502606400015,-6.340066880999927],[106.95507187200019,-6.340040872999964],[106.95509322700013,-6.339997733999951],[106.95511446500007,-6.339923019999901],[106.95516392700011,-6.33972476699995],[106.955182299,-6.339651498999899],[106.9551863490002,-6.3395840259999545],[106.9551959690001,-6.339472038999929],[106.95520140400009,-6.339391643999932],[106.95521113199999,-6.33930836199994],[106.95522384800017,-6.339256643999931],[106.95524664400011,-6.339214935999962],[106.95527089600017,-6.339178962999881],[106.95532081700009,-6.3391027049999025],[106.95535279100011,-6.3390644999999495],[106.95535703700011,-6.339059425999949],[106.95535937599999,-6.339056630999892],[106.95536423200008,-6.339053865999858],[106.95536872300016,-6.339051308999899],[106.95538910200014,-6.339039705999937],[106.95541520400019,-6.339024843999937],[106.95548682800006,-6.3389973039999745],[106.95556134700013,-6.338976928999955],[106.95563162300004,-6.338972358999968],[106.95570913600017,-6.338984982999932],[106.95580247300018,-6.3390090309998754],[106.95590013800017,-6.339040238999871],[106.95604099299999,-6.339111469999921],[106.956299726,-6.339248279999936],[106.95641741200018,-6.33931903499996],[106.95663185900003,-6.3394479639998735],[106.95686911900015,-6.339596335999886],[106.95693665500005,-6.339626220999946],[106.95699550800003,-6.339636045999953],[106.95705718800014,-6.339634377999914],[106.95710301700012,-6.339614111999936],[106.95715448700014,-6.339567987999942],[106.95718730800007,-6.339521935999926],[106.95721723200006,-6.339468718999967],[106.95724136500002,-6.339401169999974],[106.95725552100015,-6.339350881999906],[106.95726109000015,-6.339306366999949],[106.95726097200014,-6.339274792999845],[106.95726083100004,-6.339237475999937],[106.95725063800018,-6.3391973269999085],[106.9572215410002,-6.339089791999811],[106.95718371800012,-6.33895071399985],[106.95717209600008,-6.33891200599993],[106.95716766800007,-6.33887901099996],[106.95715598100008,-6.3388230799999405],[106.95713983400009,-6.338725542999953],[106.95712514600012,-6.3386026929999275],[106.95712353900007,-6.338589253999942],[106.95710884300007,-6.338496017999887],[106.9570825720001,-6.338376989999972],[106.95705064900005,-6.33828094799992],[106.95702603600006,-6.338220759999956],[106.95694618900012,-6.3379698889999645],[106.95690130900016,-6.337860977999924],[106.95686942500015,-6.3377749829999175],[106.95685921500001,-6.337730527999952],[106.95685758000019,-6.337677428999939],[106.95687314400004,-6.33761995999987],[106.95688869600008,-6.337559619999922],[106.95690985700014,-6.337527600999977],[106.95691700500004,-6.337516785999867],[106.95692863500011,-6.337499187999924],[106.95697431300016,-6.337438734999978],[106.95704295300015,-6.337381065999921],[106.95714846800007,-6.337308501999928],[106.95721777900002,-6.337260835999928],[106.95721837600018,-6.337260425999887],[106.95726330100007,-6.337229529999888],[106.9573496270001,-6.337173721999818],[106.95743945200019,-6.337115651999966],[106.95743953599998,-6.3371155979999685],[106.95743962000017,-6.337115543999971],[106.95761390800004,-6.337002870999868],[106.95764397800002,-6.336984899999891],[106.95790875900019,-6.336826655999971],[106.95804035600014,-6.33672568999998],[106.9581118970001,-6.336676620999981],[106.95821209100006,-6.336617395999951],[106.95832518000009,-6.33655381799997],[106.95838319699999,-6.336521938999965],[106.95843827400006,-6.336491674999934],[106.95851556400004,-6.336445453999943],[106.95857135900013,-6.336405055999876],[106.9586213880001,-6.336357502999874],[106.95868855600014,-6.336289792999935],[106.95871629200013,-6.336263048999967],[106.95871885900004,-6.336260572999947],[106.95875430600006,-6.336226392999947],[106.9587943100002,-6.336183182999946],[106.95883139500012,-6.336127068999815],[106.95886547700013,-6.336035082999842],[106.95889387000005,-6.33595603699996],[106.95894519900014,-6.335872596999877],[106.9590123010002,-6.335787661999973],[106.95908377300009,-6.335719935999975],[106.95917526699998,-6.335636344999955],[106.95926534900019,-6.335558499999934],[106.95933395600008,-6.335492218999946],[106.95939976000017,-6.335443170999895],[106.95942891200013,-6.335421123999936],[106.95946270000007,-6.335395569999946],[106.95950568000006,-6.335381054999971],[106.95954871600009,-6.335380892999979],[106.95960469400006,-6.335389291999945],[106.95966070500003,-6.335406303999946],[106.95973402800013,-6.3354490849999365],[106.95982324400006,-6.335521945999915],[106.95988370500015,-6.335577692999834],[106.95994127500012,-6.335627710999972],[106.9600161350001,-6.335697755999888],[106.96003504900006,-6.335715432999962],[106.96008955500014,-6.335766370999977],[106.96013700200007,-6.335794895999925],[106.9601671490002,-6.335800522999875],[106.9602187700001,-6.335794586999839],[106.96029611900019,-6.3357641539998895],[106.9604693330001,-6.335667336999961],[106.96067396400008,-6.335533084999952],[106.96076239300004,-6.335458194999887],[106.96078121099998,-6.335442257999887],[106.96092557000014,-6.335302490999879],[106.96100558400019,-6.3352175089999605],[106.96101986100001,-6.335202061999837],[106.96106416000003,-6.3351541359999715],[106.96110417900007,-6.335115232999954],[106.96115283400013,-6.335083472999884],[106.9611943650001,-6.3350646569999185],[106.96123022100005,-6.335063085999877],[106.96127903200005,-6.33507294899988],[106.96130493500016,-6.335094378999884],[106.96133814600017,-6.335151664999842],[106.9613801320001,-6.335253409999893],[106.96141491700001,-6.335348004999901],[106.96144103700004,-6.335426845999962],[106.96145419599998,-6.33549281899991],[106.9614601250002,-6.3355430289998935],[106.961446034,-6.335610539999948],[106.9614362320001,-6.33567372899995],[106.9614135020002,-6.335732660999952],[106.96139792300005,-6.335785823999913],[106.96138952700005,-6.335841830999925],[106.9613868470002,-6.335892075999823],[106.96138993300008,-6.3359494739999604],[106.96139143400012,-6.335976085999846],[106.96139300800007,-6.336004002999914],[106.961406093,-6.336049881999884],[106.96142631700008,-6.336087121999981],[106.96145794600011,-6.336105660999976],[106.96150820300011,-6.336118387999875],[106.96157132700017,-6.336119584999892],[106.96164155800005,-6.3361035309998215],[106.96168595200015,-6.336083269999904],[106.96174599600016,-6.336028502999909],[106.96178736800005,-6.3359680639998714],[106.96182015100015,-6.335911965999969],[106.96184147900016,-6.335861650999959],[106.96184984200005,-6.3357970319999595],[106.96184960400001,-6.335733881999943],[106.96185213100017,-6.335643450999953],[106.96184620800011,-6.335594674999925],[106.9618373850002,-6.3355372969999735],[106.9618097980001,-6.3354498509999075],[106.96177642999999,-6.33535094399997],[106.96175315800002,-6.335266350999916],[106.961748672,-6.33519666199993],[106.96174706200009,-6.3351716469999815],[106.96173398000008,-6.335132868999949],[106.96172820300018,-6.335115743999893],[106.96167606100016,-6.334983895999926],[106.96165563700004,-6.334893551999869],[106.96162194900012,-6.334709965999878],[106.96160554300019,-6.33452570399993],[106.96160547000005,-6.334524879999947],[106.96159920200012,-6.334383152999919],[106.96159449100014,-6.334276620999901],[106.96159338900003,-6.334255602999974],[106.96158057700006,-6.334011149999981],[106.96158148600006,-6.333871926999905],[106.96158178700017,-6.333868877999919],[106.9615855450001,-6.333830794999869],[106.96158701300004,-6.333815929999901],[106.96160689999999,-6.33376418499995],[106.96162680400005,-6.333716746999869],[106.9616625110001,-6.333674988999974],[106.96170686100004,-6.333643244999905],[106.96172692900006,-6.333633936999945],[106.96174166400016,-6.33362710199998],[106.96175595300019,-6.333620474999975],[106.96179421400007,-6.333602727999846],[106.9618010000001,-6.333600522999916],[106.9618701190002,-6.3335780699999304],[106.96190596900016,-6.333566423999969],[106.96196669900002,-6.333536975999891],[106.96197756500004,-6.333531706999906],[106.96202614200007,-6.333495250999931],[106.96203172800017,-6.333491058999925],[106.96203907400007,-6.333485545999906],[106.96208482700001,-6.33344518499996],[106.96211770200017,-6.333413485999927],[106.96215203100007,-6.333387520999963],[106.96221936700016,-6.333364302999939],[106.9622414640001,-6.333356363999883],[106.96230818700002,-6.333332390999942],[106.96234250600014,-6.333303555999976],[106.96238251600005,-6.3332617819999655],[106.96239959900015,-6.3332272709999415],[106.96240951000016,-6.3331927879999625],[106.96241366200013,-6.33315258399989],[106.96241065800007,-6.333116713999971],[106.96239905100009,-6.333082311999931],[106.9623601900002,-6.333048012999939],[106.96232135500009,-6.333020889999943],[106.96221925600008,-6.332955252999909],[106.96209560200015,-6.332879651999974],[106.96203172600019,-6.3328214759999355],[106.96188687800009,-6.3326895509998735],[106.96176460900017,-6.332601027999942],[106.96156483400011,-6.332501313999842],[106.9615059480002,-6.332482877999894],[106.96145714300013,-6.332474450999939],[106.96140550600006,-6.332476081999971],[106.96135249000008,-6.332492068999954],[106.96132177200008,-6.332504644999915],[106.96129233200008,-6.33251669699996],[106.96126390200004,-6.332530213999917],[106.96124364600018,-6.332539844999928],[106.9612335880002,-6.332548084999871],[106.96121516300019,-6.332563178999976],[106.96119788300018,-6.332577334999826],[106.96117692000013,-6.332602496999868],[106.96116789400008,-6.332613329999958],[106.96113223700007,-6.3326680049999595],[106.9611023240002,-6.332724091999978],[106.96105388100017,-6.332811826999944],[106.96101400200018,-6.332888045999937],[106.96098558900002,-6.332961350999881],[106.9609458020002,-6.33306197099995],[106.96089322400013,-6.333194212999956],[106.96083215200002,-6.333356628999979],[106.96077097800014,-6.33349177499997],[106.96071259700017,-6.333606815999929],[106.96066550700004,-6.3336730159999775],[106.96062403600007,-6.333707619999927],[106.96058534800005,-6.333719246999976],[106.9605452150002,-6.3337280109998915],[106.96050217400011,-6.333726737999882],[106.96042466700015,-6.333715548999919],[106.96037581200011,-6.333694204999972],[106.96033120800018,-6.333658490999937],[106.96029371000009,-6.333605527999964],[106.96025904400005,-6.333542507999937],[106.96024304700006,-6.3334851569998705],[106.96024285300007,-6.333433488999958],[106.96025963800008,-6.333320039999819],[106.96031613500008,-6.333085878999896],[106.9603197720001,-6.333071836999977],[106.96033734400015,-6.333003987999973],[106.96040635200018,-6.332663569999966],[106.96041930200016,-6.332580964999863],[106.96041939999998,-6.332580336999968],[106.960431567,-6.332502725999973],[106.96043410000016,-6.332413728999882],[106.96042203800005,-6.332258766999928],[106.96041312300008,-6.332176989999937],[106.96041022900005,-6.332164747999968],[106.96039854500015,-6.332115329999965],[106.9603710240001,-6.3320451049999065],[106.96031163000015,-6.331891756999937],[106.96028267500014,-6.331821537999929],[106.96026087100012,-6.331745550999926],[106.96025415500009,-6.331725346999917],[106.96022894800006,-6.331649508999874],[106.96021267500004,-6.331597601999931],[106.96021007200011,-6.3315892989999725],[106.96020416100004,-6.33154339399988],[106.96021115500008,-6.331496003999973],[106.9602339280001,-6.331448553999962],[106.96027454400007,-6.331393581999919],[106.9603423980002,-6.331301746999884],[106.96040380400012,-6.33122829499996],[106.96041900100005,-6.331210116999955],[106.96042665500016,-6.331200960999979],[106.96043696200019,-6.331190569999933],[106.9604453130001,-6.33118215199994],[106.96046476700013,-6.33116253999998],[106.960499228,-6.3311277999998765],[106.96053883400009,-6.3310878729999445],[106.96060671900011,-6.331019437999885],[106.96074945800012,-6.330897006999976],[106.96077105900002,-6.330878479999967],[106.96079832400011,-6.330855093999958],[106.96081312200005,-6.33084350199988],[106.96082395600007,-6.3308350149998205],[106.96082478600016,-6.33083436499993],[106.96097139,-6.3307195249999495],[106.96099735500013,-6.33069954399997],[106.96100626400005,-6.330692688999932],[106.9610257440001,-6.330677697999931],[106.96107157700004,-6.330658865999965],[106.96112461600006,-6.3306486189999305],[106.96118432500015,-6.330646970999965],[106.96118485900018,-6.330646955999953],[106.96122264800005,-6.330657259999953],[106.9612523510001,-6.3306653589999655],[106.96128402500005,-6.330680510999912],[106.96132381400002,-6.330699544999959],[106.96133570300003,-6.3307052319999],[106.96134727200001,-6.330715530999953],[106.96141918600011,-6.3307795499999315],[106.96151991400012,-6.330862414999956],[106.96169246700009,-6.330970842999932],[106.96186927200006,-6.331066336999925],[106.96197991900004,-6.331116152999812],[106.96205170900015,-6.3311331049998785],[106.96212347100004,-6.331142879999959],[106.96218801300006,-6.331139764999875],[106.9622539570002,-6.331128033999903],[106.96232559500004,-6.331104799999935],[106.96236569100017,-6.331085989999963],[106.96239715200005,-6.33106003599994],[106.96241707100017,-6.331016901999931],[106.96242550500017,-6.330970942999954],[106.96243534000018,-6.3309163649999505],[106.96244362300007,-6.33083021799996],[106.96244337900004,-6.330765632999942],[106.96243294700008,-6.330662332999907],[106.962410981,-6.330573781999874],[106.9624023570002,-6.330539016999921],[106.96237619400006,-6.3304486939999265],[106.96233411100008,-6.330321113999844],[106.96226323000013,-6.330164939999975],[106.96220553600017,-6.330081911999855],[106.9621608180002,-6.330016058999888],[106.9620815580002,-6.329920195999875],[106.96206132300006,-6.329880085999946],[106.96203957700004,-6.329819885999939],[106.9620264080001,-6.32975104399992],[106.96202996600005,-6.32971594299994],[106.96203022100013,-6.329713430999902],[106.9620319390001,-6.3296964819999175],[106.96204607300001,-6.3296404539999],[106.96208029000013,-6.329584349999891],[106.9621403760001,-6.3295410639999545],[106.96220338000018,-6.329510684999946],[106.96226928500005,-6.329488908999906],[106.96233952100016,-6.329474288999961],[106.96241266400006,-6.32946970799992],[106.96247295600011,-6.329480961999934],[106.96253330200011,-6.329506568999932],[106.96259061000006,-6.329525800999932],[106.96260942900011,-6.329532115999939],[106.96267403500013,-6.329546223999955],[106.96275439300018,-6.329553096999973],[106.96291650100011,-6.329555353999979],[106.96304413299998,-6.329544824999914],[106.96314590100008,-6.3295229109999696],[106.963224701,-6.329496778999953],[106.96327623400009,-6.329467877999946],[106.96332625200017,-6.329417454999941],[106.96336620000011,-6.329359893999879],[106.96340180800019,-6.329292301999885],[106.96343893100016,-6.329246232999878],[106.96347174600015,-6.329198745999975],[106.96351009200009,-6.3290966969999545],[106.96353424000017,-6.329033453999955],[106.96355264400006,-6.3289687979999485],[106.963559589,-6.328908489999947],[106.96356081800002,-6.328853945999924],[106.96355059700016,-6.328806621999945],[106.96353323100016,-6.328766499999972],[106.96348852900019,-6.328704952999942],[106.96344673900012,-6.328654875999973],[106.9633920060001,-6.3285962369999424],[106.96332722100016,-6.328534766999894],[106.96326671200006,-6.328466102999926],[106.96319310400014,-6.328347254999926],[106.96310657400011,-6.328225583999938],[106.96302004900014,-6.328105348999827],[106.9629983370001,-6.328053760999978],[106.96298456100004,-6.328003963999947],[106.96298088500009,-6.3279906759998426],[106.96296197600003,-6.327921855999932],[106.96292875500006,-6.327861699999914],[106.96281891500018,-6.327645390999976],[106.96268146400013,-6.327334457999882],[106.96262180600013,-6.327216872999941],[106.9625640810001,-6.327125233999823],[106.96250646200019,-6.327062299999966],[106.96245901100008,-6.32703233899997],[106.96242598000009,-6.327022417999842],[106.96237290400018,-6.327022617999944],[106.96226822400018,-6.327033059999906],[106.96210625200013,-6.327066682999941],[106.96199306300008,-6.327102991999936],[106.9619515600001,-6.327128983999955],[106.96192446200018,-6.327170708999859],[106.96190310200018,-6.327212411999938],[106.9618889620001,-6.3272670049998965],[106.96188770700007,-6.327314373999911],[106.96189658500009,-6.327386102999981],[106.9619083090002,-6.327452080999933],[106.9619286630001,-6.327523765999956],[106.96197063200009,-6.32762120599989],[106.96197991600013,-6.327643986999931],[106.96204013200014,-6.3277917399998955],[106.96207211300003,-6.327903569999933],[106.96209255300016,-6.327998218999937],[106.96209307400011,-6.328003963999947],[106.96209854,-6.328064218999884],[106.96209877800004,-6.328127368999958],[106.96209046400008,-6.328204904999893],[106.9620863940001,-6.328266636999956],[106.96207082100011,-6.328321235999908],[106.9620465970001,-6.328364384999929],[106.96200513200012,-6.328400422999891],[106.96192065900016,-6.328443799999945],[106.96186048600003,-6.328464120999911],[106.96181031600014,-6.328474356999891],[106.9617529260002,-6.328471702999934],[106.96168977100001,-6.3284618949999185],[106.96164666600009,-6.328443399999912],[106.9615949430002,-6.328422065999916],[106.96152583800006,-6.328356304999886],[106.961435102,-6.328260484999873],[106.96136430800004,-6.3281190409999795],[106.9613253010001,-6.328003963999947],[106.96129725600014,-6.32792122799998],[106.96128164400011,-6.327838997999891],[106.96127755900005,-6.327770120999958],[106.9612772700001,-6.327693573999966],[106.96127708800009,-6.327645472999961],[106.96127700200009,-6.327622768999959],[106.96128054600018,-6.327548121999882],[106.96127801300008,-6.3273835559999725],[106.96127561600014,-6.327255347999937],[106.96127906600009,-6.327155822999941],[106.96128449400015,-6.327073514999881],[106.96129578200004,-6.327023715999928],[106.96131454800019,-6.326927959999921],[106.96131435400014,-6.326876291999895],[106.96131170400008,-6.326848310999935],[106.96131036800017,-6.326834205999887],[106.9612872580002,-6.326792191999971],[106.96124695500015,-6.326755984999977],[106.96113387100007,-6.326693259999956],[106.96100557199998,-6.326653556999872],[106.96090599900003,-6.32662331399996],[106.96090174700004,-6.326621722999903],[106.96084392500006,-6.32660008199997],[106.96083513000013,-6.326596789999883],[106.96080442700014,-6.326570113999878],[106.96078515600004,-6.32653191299994],[106.96078501100016,-6.326493440999968],[106.96078493200002,-6.32647258999998],[106.96079229500003,-6.326396014999887],[106.96083214200002,-6.32631166199991],[106.96087964800006,-6.326229194999939],[106.96094812900014,-6.32612942399993],[106.960982274,-6.326054661999876],[106.96100879200009,-6.325985668999863],[106.96102879100005,-6.325962985999922],[106.96106973600018,-6.325916545999917],[106.96112694200008,-6.325870401999907],[106.96120713000016,-6.325831824999909],[106.96127208800004,-6.325812443999894],[106.96135624400006,-6.32581212599996],[106.96149212100005,-6.325832663999904],[106.96157639200015,-6.325862963999896],[106.96166540500013,-6.32589840299994],[106.96174304500016,-6.325929313999893],[106.96198052400018,-6.326010704999874],[106.96233483300011,-6.326133756999923],[106.96273513200009,-6.326279596999939],[106.96288395400018,-6.326334499999859],[106.96289727000004,-6.326339411999925],[106.96297646500011,-6.326368628999944],[106.96310485000015,-6.3264312949999635],[106.96313614100018,-6.326451572999929],[106.96319880100003,-6.326492178999956],[106.9632494010001,-6.326526703999946],[106.96327041300009,-6.326541039999881],[106.96329084600006,-6.326554981999891],[106.96335703400007,-6.32660008199997],[106.96341932600006,-6.326642525999944],[106.96351138500012,-6.326709155999936],[106.96359573700016,-6.326760506999847],[106.96366855500014,-6.326796590999891],[106.96372977400017,-6.326800186999947],[106.96379666600018,-6.326786538999954],[106.96384436700015,-6.326755739999896],[106.96390153600015,-6.326700026999902],[106.9639874510001,-6.32660008199997],[106.96405007200019,-6.326527233999968],[106.96413949700002,-6.326402506999955],[106.96433120600017,-6.3260133039999005],[106.9645096430001,-6.325654771999837],[106.96465010800011,-6.325371015999963],[106.96470319200006,-6.325246425999978],[106.96472224900015,-6.325187276999884],[106.96473344000009,-6.325152541999955],[106.96476378200009,-6.32508353399993],[106.9647903130001,-6.325018368999849],[106.96480918700001,-6.324951317999876],[106.96481091200008,-6.324901555999929],[106.96481069500015,-6.324844146999908],[106.96479906700006,-6.32480400299994],[106.96477595700014,-6.324761989999956],[106.96473945700012,-6.324720026999955],[106.9647088050001,-6.324706747999926],[106.96462272200017,-6.3247032449999665],[106.96453474100008,-6.324703577999912],[106.96441424400012,-6.324704033999865],[106.96440610000019,-6.324703724999949],[106.96433889000014,-6.324701176999895],[106.96429876000019,-6.32469965599995],[106.96427651300019,-6.324698812999941],[106.96426224200019,-6.324700126999971],[106.96424659600012,-6.3247015679999095],[106.96414649700012,-6.324710786999958],[106.96399360200013,-6.3247419839999],[106.96381401500014,-6.3247962459999485],[106.96378269299998,-6.324801869999874],[106.96356362600011,-6.324841206999849],[106.96333805000006,-6.3248726769999735],[106.96312972400005,-6.324913651999964],[106.96299023900019,-6.3249505389999285],[106.96290807500014,-6.32497189999998],[106.96283351700015,-6.324981749999949],[106.9627091960001,-6.324982219999981],[106.96257529700011,-6.32497889799987],[106.96239165500003,-6.32497193699993],[106.9621964640001,-6.324945882999884],[106.96215505700019,-6.324946741999952],[106.9620836250001,-6.3249482229999785],[106.96203779400014,-6.324967531999903],[106.962003025,-6.324985736999906],[106.9620000750001,-6.324987281999938],[106.96198625400012,-6.324994517999926],[106.96192325200008,-6.325025374999882],[106.96190404200007,-6.325033413999961],[106.96186787300019,-6.32504854899986],[106.96180291400009,-6.325067929999932],[106.96176084400014,-6.325070002999951],[106.96172293000001,-6.325051169999881],[106.96169747200003,-6.325033412999915],[106.96168488500018,-6.325024633999931],[106.96166971400004,-6.3250140529998475],[106.96162793000013,-6.324965412999973],[106.96159039600008,-6.324902402999953],[106.96155999500013,-6.324829318999946],[106.96154539600008,-6.3247619169999325],[106.96154023500009,-6.324704545999907],[106.96153791000017,-6.324678699999879],[106.9615404970001,-6.324604056999931],[106.96154408500007,-6.324558923999916],[106.96154734500016,-6.324517915999934],[106.96156184500012,-6.324414942999908],[106.96156200600001,-6.324413801999924],[106.96156271299998,-6.324408777999963],[106.96156959300004,-6.324331246999918],[106.96157290600007,-6.324258717999953],[106.961556417,-6.32407075999987],[106.96155480200014,-6.32398849599997],[106.96155286700008,-6.32388993099994],[106.96156361200019,-6.323696129999973],[106.9615819030002,-6.323601333999932],[106.9616060620001,-6.323540961999981],[106.9616388550001,-6.323487732999922],[106.96168454600007,-6.323431584999923],[106.961728343,-6.323389233999876],[106.9617545810001,-6.323363862999827],[106.96179306900007,-6.323299130999885],[106.9618942030001,-6.323109294999881],[106.96193689100005,-6.323017276999906],[106.961966673,-6.322926743999972],[106.96199500600017,-6.3228319089999445],[106.96199901100005,-6.3227529539998955],[106.96199304200019,-6.322691260999932],[106.96197995300008,-6.3226439469999605],[106.9619439010001,-6.3225938489998725],[106.96188346400015,-6.322543841999902],[106.96181019200014,-6.322513977999847],[106.9617312530001,-6.322502793999888],[106.96161364100016,-6.322507543999848],[106.96146100700014,-6.322525320999887],[106.96139712900015,-6.322532760999877],[106.96129099300009,-6.322537466999904],[106.96121065099999,-6.32253489999988],[106.96115176800004,-6.322516462999943],[106.9610957210001,-6.322489404999942],[106.96102669800013,-6.322445171999902],[106.96092166800014,-6.32236232199989],[106.96074744800012,-6.322190747999912],[106.96063502400006,-6.322049080999932],[106.96053549300012,-6.321912777999842],[106.96047929400015,-6.321835814999872],[106.96036683200009,-6.321684100999903],[106.96028586300002,-6.321515045999888],[106.96025661900012,-6.321411883999872],[106.96025237700013,-6.321396920999973],[106.96025080100014,-6.32139135999995],[106.96024806500014,-6.321381707999933],[106.96024514100003,-6.321313655999916],[106.96024492000015,-6.321308520999935],[106.96024386300013,-6.321287937999898],[106.96024359000018,-6.3212826139999265],[106.96024182500014,-6.321248252999908],[106.96024594400001,-6.321199437999951],[106.96025434500012,-6.321144865999884],[106.9602713970001,-6.321101743999975],[106.96028560100001,-6.321064372999899],[106.96031129700003,-6.321031264999931],[106.96033987900006,-6.321002452999949],[106.96039140600016,-6.320972116999883],[106.96055051799999,-6.32094137699994],[106.96066108299999,-6.320919532999881],[106.96072826300008,-6.320906260999948],[106.96091603200006,-6.320866799999976],[106.9610478370002,-6.3208218099998135],[106.96108936000019,-6.320801559999893],[106.9611679910002,-6.320730934999915],[106.96120084300009,-6.320693493999954],[106.96122643100006,-6.320631681999885],[106.96123624500018,-6.320571363999875],[106.96124092200012,-6.320536717999914],[106.9612432240001,-6.320519666999928],[106.96126173100015,-6.320482280999954],[106.96130316900019,-6.320439066999938],[106.96134609400013,-6.320410199999969],[106.96140193000014,-6.320381282999961],[106.96141687800008,-6.320374595999851],[106.96148928700012,-6.320342201999836],[106.96164390600006,-6.32026124399988],[106.9619103280001,-6.320156899999972],[106.96202496600017,-6.320124890999978],[106.96206211700013,-6.320085999999947],[106.96208057000013,-6.3200342609999325],[106.9620918080002,-6.319971066999926],[106.9620757690002,-6.319902233999926],[106.9620440160001,-6.319850684999949],[106.96201514200004,-6.3198019949999775],[106.96200059700016,-6.319748944999958],[106.96198885100011,-6.319677225999953],[106.9619737270001,-6.319470605999925],[106.96197344100005,-6.319394536999937],[106.96197893000004,-6.319328495999969],[106.96198205200017,-6.3193093099998805],[106.96199014600012,-6.319259559999978],[106.96202579200002,-6.319202015999906],[106.96208291700003,-6.319134341999813],[106.96210285300009,-6.31911587899998],[106.96220585200018,-6.319020492999812],[106.962301529,-6.31890531099998],[106.96237712800013,-6.318791639999972],[106.96239989100019,-6.318741318999969],[106.96241256800005,-6.31867955599995],[106.96242233300006,-6.318606320999891],[106.96241764100006,-6.318502998999975],[106.9624101170001,-6.318409735999978],[106.96240266300003,-6.318335129999923],[106.96240672800013,-6.318271963999962],[106.96241225000006,-6.318214532999889],[106.96243702300006,-6.318160511999963],[106.96243928200016,-6.318155584999943],[106.9624763560002,-6.318096598999944],[106.96253921900018,-6.318028904999835],[106.96255821900013,-6.31801266399998],[106.96260499400017,-6.317972680999958],[106.96266512199998,-6.317940877999831],[106.96274394700004,-6.317921922999972],[106.9628070620002,-6.317921684999931],[106.96287738400014,-6.317930030999889],[106.96294919400003,-6.317952723999838],[106.96304977900013,-6.317998272999944],[106.96317340800016,-6.318068133999873],[106.96333006200013,-6.318146481999975],[106.96339753000001,-6.318159144999925],[106.96344632800015,-6.318166136999821],[106.96348936300006,-6.318165974999886],[106.96353808000009,-6.318151436999926],[106.96354097500006,-6.3181496119999565],[106.963572425,-6.318129779999936],[106.96359811100018,-6.318093800999975],[106.96362366100016,-6.31802194099987],[106.96364886400005,-6.317858225999942],[106.96366807000004,-6.31762564099995],[106.96368310100013,-6.317427518999978],[106.96371558500016,-6.317292480999981],[106.96373236600004,-6.317177596999898],[106.96374921200015,-6.317079935999914],[106.9637502060001,-6.317020063999848],[106.96375038000008,-6.3170096039999635],[106.96374585000007,-6.316949339999951],[106.96373273400008,-6.316894849999869],[106.9637110820002,-6.316859049999948],[106.96368229600012,-6.316833323999958],[106.96363486600012,-6.316809103999958],[106.9636098090001,-6.316800851999915],[106.96353576500019,-6.316776466999954],[106.96349797800019,-6.316764540999941],[106.96311783400017,-6.316644564999933],[106.96287653200011,-6.316562228999885],[106.96275729900009,-6.316516750999938],[106.96253167300006,-6.316407086999845],[106.96241382600016,-6.316348685999969],[106.96236779300017,-6.316314412999816],[106.96229149700008,-6.316242937999959],[106.96207696400018,-6.316090458999952],[106.96205848800008,-6.316077326999903],[106.9618441020001,-6.315927251999938],[106.96178521700011,-6.315886030999877],[106.96153250800006,-6.315737841999976],[106.9615250010001,-6.315733439999974],[106.96138832000003,-6.315652085999886],[106.96127340400011,-6.315583685999911],[106.96120144400004,-6.315520804999949],[106.96117724300007,-6.315478897999981],[106.96117304799998,-6.315471633999891],[106.96112522500005,-6.315324473999965],[106.96111015800011,-6.315278110999941],[106.96105450500005,-6.315101303999882],[106.9610086300001,-6.314981871999976],[106.96097936400014,-6.314892038999972],[106.9609522770001,-6.314809852999929],[106.96093282000004,-6.314721896999856],[106.96092105600013,-6.3146453939999105],[106.96091282500004,-6.31459611899993],[106.960921031,-6.314570160999892],[106.9609276930002,-6.314557787999945],[106.96093435600017,-6.314549221999869],[106.96094292200013,-6.31454255899996],[106.96095434300014,-6.314536848999978],[106.96097147500012,-6.314527330999908],[106.96098194500007,-6.314519715999893],[106.96099241500008,-6.314514005999968],[106.96100764300007,-6.314509246999933],[106.96102858200015,-6.314501632999907],[106.96103714800012,-6.314490210999963],[106.96103810000005,-6.314473078999981],[106.96104285900014,-6.314454042999898],[106.961063798,-6.3144311999999445],[106.96111487800016,-6.31439265299997],[106.96121005600003,-6.314321268999947],[106.9612387520001,-6.3142936769999665],[106.96127192200004,-6.314261782999893],[106.96134330600006,-6.314171362999957],[106.96136710000007,-6.3141332919998945],[106.96140517200018,-6.314102358999946],[106.9614670380002,-6.3140785639998285],[106.96155507800017,-6.314064287999884],[106.96162884100016,-6.314061907999871],[106.9617026040001,-6.314061907999871],[106.9617644700001,-6.314069045999929],[106.96182157700008,-6.314069045999929],[106.96188344300009,-6.314069045999929],[106.96195958600009,-6.314059528999962],[106.96207618000011,-6.314052389999972],[106.96211663100019,-6.314033354999822],[106.96215232300011,-6.313992903999917],[106.96216897900007,-6.313961970999969],[106.96217611700013,-6.313935796999829],[106.9621808760001,-6.313900104999959],[106.96217849700014,-6.313869171999897],[106.96216897900007,-6.313840617999858],[106.96215232300011,-6.313812064999979],[106.9621213900001,-6.313766854999869],[106.96205476500006,-6.313702608999961],[106.96195482700011,-6.313621707999971],[106.96182157700008,-6.313531287999922],[106.96165501500019,-6.313417073999972],[106.96135996200019,-6.313205301999972],[106.96119340000007,-6.313072051999939],[106.96115294900005,-6.313017324999862],[106.961132486,-6.312975207999841],[106.96113962400005,-6.312935946999971],[106.96117531600004,-6.3129073939999785],[106.96120598100015,-6.312859977999892],[106.96132165300014,-6.312636134999934],[106.96136091400007,-6.312604011999952],[106.96140017500005,-6.31255761299991],[106.96142159000016,-6.312511212999823],[106.96142872800004,-6.31243982999996],[106.96143943600003,-6.312368445999823],[106.96146265300007,-6.312303953999901],[106.96147155900007,-6.312279215999979],[106.96149236100007,-6.312234944999943],[106.96149464200016,-6.312230090999833],[106.9615026560001,-6.31221303399991],[106.96153712700004,-6.3122243859999685],[106.9615787570001,-6.312232840999968],[106.96162038900013,-6.312241294999978],[106.96167346900012,-6.312242530999981],[106.96173662299998,-6.312252340999976],[106.96180266700014,-6.312267878999933],[106.96184576500013,-6.312284939999927],[106.96187741500012,-6.312309219999975],[106.96190618900016,-6.312332075999905],[106.9619392410001,-6.312347738999961],[106.96198087300013,-6.31235619399996],[106.96231111400004,-6.312439629999915],[106.9624087590002,-6.312466530999927],[106.96265448200018,-6.312580425999954],[106.96290728200012,-6.312690092999958],[106.96297920200004,-6.312721292999981],[106.96306398000013,-6.312759724999864],[106.96311424000004,-6.312773887999981],[106.96315436600014,-6.31276369099993],[106.9631873040002,-6.312749212999961],[106.9632202210002,-6.312728994999873],[106.9632516600002,-6.312697300999957],[106.96327875300005,-6.312654140999939],[106.9633030080002,-6.312619603999906],[106.9633243740002,-6.312579334999953],[106.96335145500001,-6.312533304999874],[106.96336562100015,-6.3124858879998555],[106.96337977600018,-6.312435600999947],[106.96339109000019,-6.31239249999993],[106.96340667900017,-6.312342207999961],[106.96342369300015,-6.312289038999893],[106.96345912100008,-6.3121740829998885],[106.96347464100012,-6.3121051319998855],[106.96347733100015,-6.31205775899997],[106.96347281700014,-6.312001799999962],[106.96346837300013,-6.311964500999977],[106.96344811700004,-6.311918648999892],[106.96341061600003,-6.311864249999928],[106.96336878600016,-6.311802691999901],[106.96330916300008,-6.311669765999909],[106.96325373500014,-6.311552761999906],[106.96318391700004,-6.311423851999905],[106.9631153840001,-6.311318857999936],[106.9630540550001,-6.311222208999936],[106.96302757700005,-6.311174466999887],[106.96300104100015,-6.3111111759998835],[106.96297448100012,-6.311041904999911],[106.96293103800014,-6.310933227999897],[106.96288517800008,-6.310817383999904],[106.96284659700018,-6.3107302169999],[106.96279727100017,-6.310646679999934],[106.96272270400016,-6.310526159999881],[106.96266976100014,-6.310434263999923],[106.96263250600015,-6.310381777999908],[106.96257246300007,-6.31030904499994],[106.96252204700016,-6.310253019999948],[106.96249945800014,-6.3102263849999645],[106.9624836230002,-6.31020771399983],[106.96245872000014,-6.310184319999848],[106.96243923800012,-6.31016601999994],[106.9623432890001,-6.31008146299996],[106.96225690300008,-6.309996867999871],[106.96214654200008,-6.309894422999946],[106.9620446030001,-6.309806299999934],[106.96195943400005,-6.30972768099997],[106.96192084500012,-6.309697029999938],[106.96188749700008,-6.309670540999946],[106.96180362800015,-6.309619426999916],[106.96170903600012,-6.30957792199996],[106.9615713980001,-6.30953298999998],[106.96144695400011,-6.309499968999887],[106.9613715930002,-6.3094859009999595],[106.96134291200019,-6.309488399999907],[106.96131304600004,-6.30949329699996],[106.96126653100004,-6.309520980999935],[106.96121761500007,-6.309546282999975],[106.96118063500018,-6.309566754999821],[106.96114483800017,-6.309583633999978],[106.96111500200016,-6.309596902999829],[106.96108033700006,-6.309597032999932],[106.96105880200014,-6.309592329999873],[106.96104081300018,-6.309576848999939],[106.96102878300007,-6.309556561999955],[106.96102272100006,-6.309533859999931],[106.96102020400014,-6.309500379999918],[106.96101887800006,-6.3094656989998725],[106.96102235200016,-6.309435784999891],[106.96103058000011,-6.309398675999944],[106.96103402200004,-6.309360389999881],[106.96103269600013,-6.30932570899995],[106.96103493900006,-6.309286230999874],[106.96103226000008,-6.3092096939999465],[106.96102867600013,-6.3091778149998845],[106.96102607699999,-6.309154697999929],[106.96102227500006,-6.309097301999884],[106.96102568000009,-6.309049447999939],[106.96103388200004,-6.309005161999892],[106.96104203900006,-6.308948916999952],[106.9610550020002,-6.308899829999973],[106.96107387200016,-6.308831583999904],[106.96109634100014,-6.308766911999896],[106.9611305030001,-6.308632826999883],[106.96116836300007,-6.308528626999816],[106.9612063310002,-6.308453132999944],[106.96124320300004,-6.308403955999893],[106.96124964800015,-6.308396892999838],[106.96125065100011,-6.308395793999921],[106.96125311200007,-6.308393096999964],[106.96125576500003,-6.308390189999898],[106.96127058400009,-6.308373951999897],[106.96133609500009,-6.308311509999953],[106.96139090700018,-6.308264657999928],[106.96143028100005,-6.308245371999931],[106.96146848300003,-6.308232071999953],[106.96150907700019,-6.308218762999843],[106.96155571400004,-6.308223371999873],[106.96160118800009,-6.308236356999942],[106.96164668700004,-6.30825651899994],[106.96168745100005,-6.308288657999924],[106.9617282640001,-6.308333954999966],[106.96177991300004,-6.30839954299995],[106.96183148800014,-6.308445994999886],[106.96191175800004,-6.308493533999922],[106.96197172799998,-6.308547130999898],[106.9620269090002,-6.308598352999979],[106.96215893400006,-6.308740185999909],[106.96218070000009,-6.308760528999926],[106.9622812930001,-6.308854545999964],[106.96232683400007,-6.308885471999929],[106.96240469000014,-6.308927039999901],[106.96257229300005,-6.308993387999976],[106.96266326200004,-6.309025338999959],[106.96278171200004,-6.309053597999821],[106.96291208200017,-6.309073439999963],[106.96299218600006,-6.309076724999954],[106.96304478100006,-6.309076526999945],[106.96311648600005,-6.30907147299996],[106.96318698900012,-6.309065226999962],[106.96323716800009,-6.309057861999975],[106.96327897800018,-6.30905052799983],[106.96332434800019,-6.30903600399995],[106.96336373600008,-6.309020306999969],[106.96347466700013,-6.3089564979999295],[106.9636118000002,-6.308867473999953],[106.9637322750001,-6.308798843999966],[106.96381451600007,-6.308735142999922],[106.96385738700013,-6.308691923999902],[106.9638835720001,-6.308661923999921],[106.96389537700009,-6.308622409999941],[106.96390480900016,-6.308587688999978],[106.96392382200003,-6.308557715999825],[106.96396077000009,-6.308528870999908],[106.96401089000017,-6.308505956999966],[106.96402556800012,-6.308501222999951],[106.96406342300014,-6.308489014999907],[106.96409806600008,-6.308482902999913],[106.96413273200011,-6.308482772999923],[106.96416742400015,-6.3084898179998845],[106.96421172900017,-6.308509983999954],[106.96423694900011,-6.308540986999958],[106.96426822100005,-6.30859229899994],[106.96429954400003,-6.308656767999935],[106.96431655000004,-6.30872846699998],[106.96431907200008,-6.308763141999918],[106.96431923800009,-6.308807395999963],[106.96430983300013,-6.30884929299998],[106.96429566400008,-6.308895992999908],[106.96428031000005,-6.308945087999973],[106.96426614500007,-6.308992982999939],[106.96424604900017,-6.30905286299992],[106.96421891200015,-6.309147451999934],[106.96420355600009,-6.309196547999932],[106.96418823300019,-6.309254016999944],[106.96416929600014,-6.309304321999946],[106.96414440100011,-6.309359433999873],[106.96411590600013,-6.3094109719999665],[106.96408146100003,-6.309469707999938],[106.96405297100017,-6.3095224419998885],[106.96399470000006,-6.309602796999968],[106.96393518000008,-6.309668803999898],[106.96387445400006,-6.309732423999947],[106.96380059000018,-6.309798484999874],[106.96376059900012,-6.309839809999858],[106.96375296000014,-6.309847702999889],[106.96371128000004,-6.30988972199998],[106.96368157600006,-6.309937675999947],[106.96366866400007,-6.309965833999968],[106.96365904900006,-6.309986799999933],[106.96365083800004,-6.310028690999957],[106.96364742300017,-6.310074154999882],[106.96365116300012,-6.310114805999945],[106.96365728800004,-6.3101542519998475],[106.96366940900003,-6.31019846099997],[106.96368987900013,-6.310237852999933],[106.9637271200001,-6.310286750999978],[106.96379665400019,-6.31034031199988],[106.96385295400006,-6.310371195999949],[106.96399418700008,-6.310418504999973],[106.9641209900002,-6.310443144999965],[106.96418794800007,-6.310447675999967],[106.96425844300012,-6.31043903799997],[106.96435521000006,-6.3104231239999535],[106.96441731900012,-6.310409732999915],[106.96446385700006,-6.31038802899991],[106.96449365500001,-6.310365191999892],[106.96451865000006,-6.310336391999897],[106.96455078100013,-6.310297996999907],[106.96459004300004,-6.310248810999951],[106.96463767300003,-6.310199592999936],[106.96465689300004,-6.31018474799987],[106.96469369300007,-6.310156323999934],[106.96476291600004,-6.3101273579999315],[106.96482982000003,-6.31011753699994],[106.96487404800018,-6.310117369999887],[106.96492426700013,-6.310120768999923],[106.9649697320001,-6.310131361999822],[106.96501280000007,-6.310140767999883],[106.96506061100007,-6.31013939099995],[106.96508928200001,-6.310134498999901],[106.9651202890002,-6.310115244999906],[106.96513545900001,-6.310100716999955],[106.9651441110002,-6.310092430999873],[106.96516311500017,-6.310060064999959],[106.96517372500017,-6.31002055599987],[106.96517833000013,-6.309973891999846],[106.96517697700011,-6.30993203599985],[106.96516965600011,-6.309892592999972],[106.96514543700016,-6.309810157999891],[106.96507432100015,-6.309653742999899],[106.9650709730002,-6.309647525999935],[106.96500811100015,-6.309530799999948],[106.96492400300014,-6.309416295999881],[106.9647941020001,-6.309203888999889],[106.96472377000015,-6.309082233999959],[106.96469543800015,-6.309033226999929],[106.9646725680002,-6.308991450999827],[106.96466289699998,-6.308962781999924],[106.96466034800005,-6.3089209299999425],[106.96466139600017,-6.308881455999938],[106.96467076400006,-6.308829990999868],[106.96468255600013,-6.308786888999975],[106.96470152400008,-6.308744955999941],[106.96475137700003,-6.30865147499992],[106.964804759,-6.3085424339998895],[106.96482580100019,-6.3084917729999574],[106.96485451400014,-6.308422639999947],[106.96491419800009,-6.308286600999963],[106.96491495900005,-6.308284866999884],[106.96493977800009,-6.308209421999948],[106.96496446100008,-6.308098095999981],[106.96501874800003,-6.307912503999887],[106.96506716000016,-6.307753246999937],[106.9650709730002,-6.3077426959998775],[106.96513814200017,-6.307556825999939],[106.965201917,-6.307350865999979],[106.9652751000001,-6.307104203999927],[106.96530223700017,-6.307009612999877],[106.9653230610001,-6.306943264999916],[106.96532704200018,-6.306930579999914],[106.9653543020001,-6.306868281999925],[106.9653876180002,-6.306827490999922],[106.96541622600006,-6.30680585399989],[106.96544723700009,-6.306787795999924],[106.96548066200006,-6.3067757109998865],[106.9655045560001,-6.306772031999969],[106.96553444000011,-6.30677191999996],[106.96557627800019,-6.306771761999926],[106.96561097900013,-6.3067811979998964],[106.96566243800004,-6.306796553999959],[106.96569956500014,-6.306815549999897],[106.96573553000019,-6.306842923999966],[106.96576909000015,-6.306866717999981],[106.96582544800003,-6.306913151999822],[106.96586859700011,-6.3069440859998736],[106.9659671080002,-6.306989266999892],[106.96599792200004,-6.307003399999928],[106.96619190700005,-6.307092371999886],[106.96633989600014,-6.307146901999886],[106.96637505300009,-6.307159855999885],[106.96641094600011,-6.307168092999973],[106.9664384530002,-6.307171576999963],[106.96646713700005,-6.30717027299994],[106.96648623600015,-6.307163023999976],[106.96650292200013,-6.307149803999948],[106.96651360200008,-6.307129431999954],[106.96652539799999,-6.307087524999929],[106.96652797200005,-6.307069769999885],[106.96653355300009,-6.307031279999933],[106.96654166000013,-6.306961878999857],[106.9665426790001,-6.306915228999969],[106.96653651700012,-6.306866214999843],[106.96652888900002,-6.30682146099997],[106.96652062600015,-6.30677298299986],[106.96650359400019,-6.306694107999817],[106.96648656600019,-6.306616428999973],[106.96647085500001,-6.306571037999845],[106.96645158000013,-6.3065316409999355],[106.96643232900004,-6.3064982249999275],[106.9664071410001,-6.306475593999949],[106.96637118100011,-6.306449416999897],[106.9663280530001,-6.306424461999882],[106.9662729490002,-6.306393573999969],[106.9661638660001,-6.306312653999953],[106.96604392500006,-6.30620546199998],[106.96595999300001,-6.306137602999968],[106.96595944500018,-6.306137189999902],[106.96589046400004,-6.306085239999959],[106.96584248300007,-6.306041166999876],[106.96580047400005,-6.305995874999951],[106.9657523670001,-6.305918313999939],[106.96574737200012,-6.305909268999869],[106.96569700300012,-6.305818053999872],[106.9656862650001,-6.305794718999891],[106.96565964000013,-6.305736863999925],[106.96564153700018,-6.3056966539999735],[106.96561986000006,-6.305648505999898],[106.96558014800013,-6.305578088999937],[106.96552726000004,-6.305500544999916],[106.96544324200016,-6.305409961999942],[106.96535567500013,-6.30532896099993],[106.96528621400017,-6.305294537999941],[106.96523593700016,-6.305275589999951],[106.9651856910001,-6.305265014999975],[106.96515461600012,-6.305266328999892],[106.96510085800008,-6.305274903999873],[106.965049497,-6.3052858619998915],[106.96503921900006,-6.30528961899995],[106.965006523,-6.3053015729999515],[106.96494564600005,-6.305324526999925],[106.96485020700004,-6.3053751209999405],[106.964803706,-6.305406393999931],[106.96475716300017,-6.305426901999965],[106.96470343100015,-6.305442651999897],[106.96465204900016,-6.30544762999989],[106.96461498400004,-6.3054453789998774],[106.96457909100019,-6.305437141999903],[106.96455034500013,-6.305421700999943],[106.96452157500005,-6.305400280999947],[106.96449755499998,-6.30537047099989],[106.96446619600016,-6.305296433999899],[106.9644505130002,-6.305258218999938],[106.96443593000015,-6.305194882999956],[106.96443221800018,-6.305161407999833],[106.96443803300008,-6.305118326999889],[106.96445582800004,-6.305082378999941],[106.96447126800007,-6.3050560079998945],[106.9645010530001,-6.30502958299985],[106.96453685900008,-6.305015093999884],[106.96458822000011,-6.305004136999969],[106.9645910500002,-6.30500391399994],[106.96468382000006,-6.304996599999981],[106.96473761600004,-6.304997592999939],[106.96481410900009,-6.304994912999973],[106.96484624400017,-6.304992618999961],[106.96490254300011,-6.304988599999831],[106.96495632000006,-6.304984808999961],[106.96507460600003,-6.304970009999977],[106.96519845600017,-6.304943306999974],[106.9651988230001,-6.3049432279999],[106.96530156600016,-6.304927292999821],[106.96540075700011,-6.304920937999896],[106.96549399000014,-6.304919390999942],[106.96558725,-6.304925018999882],[106.96572354700004,-6.3049316819999035],[106.96590163200011,-6.304925029999879],[106.9660307260001,-6.304923345999953],[106.96616462800017,-6.304928821999965],[106.96626030100003,-6.3049404209999125],[106.9663440610002,-6.3049628299999085],[106.96641227700013,-6.304984101999878],[106.96645179600011,-6.3050030889999675],[106.9664805880002,-6.305030489999922],[106.96657686300011,-6.305154744999811],[106.9666007100002,-6.305185522999977],[106.96664028700019,-6.305220058999964],[106.96666305700012,-6.3052355219999185],[106.96669416300006,-6.305242580999959],[106.96672287000018,-6.305247256999905],[106.96675394900018,-6.305247139999892],[106.96678622400009,-6.305247017999875],[106.96681847600013,-6.305240914999899],[106.96685906800008,-6.30522760599996],[106.96688650200002,-6.305211952999912],[106.96693656299999,-6.305173490999948],[106.96700686700012,-6.305114618999937],[106.96704855600012,-6.305074992999948],[106.96705921000012,-6.305047442999978],[106.96706624300009,-6.305010338999921],[106.96706847200016,-6.3049672729999315],[106.96705731600014,-6.304862062999916],[106.96705233600011,-6.3048094549999405],[106.96704018000014,-6.304755679999914],[106.96702689100005,-6.304718651999963],[106.9670064170001,-6.304678062999869],[106.96697880700015,-6.304647069999817],[106.96694285600012,-6.304623284999877],[106.96690693300008,-6.304606675999935],[106.96683873900008,-6.304591384999981],[106.96678010400012,-6.304574860999878],[106.9667071250002,-6.304558391999933],[106.966655409,-6.304547980999871],[106.96661381500013,-6.3045396079999705],[106.96646543400004,-6.304498304999925],[106.96634694600016,-6.304459282999915],[106.9662775390002,-6.304439210999931],[106.96620688100006,-6.3044047929999465],[106.96616135500017,-6.304377454999894],[106.96613738000008,-6.304359604999945],[106.96611337000019,-6.304332185999954],[106.96610132600011,-6.304308310999943],[106.96609286400013,-6.304283225999825],[106.96608670700004,-6.3042354059998615],[106.96608654500005,-6.304192349999937],[106.96609112000016,-6.304137313999831],[106.96610164300006,-6.304075079999905],[106.96612047600007,-6.3039972659999535],[106.96614052600012,-6.303925426999967],[106.96616698300011,-6.303846003999979],[106.9661724400001,-6.303829622999956],[106.96625651300008,-6.303617604999886],[106.96629078600012,-6.3035134189998985],[106.966320371,-6.303434368999945],[106.96632067900003,-6.30343355499997],[106.96633996000014,-6.303382564999822],[106.9663549190002,-6.30335523899987],[106.96638269300018,-6.303302746999975],[106.96639907500014,-6.30327254499997],[106.96641404400003,-6.303248088999965],[106.96643691100007,-6.303225756999893],[106.96647480899998,-6.303195473999949],[106.96652275500008,-6.303166587999954],[106.9665714140001,-6.30313697999992],[106.96664941100005,-6.303089322999881],[106.96668519300016,-6.303068376999931],[106.96671240600006,-6.303057509999917],[106.96673532700004,-6.303049529999953],[106.96675681600016,-6.303042271999971],[106.96677616200014,-6.303037175999918],[106.96679551600016,-6.303034231999959],[106.9668191830001,-6.303034142999934],[106.9668356900001,-6.3030369509999105],[106.96685578600017,-6.303040462999945],[106.96687590600004,-6.3030504339999425],[106.96689317800008,-6.3030661569999324],[106.96691764400015,-6.30308759299993],[106.96696636100017,-6.303136686999892],[106.967081474,-6.303231936999964],[106.96716397400007,-6.303300516999968],[106.96724071400007,-6.303363379999894],[106.96729825000017,-6.3034052639999345],[106.96735770500004,-6.303449053999884],[106.9674171960001,-6.303502411999943],[106.96743645900017,-6.303538698999944],[106.96745188200009,-6.303571173999956],[106.9674520330002,-6.303611360999923],[106.96745029400017,-6.3036572959998125],[106.96744471500011,-6.303699416999905],[106.96743347800003,-6.303762610999911],[106.96741088099998,-6.3038564659999565],[106.9674046080001,-6.303890925999951],[106.96739589000009,-6.3039388109999095],[106.96737703800011,-6.304011601999889],[106.96737350200004,-6.304088161999914],[106.96737756599998,-6.304151297999908],[106.967385385,-6.3041962399998965],[106.96739412200014,-6.30423065399998],[106.96740763999998,-6.30426504899998],[106.96742789400008,-6.304310900999894],[106.967451971,-6.30435578099997],[106.96748082800019,-6.304400642999951],[106.96750870900013,-6.304439768999885],[106.96753562500004,-6.304476983999962],[106.96757307900009,-6.304518943999938],[106.96760573700016,-6.304557093999904],[106.96763744900011,-6.304598117999944],[106.9676671690001,-6.304618099999971],[106.96769303600018,-6.304630439999926],[106.96772367700015,-6.304640849999942],[106.96775621100016,-6.30464646799993],[106.96779545200013,-6.3046549319999485],[106.96783946900013,-6.304662420999932],[106.96789401400008,-6.30467178299989],[106.96795717100008,-6.304683025999964],[106.96799640400002,-6.304689575999873],[106.96802702700018,-6.304695201999891],[106.96805668500014,-6.304698916999939],[106.9680777750001,-6.304712232999975],[106.96811038900017,-6.304738900999951],[106.96815065800018,-6.304766497999935],[106.9682138730002,-6.304793049999887],[106.96829619300007,-6.304813789999912],[106.96839192800007,-6.304842133999955],[106.96847533300013,-6.304865376999942],[106.96848000100016,-6.304866677999939],[106.9685795910001,-6.304902662999893],[106.96873471000004,-6.304955658999859],[106.96883620600005,-6.3049897219999025],[106.96893580300008,-6.305027619999862],[106.96903927700009,-6.30507889799992],[106.96910640400006,-6.305128399999944],[106.96917545800005,-6.305181721999929],[106.96924261500004,-6.305238878999944],[106.96932129700014,-6.305309386999909],[106.96936660700015,-6.305360963999931],[106.9694000510001,-6.305399032999958],[106.96953828300019,-6.305538208999906],[106.96963226600002,-6.305608658999972],[106.96969354000015,-6.305627563999963],[106.96976053000014,-6.305640706999952],[106.96982551400004,-6.305647799999917],[106.96987517300016,-6.305650532999891],[106.96989055500018,-6.305651379999972],[106.9699164290002,-6.305649496999877],[106.96994600500017,-6.305647343999965],[106.97000525100009,-6.305635637999899],[106.97001831400019,-6.305632881999941],[106.97006067300003,-6.305623945999912],[106.97012753900009,-6.305604556999981],[106.97020201400011,-6.305573656999911],[106.97028408000017,-6.305527417999826],[106.97036035900015,-6.305467805999967],[106.97042892900015,-6.305392912999878],[106.9704362350002,-6.305376667999951],[106.9704573780001,-6.305329653999877],[106.97045885500012,-6.30532342999993],[106.97047055700006,-6.305274107999935],[106.97047220200005,-6.305203295999831],[106.97046429200014,-6.305134432999978],[106.97044863700017,-6.305040722999877],[106.97043301200006,-6.304954665999958],[106.9704295370002,-6.304940495999915],[106.97041941500004,-6.304899220999971],[106.97039821000016,-6.304855286999896],[106.97036931899999,-6.304801812999926],[106.97032109600019,-6.30472819299996],[106.97031930300011,-6.304725454999925],[106.97025047400001,-6.304637596999896],[106.97022513300016,-6.304605249999895],[106.97015213800006,-6.304521323999893],[106.9700465800002,-6.304424125999844],[106.9699142950002,-6.304340423999918],[106.9697789120001,-6.304287178999971],[106.96976489200017,-6.304281664999962],[106.96965384100014,-6.304249551999874],[106.96944712599998,-6.304208230999905],[106.96936865300017,-6.304193218999899],[106.96929781700015,-6.304174348999936],[106.96924228699999,-6.304157336999879],[106.96918862000012,-6.30412692099992],[106.96913107700004,-6.304083123999874],[106.96911975700016,-6.304070415999888],[106.96908690100014,-6.304033533999927],[106.96906371200009,-6.303970470999957],[106.96905204200016,-6.303918845999874],[106.96905181800014,-6.303859521999925],[106.96905213500008,-6.303855359999943],[106.96905546200009,-6.303811666999877],[106.96907392100013,-6.303777053999966],[106.96908205000017,-6.303761810999845],[106.96912009900001,-6.303708084999926],[106.96921735100005,-6.30363116999996],[106.96924370100015,-6.303613179999957],[106.96938681500006,-6.303515468999876],[106.969501036,-6.303373904999887],[106.96955563900019,-6.303272034999907],[106.96957691900019,-6.303209759999902],[106.96959455700005,-6.303131949999965],[106.96959436700018,-6.303081716999884],[106.96958217000014,-6.303017176999958],[106.96956650900017,-6.302984941999966],[106.96953770300013,-6.302953953999975],[106.96949095800005,-6.302920640999957],[106.96949030100012,-6.302920413999971],[106.969443082,-6.302904076999937],[106.96938686800019,-6.3028959179998765],[106.96931634300012,-6.302896182999973],[106.96926138000009,-6.302902370999959],[106.96918973999999,-6.302924170999972],[106.96913363600015,-6.30294471499991],[106.9690751670002,-6.302972445999899],[106.96901790900012,-6.303003758999921],[106.96898802700014,-6.3030230029999075],[106.96896186300006,-6.30303985199987],[106.9688891670001,-6.303098732999956],[106.96885312600006,-6.303136284999937],[106.96879192900008,-6.303200046999905],[106.96872047500017,-6.303271122999945],[106.96862509300013,-6.303336547999834],[106.96853726100011,-6.303385922999894],[106.96846572900006,-6.303426134999938],[106.96844385100019,-6.303379048999886],[106.96843777000015,-6.303365959999951],[106.96841298400005,-6.303318849999869],[106.9683725610002,-6.303250109999965],[106.9683589930001,-6.303202318999979],[106.96835304600006,-6.303146844999958],[106.96835858100007,-6.303093240999942],[106.968371752,-6.303035780999892],[106.96837768100005,-6.303024180999898],[106.96840213000002,-6.302976341999965],[106.96845929700004,-6.30292062999996],[106.96853726100011,-6.302873173999956],[106.96857951300007,-6.302847455999938],[106.9687551940001,-6.302774073999899],[106.96883592300014,-6.302741987999923],[106.96899266800006,-6.302679689999934],[106.96902255400005,-6.302667811999925],[106.9692093050001,-6.30260278999998],[106.96926704300012,-6.30258268699987],[106.96946566700018,-6.30250730299997],[106.96955158700018,-6.302468704999967],[106.96964522300016,-6.302447299999869],[106.9697847590001,-6.302425722999942],[106.9699929960002,-6.302363699999887],[106.97018407800005,-6.302317048999953],[106.97031979000008,-6.3022954859999345],[106.97047460499999,-6.302268108999954],[106.97057780900019,-6.302248582999937],[106.97064178300019,-6.302245291999952],[106.97065812300008,-6.302244450999979],[106.97074998200014,-6.302259412999945],[106.97085534600018,-6.3023049439999],[106.97093019600015,-6.302373552999825],[106.97098599200012,-6.302461370999879],[106.971016846,-6.302528232999919],[106.97103430300012,-6.302593231999879],[106.97103350900005,-6.30260278999998],[106.97103064400011,-6.302637260999973],[106.97102701500006,-6.302688943999897],[106.97100302100006,-6.302741988999912],[106.97099666700007,-6.302756035999948],[106.97096623300018,-6.30280016599994],[106.97092621400014,-6.302838590999841],[106.97086901000006,-6.302884734999907],[106.97081943600006,-6.302925109999876],[106.97077561400016,-6.302969289999908],[106.97074136100008,-6.303015347999974],[106.97071476500014,-6.303063289999955],[106.97069968200009,-6.303120756999931],[106.97067505700005,-6.303184000999977],[106.97063530500014,-6.303293230999884],[106.97058789000005,-6.303389018999894],[106.97058405700017,-6.30339676299991],[106.97049870000012,-6.3035846259999175],[106.97045132000011,-6.303699625999855],[106.97042541300004,-6.303777053999966],[106.97041349500012,-6.303812674999961],[106.97040611900019,-6.30388542299994],[106.97040631500005,-6.303937090999966],[106.97041233400012,-6.304011701999912],[106.97043357400008,-6.304065204999972],[106.97048160500003,-6.304122432999918],[106.97053007200009,-6.304173234999951],[106.97055073200016,-6.304194890999952],[106.97060596400013,-6.304237642999965],[106.97066390500004,-6.304282491999913],[106.97080565700003,-6.304341280999893],[106.97087228600014,-6.304359848999923],[106.97089372900007,-6.30436582499982],[106.97098368400015,-6.304382707999878],[106.97105639099999,-6.30439008899998],[106.97113863100009,-6.304389776999926],[106.97124376300007,-6.304374069999881],[106.97136991200011,-6.304352542999936],[106.9715591100001,-6.304313552999929],[106.97178461800013,-6.304266771999949],[106.97183400400013,-6.304255360999889],[106.97202281500006,-6.3042117359999565],[106.9720260000002,-6.3042109999999525],[106.9720288960001,-6.304246694999904],[106.97203260400005,-6.304292390999933],[106.97204115900013,-6.304397821999885],[106.97204905100006,-6.304495086999964],[106.97209889700014,-6.304730027999938],[106.97214641500011,-6.304953999999896],[106.97215689900014,-6.304997717999981],[106.97224843400016,-6.30537940499994],[106.97228619000009,-6.305557366999892],[106.97231296400014,-6.305683561999956],[106.97232145600015,-6.305723589999957],[106.97234065200013,-6.305826999999908],[106.97235499900017,-6.305904291999923],[106.97237026500017,-6.3059865349998745],[106.97237290300006,-6.306000660999814],[106.97239463000017,-6.306117014999927],[106.97244346900004,-6.306378559999928],[106.97250234800003,-6.306775424999955],[106.97253324400009,-6.306996464999941],[106.97258589300009,-6.307373130999963],[106.97262954700017,-6.307795963999922],[106.97268019600017,-6.308286551999856],[106.9726978590001,-6.308468457999879],[106.97274985000007,-6.309003914999948],[106.9727850000001,-6.309671999999978],[106.972801,-6.310099999999977],[106.97280138800005,-6.310163048999868],[106.972803,-6.310424999999952],[106.97281800000019,-6.310630999999944],[106.97286300000019,-6.310867998999925],[106.97286686700005,-6.31087605599987],[106.97293889700018,-6.311026118999962],[106.97298300000017,-6.311117999999908],[106.97328000000005,-6.311603999999875],[106.97345623500013,-6.311801025999955],[106.973636,-6.31200199999995],[106.97393142900006,-6.312251516999936],[106.97393200000016,-6.312251999999944],[106.97431700000004,-6.31239799899987],[106.9747009990001,-6.312499999999943],[106.97529235000013,-6.312656292999918],[106.9755682230001,-6.3127292049999255],[106.97585500000014,-6.312804999999969],[106.97681309300009,-6.3130462189999434],[106.97712600100004,-6.313124999999957],[106.97758999000013,-6.313228220999974],[106.97804300000013,-6.3133289999998965],[106.97879097900011,-6.313465194999878],[106.9796911270002,-6.313787094999952],[106.98013194700007,-6.314029409999932],[106.98052900000016,-6.314367999999888],[106.98071158400012,-6.31456204899996],[106.98073600000004,-6.3145879989999685],[106.98087610900018,-6.314825532999976],[106.98094870400007,-6.315054895999879],[106.98092081600004,-6.315265504999957],[106.98073986600019,-6.315462343999911],[106.98045840200018,-6.31563644299996],[106.98031200000014,-6.315726999999981],[106.97979412000007,-6.3160700949999296],[106.97975200000013,-6.316097999999954],[106.97926600000011,-6.316365999999903],[106.978838,-6.316632998999978],[106.97865102999998,-6.316762806999975],[106.9783670000001,-6.316959999999938],[106.97797367400011,-6.3172994529999755],[106.97754200000008,-6.317671999999959],[106.97699800100008,-6.318131998999945],[106.97692401800009,-6.318212250999977],[106.97690814400005,-6.318229469999892],[106.97682100000009,-6.318323999999905],[106.97670463800006,-6.318480912999917],[106.97668900000019,-6.318501999999967],[106.97661673200008,-6.318607665999934],[106.97655700000013,-6.3186950009999805],[106.97650074400008,-6.318783479999979],[106.97646959700006,-6.318832467999869],[106.9764540000001,-6.31885699999998],[106.97644883300012,-6.318868537999947],[106.97641217300014,-6.318950393999955],[106.97638100000012,-6.319019999999966],[106.97633700000006,-6.319182999999953],[106.97632990200015,-6.319272739999974],[106.9763230000001,-6.319359999999904],[106.9763616780001,-6.319483745999946],[106.97638992800017,-6.319574130999968],[106.97652006500016,-6.31984633299993],[106.97667409000002,-6.320113660999937],[106.97695325300015,-6.320595799999921],[106.97719827300017,-6.320901054999979],[106.9772856130001,-6.321235614999921],[106.9773202830001,-6.321551236999937],[106.97728833900015,-6.321953228999973],[106.9771620140001,-6.322516936999932],[106.97716200700017,-6.322516968999935],[106.97716200000008,-6.322516999999834],[106.97715565500016,-6.322537373999921],[106.97703616400014,-6.322921080999947],[106.9768056040001,-6.323265924999873],[106.97667777400017,-6.3236013029999185],[106.97666564400004,-6.323933380999961],[106.9766650000002,-6.323950999999909],[106.97675224300019,-6.324323429999879],[106.97690661600006,-6.32468165399996],[106.9770709710001,-6.3251498769998875],[106.97708510700005,-6.325187276999884],[106.97726417900009,-6.325661046999926],[106.97730825000008,-6.325933576999887],[106.97729003300009,-6.3261728539998785],[106.97727670700004,-6.326440817999924],[106.97720800000013,-6.32691699999998],[106.97716314200017,-6.327323870999919],[106.97715100000005,-6.327433998999879],[106.97713734000018,-6.32756149599993],[106.97709400000014,-6.327965999999947],[106.97706600000015,-6.3283939989999],[106.97706620500009,-6.328431887999955],[106.97706800000014,-6.328763999999978],[106.9770638450002,-6.328855311999973],[106.9770418830002,-6.329337943999917],[106.97702700000008,-6.329664999999977],[106.97701644900019,-6.3299099199999205],[106.97701574400008,-6.32992629599994],[106.97701300000017,-6.329990000999885],[106.97709062900014,-6.330468072999906],[106.97710100100011,-6.330531945999951],[106.9771791440001,-6.330962223999961],[106.9771181120002,-6.331259073999888],[106.97702335400015,-6.331489073999933],[106.97688061500014,-6.331676199999947],[106.97671365900004,-6.331782087999841],[106.97640805400005,-6.33189328799989],[106.97575773400007,-6.331890979999969],[106.97535127800018,-6.3318877419998785],[106.97517895700003,-6.331840555999975],[106.97510206900006,-6.331740380999918],[106.97506900000008,-6.331606999999906],[106.97505400000011,-6.331473999999844],[106.9750540600001,-6.331473629999891],[106.97508300000004,-6.331295999999952],[106.97508793000009,-6.3312336699999605],[106.97509700000012,-6.331118999999944],[106.97509696200012,-6.3311148969999635],[106.97509346800018,-6.330735738999863],[106.97499678200018,-6.330458624999949],[106.97495813600017,-6.33039754899994],[106.97484630700006,-6.3302208149999615],[106.9746243080001,-6.3301178149998805],[106.97436899000007,-6.330092631999946],[106.9740943000001,-6.330133216999911],[106.97408899999999,-6.330133999999816],[106.97374900000011,-6.330222999999876],[106.97362238600016,-6.330304282999975],[106.97342500000013,-6.330430999999976],[106.97340325400012,-6.330452909999906],[106.97338588600013,-6.330470408999929],[106.973206592,-6.330651055999965],[106.97316000000006,-6.330697998999938],[106.9731207750001,-6.330755561999979],[106.97304309300006,-6.3308695589998365],[106.97283704200015,-6.331171937999898],[106.97283702100009,-6.331171968999968],[106.97283700000014,-6.331171999999981],[106.97258699900016,-6.331585999999959],[106.97248500000018,-6.331925999999953],[106.97244279100016,-6.332363647999898],[106.97243476200009,-6.33244689199995],[106.9724280000001,-6.332516999999882],[106.97243732700002,-6.332655158999955],[106.97244367300004,-6.332749158999832],[106.97244400000017,-6.332753999999966],[106.9724747410001,-6.332814890999941],[106.9724928350002,-6.332850730999951],[106.97254800000007,-6.332959999999957],[106.97264041800008,-6.332991905999847],[106.97280000000012,-6.333046999999965],[106.97280118900011,-6.333046941999953],[106.97282558600011,-6.3330457619999265],[106.97295374000004,-6.333039560999964],[106.97311000000019,-6.333031999999946],[106.97365600000006,-6.332955999999967],[106.9739524260001,-6.332917589999909],[106.97401100000013,-6.33290999999997],[106.97401128200016,-6.3329100769998945],[106.97402924700015,-6.332914955999968],[106.97417300000006,-6.332953999999972],[106.97443992699999,-6.333070966999969],[106.97443996400011,-6.3330709829999705],[106.97444000000013,-6.333070998999972],[106.97463200100009,-6.333231999999896],[106.97463222900012,-6.333232376999945],[106.97466826400017,-6.333291806999966],[106.9747660000001,-6.333452999999963],[106.97499000000016,-6.33398399999993],[106.97510649399999,-6.33423840599994],[106.97514656900006,-6.334325924999973],[106.97521300000011,-6.334470999999837],[106.97523007400008,-6.334503168999902],[106.97531302000004,-6.334659451999869],[106.97537699999998,-6.33477999999991],[106.97541450699998,-6.334898020999901],[106.97545200000019,-6.335015999999882],[106.97546700000015,-6.335207999999966],[106.97544381600005,-6.335278081999888],[106.9754230010002,-6.335340999999971],[106.97535885000008,-6.335405877999904],[106.97533500000009,-6.335429998999871],[106.97529839200007,-6.335443262999888],[106.97525984300017,-6.3354572299999745],[106.97519408000016,-6.335481056999981],[106.97513178300005,-6.335503628999902],[106.97512799999998,-6.335504999999955],[106.97484800000012,-6.335549999999955],[106.97462700000011,-6.335609999999917],[106.97461769900013,-6.335613998999975],[106.97442000000007,-6.33569899999992],[106.97435186000007,-6.335744942999895],[106.97428800000012,-6.3357879999999795],[106.974287667,-6.335788334999961],[106.97426165899998,-6.335814563999975],[106.9742359120001,-6.335840528999881],[106.97417000000013,-6.335906999999963],[106.97415500000017,-6.335965999999871],[106.97413025300017,-6.336040804999868],[106.97411100000005,-6.3360989999998765],[106.97411200000016,-6.336275999999941],[106.97411239500008,-6.336351771999944],[106.97411300000005,-6.336467999999968],[106.97411300000005,-6.3365109979999374],[106.97411300000005,-6.336615999999935],[106.97410333400012,-6.336639569999932],[106.97410025400006,-6.336647078999931],[106.97404000000006,-6.336793999999941],[106.97387900100011,-6.337044999999932],[106.97345300000018,-6.337651999999935],[106.97326749100017,-6.337848772999962],[106.97317300000009,-6.337948999999924],[106.9731317290001,-6.338012943999956],[106.97301100000016,-6.338199999999972],[106.97284772800015,-6.3385862569999745],[106.97283600100019,-6.33861399999995],[106.97282269300013,-6.338681141999928],[106.9727920000002,-6.338836000999947],[106.97276511600006,-6.338992926999879],[106.97274900000019,-6.3390869999999495],[106.97273953400008,-6.339266857999974],[106.97273500000006,-6.339352999999903],[106.97273600000017,-6.339633999999876],[106.97278200000005,-6.339884999999981],[106.97284100000013,-6.340075999999954],[106.97288055200005,-6.34011555099994],[106.97291500000006,-6.340149999999937],[106.97298813200007,-6.3401948629998515],[106.9730340000001,-6.34022299999998],[106.97315200000014,-6.340251998999975],[106.9731520590002,-6.34025197699998],[106.97315211700004,-6.3402519549998715],[106.97386000000006,-6.339983999999902],[106.97418763700011,-6.339815013999953],[106.9744940000001,-6.3396569999999315],[106.97450212000007,-6.339653489999932],[106.97463848900009,-6.339594542999919],[106.974804,-6.339522998999939],[106.97496600000011,-6.3394629999999665],[106.97496664700009,-6.339462915999945],[106.97508872400016,-6.33944709799988],[106.97521401,-6.339430863999951],[106.97532100000018,-6.339416999999969],[106.97557200000017,-6.339415998999868],[106.97566282500014,-6.339430879999952],[106.97574900000006,-6.339444999999955],[106.97583964000012,-6.33952345299997],[106.9758680000001,-6.339547999999979],[106.97591419200006,-6.3396491229999015],[106.9759420000002,-6.339709999999968],[106.97601699900014,-6.339989999999943],[106.9760030000001,-6.340285999999935],[106.97594890000005,-6.340659626999923],[106.9757637260002,-6.341004791999978],[106.97558271300005,-6.341187279999872],[106.97525400000012,-6.341395999999918],[106.97515426800004,-6.341453611999896],[106.97504800000013,-6.341514999999902],[106.97476800000004,-6.341604999999902],[106.97457461700014,-6.341654072999972],[106.97423600000008,-6.341739999999959],[106.97404149500011,-6.3418027269999016],[106.9738670000001,-6.341858999999943],[106.97370070900013,-6.341908886999931],[106.97361700000005,-6.341933999999867],[106.97354650700015,-6.341963471999975],[106.97344000000015,-6.342007999999964],[106.97341512700012,-6.342026970999939],[106.97338347300018,-6.342051113999958],[106.97332200000017,-6.342097999999908],[106.97316000000006,-6.342201999999929],[106.97310596500012,-6.342236354999898],[106.9730339300001,-6.342282154999964],[106.97299799900009,-6.342304999999897],[106.97294509800003,-6.3423523329998375],[106.97286500000018,-6.34242399999988],[106.97279302200008,-6.342516942999964],[106.97276200000016,-6.342556999999886],[106.9726845730001,-6.342601726999931],[106.97255599900012,-6.342675999999869],[106.97248961600019,-6.342693717999907],[106.97245568700015,-6.342702773999974],[106.97244071600005,-6.34270676999995],[106.9722750000002,-6.342750999999964],[106.97217772800013,-6.3427693129999625],[106.97204762300015,-6.3427938079999535],[106.97203597200013,-6.342796001999943],[106.97195337400007,-6.3428115529998195],[106.97195100000005,-6.342811999999924],[106.97181859700004,-6.342853340999966],[106.97171400000013,-6.342885999999851],[106.97147866500012,-6.3429458299999055],[106.97147800000016,-6.342945998999937],[106.97122700000017,-6.342961999999943],[106.97096100000005,-6.342918999999938],[106.97086724000008,-6.342889997999919],[106.97072500000002,-6.3428459989999055],[106.97048800000016,-6.342698999999925],[106.9704250740001,-6.342636460999813],[106.97032500000017,-6.342536999999936],[106.9702320940001,-6.342394174999924],[106.9702319770002,-6.342393994999895],[106.97019100000006,-6.342330999999945],[106.97013730700019,-6.342255588999933],[106.97002761400006,-6.342101525999965],[106.9700229710001,-6.34209500399993],[106.97001300000011,-6.342080999999951],[106.97000557100012,-6.34207298199982],[106.96996459800016,-6.342028760999881],[106.96984900000001,-6.341903999999943],[106.96967200100005,-6.341786999999954],[106.9692876590002,-6.34161034199991],[106.96925102000012,-6.34159350199991],[106.96914742100017,-6.34154588399997],[106.96914474800019,-6.341544654999893],[106.96906500000017,-6.341507999999976],[106.96893857700013,-6.3414912029999755],[106.9689210790001,-6.341488877999893],[106.96890665500013,-6.34148696099993],[106.96869717200013,-6.34145912799994],[106.968636,-6.3414509999999495],[106.96823480100016,-6.34146654299991],[106.96822300000014,-6.341466999999966],[106.9681943760001,-6.34147034699987],[106.96789791100014,-6.341505009999878],[106.96757300000019,-6.341542999999945],[106.96755142900008,-6.341544229999954],[106.96751039100008,-6.341546570999981],[106.96739822400014,-6.341552968999963],[106.96725851000008,-6.341560938999976],[106.96701199900002,-6.34157500099991],[106.96693916600015,-6.34159087199987],[106.96686784200011,-6.341606414999944],[106.96674540499998,-6.3416330949999065],[106.9667403250001,-6.341634201999909],[106.96669921900008,-6.341643159999933],[106.96668660600005,-6.341645908999908],[106.96666381400007,-6.34165087599996],[106.96664866200007,-6.341654177999885],[106.96663798600008,-6.3416565039999],[106.96659900000009,-6.341664999999978],[106.9665331130002,-6.341698105999967],[106.96651580800011,-6.341706800999873],[106.9664708360001,-6.3417293979998135],[106.9663988380002,-6.3417655739999645],[106.96639600000015,-6.341766999999891],[106.96639500000003,-6.341767999999888],[106.96639200000016,-6.341768999999886],[106.96639031200004,-6.341771567999899],[106.96632937500004,-6.341864274999978],[106.96630251500011,-6.3419051399999375],[106.96627500000005,-6.341946999999948],[106.96622727900012,-6.3420489139999745],[106.96620733800017,-6.342091498999935],[106.96619274900013,-6.342122654999912],[106.96619208700008,-6.3421240679999755],[106.96616201300003,-6.342188293999925],[106.96615700000007,-6.342198999999937],[106.9661741000001,-6.3423209069998165],[106.96618800000016,-6.342419999999947],[106.9661928660002,-6.342429676999927],[106.9661967670001,-6.342437434999965],[106.9662272970001,-6.3424981529998945],[106.96624906200009,-6.342541437999955],[106.96626059400012,-6.342564372999959],[106.96627700000005,-6.342596999999898],[106.96652800000004,-6.342654999999922],[106.96673420100012,-6.342670409999869],[106.96708697300005,-6.342696773999933],[106.96708999999998,-6.34269699999993],[106.96745900000019,-6.342724998999927],[106.96753312400006,-6.3427372599999785],[106.96772500000014,-6.342768999999919],[106.96776231000001,-6.3427889139998115],[106.9678283840002,-6.342824180999969],[106.96788800000013,-6.3428559999999266],[106.96788974700019,-6.342857735999928],[106.96805100000012,-6.3430179999999154],[106.96809679300009,-6.343189571999915],[106.9681260000001,-6.343298999999831],[106.96818700000017,-6.343578999999977],[106.96821699999998,-6.343918999999971],[106.96822332500005,-6.344072649999873],[106.96823400000017,-6.344331999999952],[106.96825191400006,-6.3443935039999815],[106.96829400000013,-6.344537999999943],[106.96831110300008,-6.344584709999879],[106.9683514690002,-6.34469495299993],[106.96841300000006,-6.344862999999918],[106.96843350900008,-6.344939567999859],[106.96847990300017,-6.345112771999879],[106.96848800000004,-6.345142998999904],[106.9685636480001,-6.34523644699982],[106.96860700000013,-6.345289999999977],[106.968656323,-6.34535563999998],[106.96870827400016,-6.345424777999938],[106.96874000000008,-6.345466999999871],[106.96897060300012,-6.345631717999936],[106.96899102000009,-6.345646300999874],[106.9691808870001,-6.345781919999922],[106.96918109600017,-6.345782068999938],[106.96937700000007,-6.345921999999973],[106.96956601100015,-6.346062597999946],[106.96958057,-6.346073427999954],[106.96969136700005,-6.346155845999931],[106.96991521300009,-6.346322357999952],[106.97002900000018,-6.346406999999942],[106.97025314500019,-6.346485272999928],[106.97028100000006,-6.346494999999948],[106.97065528100006,-6.34653396899995],[106.97069400000015,-6.346537999999953],[106.9707524690001,-6.346540966999839],[106.97093810500019,-6.346550388999901],[106.97115558300004,-6.346561425999937],[106.97122599900018,-6.346564999999941],[106.97122800500017,-6.346564849999936],[106.97122871000016,-6.346564796999928],[106.97122998900016,-6.34656470099992],[106.97123384800005,-6.346564411999907],[106.97124622100006,-6.346563485999923],[106.97125617700004,-6.346562739999968],[106.97127554300005,-6.346561289999897],[106.97128658900004,-6.346560462999946],[106.97131690600014,-6.3465581929999075],[106.97136290400005,-6.346554748999893],[106.97148144300019,-6.346545872999968],[106.97150002900014,-6.346544480999967],[106.9716400000001,-6.346533999999963],[106.97197733600007,-6.346508678999896],[106.97205300000013,-6.3465029999998706],[106.97224384200013,-6.346502139999927],[106.9722750000002,-6.346501999999816],[106.97236898300008,-6.34652833399997],[106.97239799900018,-6.346536463999826],[106.97248200000013,-6.346559999999897],[106.97251473000017,-6.3465827789999025],[106.97255263300019,-6.346609156999875],[106.9726300000001,-6.346662999999978],[106.97263001400012,-6.346663049999904],[106.97263002699998,-6.346663098999898],[106.97265326600007,-6.346746757999881],[106.9726738810001,-6.346820970999829],[106.9726750000001,-6.346824998999978],[106.97266390200008,-6.346893118999844],[106.97265896800019,-6.346923402999948],[106.97264603200017,-6.347002808999946],[106.97264601600017,-6.347002904999954],[106.9726460010001,-6.347002999999972],[106.97249396200004,-6.347318560999952],[106.972491768,-6.34732311599987],[106.9724723110001,-6.3473634989999255],[106.97239725500009,-6.347519279999972],[106.97239320700015,-6.3475276819999635],[106.97237844300014,-6.347558324999909],[106.97236800000007,-6.347579999999937],[106.97224360299998,-6.347704818999944],[106.97220439000006,-6.347744164999938],[106.97217077200008,-6.347777896999958],[106.9720730000002,-6.347875999999815],[106.97197733600007,-6.347940394999966],[106.9718475090001,-6.348027786999921],[106.9718302230001,-6.348039422999932],[106.97176400000001,-6.348083999999972],[106.97160029200018,-6.348177998999915],[106.97145399900006,-6.348261998999931],[106.9712699820002,-6.348324327999933],[106.97124569400012,-6.348332554999843],[106.97119364300016,-6.348350184999958],[106.97114400000004,-6.348366999999939],[106.97100200000006,-6.348408999999947],[106.9707870000002,-6.3484719999999015],[106.97077547500004,-6.3484759069999654],[106.97061344900015,-6.348530839999967],[106.97055574400008,-6.348550403999923],[106.97053909300018,-6.348556048999967],[106.97051135800012,-6.348565451999946],[106.9705108920001,-6.348565609999923],[106.97046116100012,-6.348582469999826],[106.97045181600015,-6.3485856379999746],[106.97045176800015,-6.348585653999976],[106.97044911500001,-6.348586553999894],[106.97044638000006,-6.348587480999981],[106.97044407600004,-6.348588261999964],[106.97044392300012,-6.348588313999926],[106.9704424210002,-6.348588822999886],[106.97043600000012,-6.348590999999885],[106.97043487200017,-6.348591631999966],[106.97042892100012,-6.3485949659999505],[106.97033822500009,-6.3486457839999275],[106.97033669000007,-6.348646643999871],[106.97031402000016,-6.348659345999977],[106.97028832600012,-6.348673741999903],[106.97023971000004,-6.3487009819999685],[106.97015831800002,-6.348746585999891],[106.97013008700009,-6.348762403999956],[106.9700740680002,-6.348793791999981],[106.97005625000014,-6.348803774999908],[106.97003800100015,-6.3488139999999476],[106.97000694400015,-6.348832999999956],[106.96999950100013,-6.348837552999953],[106.96995300000009,-6.34886599999993],[106.96990629100009,-6.348894351999945],[106.96981537400006,-6.348949538999818],[106.96978156100005,-6.348970062999911],[106.96977999500007,-6.348971012999925],[106.96977940700003,-6.348971369999958],[106.96976167700018,-6.348982131999946],[106.96974356800018,-6.348993123999946],[106.96973867200012,-6.348996095999951],[106.96972565100003,-6.349003999999979],[106.96971101700007,-6.349012882999887],[106.96971099200016,-6.3490128979998985],[106.96970480100009,-6.349016655999947],[106.96969761900004,-6.349021015999938],[106.96969599900007,-6.349021998999945],[106.96969491800007,-6.349022977999937],[106.96969053000004,-6.349026950999928],[106.96968534200016,-6.349031649999972],[106.96968162800005,-6.349035012999877],[106.96968039500018,-6.3490361289999555],[106.96968006000009,-6.3490364319998775],[106.96967991500014,-6.349036562999913],[106.96967441300006,-6.349041543999874],[106.96967081700012,-6.349044799999888],[106.9696617250001,-6.349053031999858],[106.96966035400004,-6.349054272999979],[106.969651328,-6.349062444999902],[106.96964551000008,-6.349067712999897],[106.96962484200014,-6.349086426999975],[106.96962200000007,-6.3490889999998785],[106.96961628900004,-6.349093832999927],[106.96960418200018,-6.349104076999879],[106.96959983600004,-6.34910775499992],[106.96959708500003,-6.349110082999971],[106.96959650299999,-6.349110574999884],[106.96959600200006,-6.349110999999937],[106.96959607400004,-6.349111075999929],[106.96959615100013,-6.349111156999868],[106.96990688300014,-6.3494374049999465],[106.97000287300006,-6.349530330999926],[106.9701052650002,-6.349566859999925],[106.97029498900008,-6.34966182099987],[106.97045032600005,-6.3497683949999555],[106.97078008600016,-6.349969988999874],[106.97099091500007,-6.350082092999912],[106.9710733440001,-6.350129619999848],[106.97120958400018,-6.3502439219998905],[106.9712978390001,-6.350314390999927],[106.97145894599998,-6.350428597999894],[106.971664095,-6.350556031999872],[106.97188839300009,-6.350689134999868],[106.9720149470001,-6.350770939999961],[106.97216848099998,-6.350906225999893],[106.97243526900007,-6.3511463309999385],[106.97274795300018,-6.35138434799984],[106.97292433300004,-6.351490840999929],[106.97303927900009,-6.351538243999869],[106.97337827600018,-6.351653685999906],[106.97387998700003,-6.3518029519999],[106.97420549200007,-6.3518916519998925],[106.97437592200015,-6.35194267199995],[106.97454064300018,-6.352001365999911],[106.97486700100018,-6.352125999999828],[106.97513605600017,-6.352270155999918],[106.97547327900008,-6.35242196299987],[106.97581238000015,-6.352564191999932],[106.97613613400011,-6.352694998999937],[106.9762629130002,-6.352818815999967],[106.97654175200012,-6.352958405999971],[106.97679611000018,-6.353073688999814],[106.9768894980001,-6.353110648999916],[106.97697425000018,-6.35314046499991],[106.9770289060001,-6.353177571999879],[106.97707928500006,-6.353221871999892],[106.97710665100004,-6.353250472999946],[106.97712974100017,-6.353286265999884],[106.97715862400014,-6.353336388999878],[106.97716448200009,-6.353367941999977],[106.97717316700005,-6.353388002999964],[106.97717901400006,-6.3534166849999565],[106.97717622700009,-6.353438224999934],[106.9771706210002,-6.3534726919999684],[106.97716224600009,-6.3535136939999575],[106.97715653800014,-6.353541636999978],[106.97714539600014,-6.353629229999967],[106.97711873700013,-6.353785773999846],[106.97710050000012,-6.353861007999853],[106.9770933160001,-6.353890643999819],[106.97708060200011,-6.353942361999941],[106.97704226300004,-6.354045846999952],[106.97698554400006,-6.3542197279999755],[106.9769444690001,-6.35435766899991],[106.97692749000004,-6.354419449999966],[106.97691490200009,-6.3545041779999565],[106.9769080370001,-6.354584576999969],[106.97689824100019,-6.354649201999962],[106.97687557900008,-6.35472535599996],[106.97684571700012,-6.354794361999893],[106.97684158800001,-6.354840305999971],[106.97683744900013,-6.354883378999887],[106.97682039900013,-6.354926500999909],[106.97680344800006,-6.354995457999905],[106.97681395000006,-6.355115978999947],[106.97686725300014,-6.3551746199999],[106.9769046880001,-6.355210357999965],[106.97698091800004,-6.355262093999954],[106.977015402,-6.355276315999959],[106.97721079200005,-6.355351635999909],[106.97763311400018,-6.355497851999928],[106.97770064200006,-6.355524862999857],[106.9777883370001,-6.355573326999945],[106.97789472400012,-6.3556331989999535],[106.97828017600006,-6.355891504999818],[106.97834495100017,-6.355948666999836],[106.97838098000005,-6.355991586999835],[106.97845880200009,-6.356084579999958],[106.97850495900008,-6.356150424999896],[106.97854534200013,-6.356206244999896],[106.97859003100018,-6.356263483999953],[106.97865333300012,-6.356310604999919],[106.97875104200011,-6.356351852999978],[106.97895352800015,-6.356407052999941],[106.978997999,-6.356406881999931],[106.979423011,-6.356505722999941],[106.97946320500017,-6.356512744999975],[106.97956948300003,-6.356543912999882],[106.97970165400005,-6.356593640999904],[106.97974048100019,-6.356617890999871],[106.97989721500016,-6.356713452999941],[106.97996762400004,-6.356743323999865],[106.97997959000014,-6.356747968999969],[106.97998582800011,-6.356750389999888],[106.98000545700006,-6.356758008999918],[106.98000730700005,-6.3567940379999754],[106.98000919500004,-6.356830823999928],[106.98001090600008,-6.356864154999926],[106.98001096899998,-6.356865391999918],[106.9800110000001,-6.356865999999968],[106.98001198000014,-6.356873716999814],[106.98001231900008,-6.356876384999964],[106.980012396,-6.35687699399989],[106.9800133120001,-6.356884205999961],[106.98001371200013,-6.356887354999969],[106.98001470700012,-6.35689519399989],[106.9800155650002,-6.356901948999905],[106.98001575400014,-6.35690343899995],[106.98001588400012,-6.356904462999978],[106.98001697900014,-6.356913081999949],[106.9800190000002,-6.356928999999923],[106.98002400000007,-6.356991999999934],[106.98002000000014,-6.357033999999942],[106.9800198860001,-6.357034783999893],[106.9800110000001,-6.357095999999899],[106.98002200000013,-6.35721999999987],[106.98002500000018,-6.35726099999988],[106.98004784200009,-6.357316327999911],[106.98007000000018,-6.357369999999946],[106.98014180700017,-6.35744180599994],[106.98014700000016,-6.357446999999979],[106.98014727900011,-6.357447107999917],[106.9801579490001,-6.357451257999969],[106.98016102900016,-6.357452455999919],[106.98016500000006,-6.3574539999999615],[106.98017360700015,-6.3574579349999],[106.98018510500003,-6.357463190999908],[106.98018545600013,-6.357463350999922],[106.98018953100001,-6.3574652139998875],[106.98027000000019,-6.35750199999984],[106.98046900000014,-6.357522999999958],[106.98047100000014,-6.357522999999958],[106.98067500000013,-6.35752199999996],[106.98069502000004,-6.357522775999939],[106.98087997600004,-6.357529944999953],[106.98093279500006,-6.357531991999906],[106.98093289300004,-6.357531995999921],[106.98093300000016,-6.357531999999935],[106.98093400000005,-6.357531999999935],[106.98102757700008,-6.357529668999973],[106.98111030600012,-6.3575276079998275],[106.98116490500007,-6.3575262479998855],[106.98116886800017,-6.357526148999966],[106.98118173300003,-6.35752582899994],[106.9811875800001,-6.357525682999949],[106.98118811800015,-6.357525669999916],[106.9811963750002,-6.357525463999934],[106.98119965800004,-6.357525381999892],[106.98120225800005,-6.357525316999897],[106.98120333200018,-6.357525289999899],[106.981203918,-6.357525274999887],[106.98120846800003,-6.357525161999888],[106.98120869800005,-6.357525155999895],[106.98121368300019,-6.357525032999945],[106.98121372900005,-6.3575250319999554],[106.98121377800015,-6.357525030999966],[106.98121419400019,-6.357525019999969],[106.98121500000008,-6.357524999999953],[106.9812167140002,-6.357525085999953],[106.98121812900007,-6.357525156999884],[106.9812198370002,-6.357525241999895],[106.98122128300014,-6.357525313999815],[106.98123500000008,-6.357525998999961],[106.98123784100005,-6.357526709999945],[106.98124609200016,-6.357528773999945],[106.98134113000003,-6.357552552999948],[106.9814250550001,-6.357584229999873],[106.98155510500004,-6.357612395999979],[106.98162383300001,-6.357638186999907],[106.98162600000012,-6.357638999999892],[106.98163783900014,-6.357646022999859],[106.9816406760001,-6.357647705999909],[106.98164633700014,-6.357651064999914],[106.98164790000016,-6.357651991999887],[106.98166086100008,-6.357659680999916],[106.98167153000014,-6.357666009999889],[106.98167655800006,-6.357668992999891],[106.98168060400019,-6.3576713929999755],[106.98168110500018,-6.357671689999847],[106.98168186600014,-6.357672140999966],[106.98168293800006,-6.357672776999948],[106.98168499900015,-6.357673999999861],[106.98168625400012,-6.357674771999939],[106.9816869390001,-6.357675193999967],[106.98168773499998,-6.357675683999901],[106.98178900100004,-6.357737999999927],[106.98180947300011,-6.357752752999886],[106.98176407900007,-6.357870845999969],[106.98174694700009,-6.357899398999962],[106.98173124200014,-6.357929379999916],[106.98172981500011,-6.3579693559999555],[106.9817326700001,-6.358020752999948],[106.98173980900003,-6.358089279999945],[106.98174266500013,-6.358146386999977],[106.98173695300017,-6.358192072999827],[106.98171839300005,-6.358280588999946],[106.98169840600008,-6.358341978999874],[106.98167984700007,-6.358410506999974],[106.98165843100008,-6.358486173999893],[106.98164843800004,-6.358551846999944],[106.98163416099999,-6.358590394999908],[106.98160846200011,-6.358621803999938],[106.98157705300008,-6.35864750199994],[106.981535651,-6.35867891099997],[106.98148710999999,-6.358700325999962],[106.98143856900015,-6.358711747999905],[106.98133006500007,-6.358721740999954],[106.98125439900019,-6.358728879999944],[106.98122584500015,-6.358738872999936],[106.98121299600007,-6.35875314999987],[106.98120585800018,-6.358777420999957],[106.98120585800018,-6.358808829999873],[106.98121156900004,-6.358840238999903],[106.98122727300012,-6.358880212999907],[106.98125582600005,-6.3589316099999],[106.98129722900018,-6.358978722999893],[106.98139431100003,-6.359075804999918],[106.98144999000016,-6.359127200999922],[106.98148996500015,-6.359172886999886],[106.98155306100006,-6.359225761999824],[106.9815352350002,-6.359336296999913],[106.98152452699998,-6.359393998999963],[106.98151025000016,-6.35946895099994],[106.98148338200008,-6.3595682449999344],[106.98137630700018,-6.359721302999958],[106.98128493600018,-6.359835516999908],[106.9811792870002,-6.359921177999979],[106.98111868000007,-6.360040546999926],[106.98100981900006,-6.360239232999902],[106.98092178000013,-6.360412337999946],[106.98092078500014,-6.360497349999946],[106.98092059000004,-6.360514060999947],[106.98091523700003,-6.360592582999914],[106.98088668300016,-6.360674078999921],[106.98083314500019,-6.360735944999874],[106.98077960600011,-6.360765687999958],[106.98061145800006,-6.36091876699993],[106.98045798300001,-6.361050826999929],[106.9802997500002,-6.361142435999966],[106.97982980500012,-6.361502924999854],[106.97968108900005,-6.361639743999888],[106.97945504000012,-6.361745628999927],[106.97939793400019,-6.3617658549999305],[106.97932298000018,-6.36182058299994],[106.97917200000012,-6.36194699999993],[106.97917132800006,-6.36195093799995],[106.97914642400013,-6.362096980999979],[106.97916986700005,-6.362159223999981],[106.97917402600012,-6.362170267999829],[106.97919300000007,-6.362329999999872],[106.97923457600012,-6.362390130999813],[106.97923589200008,-6.362392033999981],[106.97923881000014,-6.362417931999971],[106.97923882400016,-6.362418054999978],[106.97923883800013,-6.362418179999906],[106.97924350600016,-6.3624596099999735],[106.97923589200008,-6.362593812999876],[106.97924065100005,-6.3627375309999366],[106.97939279899998,-6.3628363859999695],[106.97939282300018,-6.362836394999874],[106.97939286299999,-6.362836410999876],[106.9795290420002,-6.362890768999932],[106.9795375010001,-6.362924796999891],[106.97957092000007,-6.363059234999923],[106.97963849700011,-6.36330574699997],[106.97962999900011,-6.363351999999907],[106.97970328600019,-6.363424176999899],[106.97975179100007,-6.363442308999936],[106.97978034400018,-6.363451825999903],[106.97980128400013,-6.363465150999957],[106.97982793300014,-6.36350512599995],[106.97982793300014,-6.363535583999976],[106.97983745200014,-6.363557949999972],[106.97985743900006,-6.363586502999965],[106.97989170300008,-6.3636493209999685],[106.97992025600001,-6.363690723999866],[106.97992295500018,-6.363696930999936],[106.97993453300006,-6.363723559999926],[106.9799331050001,-6.363754968999956],[106.97993025100004,-6.363800655999967],[106.9799074080002,-6.363844912999923],[106.97986886100011,-6.363883459999897],[106.97983921900016,-6.363924393999923],[106.97983888000005,-6.363924861999976],[106.9798188920002,-6.363977686999874],[106.9798015510001,-6.364029541999912],[106.97976940000018,-6.36412568999998],[106.98002163900014,-6.364157905999946],[106.98011965500012,-6.364170423999951],[106.9801806390002,-6.364178961999926],[106.9804051910001,-6.364210397999955],[106.98046039400015,-6.364215156999933],[106.98051654900007,-6.364215156999933],[106.98052130800005,-6.364215156999933],[106.98071547300003,-6.3641885069999375],[106.98087632500017,-6.364156146999903],[106.98116026200012,-6.364096454999924],[106.98121135200012,-6.364085713999941],[106.98152076800011,-6.364021350999963],[106.98165890500007,-6.36398810299994],[106.98173913100015,-6.36396659299993],[106.9817480100001,-6.363964211999928],[106.98184021600008,-6.36393948999995],[106.98242652300019,-6.363782292999872],[106.98244479700008,-6.363777392999907],[106.98254800300015,-6.363749721999966],[106.98270197000016,-6.363707556999941],[106.98280820100018,-6.363678465999897],[106.98289207300019,-6.363655496999968],[106.9830608790001,-6.363639828999908],[106.98318167000008,-6.36362861799995],[106.9832645030001,-6.363620929999968],[106.98327169000004,-6.363620262999973],[106.98334859500011,-6.363613123999926],[106.98336891700018,-6.363611237999862],[106.98354747300004,-6.363602253999829],[106.98356818000008,-6.363601211999935],[106.98359591700012,-6.363599816999965],[106.9836972820001,-6.363596960999928],[106.98379652200015,-6.363590232999968],[106.98381040900011,-6.363589291999972],[106.9838304060001,-6.363587935999874],[106.98386466100015,-6.363585613999874],[106.98386888500016,-6.363585327999942],[106.9839476890001,-6.363579984999944],[106.98401980200015,-6.363575095999977],[106.98403421400008,-6.3635741189999635],[106.98406863000008,-6.36357253999995],[106.98410490000009,-6.363570875999869],[106.98414717399999,-6.363568936999911],[106.9842049840002,-6.3635662849999335],[106.98422735100019,-6.36356525899987],[106.98424219500015,-6.3635645779999095],[106.98431929700013,-6.3635610409999686],[106.9843319690001,-6.363560459999917],[106.9843414120001,-6.363560026999949],[106.98434544700018,-6.363559841999972],[106.98440885800017,-6.363576042999966],[106.98486512100015,-6.363692615999923],[106.98488369200004,-6.36369923299992],[106.98489247200001,-6.363702361999913],[106.98498510600007,-6.363735367999936],[106.98498932900014,-6.363736872999937],[106.98507520500016,-6.363780883999937],[106.98510354400008,-6.36379540799993],[106.98515065700019,-6.3638310999999135],[106.98517790500011,-6.363882898999975],[106.98519899900009,-6.363922998999897],[106.98524253700015,-6.363927235999881],[106.98524509600009,-6.3639274849999765],[106.98536314400008,-6.363914155999964],[106.98545714800002,-6.3639035409999565],[106.98545739500014,-6.36388089999997],[106.98545881900009,-6.3637506459999145],[106.9854589630001,-6.363737469999933],[106.98545939300016,-6.363698120999857],[106.98545973400007,-6.363666903999956],[106.98545986800008,-6.3636546639999665],[106.98546041500003,-6.363604585999951],[106.98546106900011,-6.363544732999969],[106.98546134500015,-6.363519494999821],[106.98575986300011,-6.363497544999973],[106.9857939760002,-6.363495036999836],[106.9858080520001,-6.363494001999925],[106.98603257900015,-6.363477491999959],[106.98610536500013,-6.363472139999885],[106.9861655470001,-6.363467714999956],[106.9861682340001,-6.363467516999947],[106.98635380600018,-6.36345387199998],[106.98642807200008,-6.363448410999979],[106.98643216500017,-6.363448109999865],[106.98645126400004,-6.363456737999968],[106.98656779400011,-6.363509381999961],[106.98668248800016,-6.36352538899996],[106.98672524200015,-6.363531355999896],[106.9868014440001,-6.363544984999976],[106.98697049200018,-6.363575219999973],[106.98715717700009,-6.363608608999925],[106.98717044800003,-6.363610982999944],[106.98717179600015,-6.3636802109999735],[106.98717180400018,-6.363680635999913],[106.98717491700017,-6.363840603999904],[106.98732569800012,-6.363879492999956],[106.98738679100012,-6.3638897289998795],[106.98750072000018,-6.36390881799997],[106.987576913,-6.363921583999968],[106.98756650000013,-6.364218186999892],[106.98756221600013,-6.3643402259999675],[106.98756182099999,-6.3643514769999],[106.9875615360001,-6.364359591999971],[106.98756150500014,-6.364360466999926],[106.98755852500011,-6.36438813299992],[106.98755696900014,-6.364402581999968],[106.98755691400004,-6.364403095999933],[106.9875522270001,-6.364402421999955],[106.98754232099998,-6.364400996999905],[106.98754213100017,-6.364400969999906],[106.98751874500016,-6.364397604999908],[106.98750298900012,-6.364395337999895],[106.98747984800008,-6.364392007999868],[106.9874780950002,-6.364391755999975],[106.98746056500016,-6.36438923299994],[106.9870968570001,-6.364336894999951],[106.98709698500011,-6.364337598999896],[106.98709778800009,-6.364342012999941],[106.98710065000012,-6.364357753999968],[106.98710637500017,-6.364389242999948],[106.98710637500017,-6.364443970999901],[106.98710161600002,-6.3645153549999804],[106.98726103900015,-6.364548666999951],[106.98730862900004,-6.364560564999977],[106.9873538380001,-6.364567702999864],[106.98747824600014,-6.3645747449999135],[106.98747995000008,-6.364574840999921],[106.98753581300019,-6.364573088999862],[106.98753861400013,-6.36457300099994],[106.98771105399999,-6.364580715999978],[106.98774682600015,-6.364582315999826],[106.98798517000012,-6.364592977999905],[106.98804304400011,-6.364595566999924],[106.98804777000015,-6.364595777999966],[106.98806382800007,-6.364490914999976],[106.98807846500011,-6.364395329999979],[106.98807855700011,-6.364394725999944],[106.98811693000005,-6.364399694999975],[106.98812161600006,-6.364400301999865],[106.98812199300016,-6.36439717199994],[106.98812911200014,-6.364338043999965],[106.98814217300009,-6.364229559999956],[106.98815498100004,-6.36412317199995],[106.98815537600018,-6.364115790999961],[106.98816167300009,-6.363998280999908],[106.98817766700017,-6.363890061999939],[106.98817908199999,-6.363880488999939],[106.98818544300008,-6.363837442999909],[106.98820725700011,-6.363716351999926],[106.98822468300017,-6.363619624999842],[106.98822477100015,-6.363619134999965],[106.98828540400012,-6.363625492999972],[106.98830780100008,-6.363627840999811],[106.9883507040002,-6.363632338999935],[106.98835680600013,-6.363632978999874],[106.98837772100018,-6.363633356999912],[106.98842258400009,-6.363634168999965],[106.98842760500008,-6.363634259999969],[106.98843592600014,-6.363634410999907],[106.98847236700004,-6.363635069999873],[106.98849311200007,-6.363635444999886],[106.9885190660001,-6.363635913999929],[106.98854539300004,-6.363636389999897],[106.9885859960001,-6.363637123999979],[106.98863922100014,-6.36363808699997],[106.98865949900005,-6.363638453999954],[106.9886653320001,-6.36363855999997],[106.98868391500014,-6.363638895999941],[106.98870346900014,-6.3636433529999294],[106.98873251500004,-6.363649973999941],[106.98875613200016,-6.3636553569999705],[106.98878298800008,-6.363661477999926],[106.9888131940001,-6.363672012999928],[106.98882773800005,-6.363677085999882],[106.98885028300003,-6.363684948999833],[106.98885625000008,-6.363687029999824],[106.98887814500006,-6.363692295999897],[106.9888916110001,-6.363695533999817],[106.98892086600011,-6.3637025689999405],[106.98893151100003,-6.363702719999878],[106.9889466150002,-6.363702933999889],[106.98895846800019,-6.363703101999931],[106.98900428900015,-6.363703750999946],[106.98903240499999,-6.363704149999819],[106.98907573600013,-6.363704763999976],[106.98908011400016,-6.363704825999946],[106.98909378000019,-6.363705267999933],[106.98913542100019,-6.36370661299992],[106.98917756100013,-6.363707973999965],[106.9891794680002,-6.363708035999878],[106.9891992000002,-6.363708673999838],[106.98922999600012,-6.3637158599999],[106.98924477000008,-6.36371930699994],[106.98928391600015,-6.363728440999978],[106.98929360600005,-6.363730824999891],[106.98931652500005,-6.363736462999896],[106.98935678800012,-6.363746368999955],[106.98938338900007,-6.363752912999928],[106.98939187000019,-6.3637549999998555],[106.98941121000018,-6.363759757999958],[106.98944451000011,-6.3637679499999535],[106.98949162200006,-6.3637795409999285],[106.98950218000004,-6.363782138999966],[106.989515681,-6.363784887999941],[106.9895603440001,-6.36379398299988],[106.98956699900003,-6.363795337999818],[106.98957272700011,-6.363796503999822],[106.98957827300006,-6.363797632999933],[106.98962756700007,-6.363802724999971],[106.98965526600011,-6.363805585999955],[106.98965562100005,-6.363805622999962],[106.98965864100012,-6.363805934999959],[106.98967835000008,-6.363802405999934],[106.98971479100015,-6.363795881999863],[106.98971598500009,-6.363795667999909],[106.98975359200006,-6.363783221999881],[106.98978450000016,-6.363772991999895],[106.98978619000013,-6.363772432999951],[106.98984545500014,-6.363747261999833],[106.98985780300006,-6.363742016999936],[106.98986165900004,-6.3637405099999],[106.98989382500002,-6.3637279339999395],[106.98991670200007,-6.363718989999882],[106.98992083000007,-6.363717375999954],[106.9899638660001,-6.363717209999834],[106.98997039000005,-6.3637168739999765],[106.98999398700016,-6.363715657999876],[106.99001397200016,-6.363699535999956],[106.99001543900016,-6.363698352999961],[106.99001613700005,-6.363694718999909],[106.99002290600015,-6.363659459999951],[106.99002458700005,-6.363650703999838],[106.99002950300007,-6.363625101999958],[106.99003258000005,-6.363610193999932],[106.99003290200011,-6.363608632999899],[106.99004165300005,-6.363566240999944],[106.99004230600019,-6.36356307799997],[106.99004640300006,-6.363543227999912],[106.99004809900003,-6.363523732999965],[106.99004821000011,-6.363522461999878],[106.99005032200012,-6.36349817699994],[106.99005189800005,-6.363480056999947],[106.99007307200003,-6.363475871999924],[106.99008350300011,-6.3634738099999595],[106.99009633600019,-6.363471273999892],[106.9901124610002,-6.363466874999972],[106.99017307400015,-6.36345033799995],[106.99019129400006,-6.363445366999883],[106.99023641700018,-6.363433055999963],[106.99025886600015,-6.3634269309998786],[106.99032555400015,-6.363408736999872],[106.9903272370002,-6.363408277999952],[106.99034712500008,-6.363402851999922],[106.99039031799998,-6.3633880179999665],[106.99042121900015,-6.363377404999937],[106.99043165400008,-6.363373820999925],[106.99046937500009,-6.363368280999907],[106.99047014700011,-6.363368167999909],[106.99047179900009,-6.363367924999977],[106.99049178200005,-6.363370969999949],[106.99051773300016,-6.363374924999846],[106.99057446400013,-6.363387200999966],[106.99059786500004,-6.363392264999959],[106.99060244400016,-6.363393255999938],[106.99063600200009,-6.363208848999875],[106.99063616000012,-6.3632079809999595],[106.99100455000018,-6.363277483999866],[106.9911128670002,-6.3628517619998775],[106.99113112700013,-6.36277999299989],[106.99116700000013,-6.362638999999888],[106.99122797000001,-6.362047479999944],[106.99138933200004,-6.362082666999925],[106.99146406300014,-6.3620906169999785],[106.99152912500017,-6.362097537999944],[106.99153040700008,-6.362086325999883],[106.99153168800012,-6.362075114999925],[106.99154102300008,-6.361993436999853],[106.99166297000016,-6.362011281999969],[106.99167189399998,-6.36193394999998],[106.99167189399998,-6.361868514999969],[106.99168081600004,-6.361752515999967],[106.99177302000004,-6.3617673869998725],[106.99191281300011,-6.361779284999898],[106.99196932600012,-6.361693029999969],[106.99203773500017,-6.361645439999904],[106.99211506800009,-6.361568107999915],[106.9922825700001,-6.361380309999902],[106.9923976290001,-6.361232008999821],[106.99251362700011,-6.3610654469998735],[106.99262070400016,-6.360907806999819],[106.99276347100016,-6.360723398999937],[106.99284675200005,-6.360622271999887],[106.99292408500014,-6.360521144999893],[106.99298654500012,-6.36045868399998],[106.9930965960001,-6.36048842699995],[106.99325423400018,-6.3605062739998175],[106.99335238800012,-6.360533042999975],[106.99345054100019,-6.360524118999933],[106.99348293700018,-6.360522413999888],[106.9935635650001,-6.3605181699999775],[106.993744999,-6.360547913999881],[106.99381340900015,-6.360574682999868],[106.99398294500014,-6.360565759999929],[106.99414058500008,-6.360533042999975],[106.99424766000016,-6.3605151959999375],[106.99439042700016,-6.360497349999946],[106.99451237500011,-6.360485452999967],[106.9945632560001,-6.360464695999838],[106.99466438600012,-6.36033872299987],[106.9947176280001,-6.360194993999926],[106.99478910200014,-6.360128936999956],[106.99479957900007,-6.360107768999967],[106.99493145000002,-6.359841340999935],[106.99506872,-6.359786989999975],[106.99508054500001,-6.359789711999952],[106.99509236900013,-6.359792433999814],[106.99532809599998,-6.35980484199996],[106.99540764700009,-6.359840023999936],[106.99553851800016,-6.359863818999941],[106.99567236200005,-6.359866792999924],[106.99575564300011,-6.359783511999979],[106.99577646400013,-6.359718076999968],[106.99585974500019,-6.359634795999909],[106.9959222060001,-6.359572334999882],[106.995963846,-6.359563411999943],[106.9960144100001,-6.359575308999979],[106.99613338300009,-6.359572334999882],[106.9962136900001,-6.3595277209999495],[106.99624045800016,-6.3594741819999285],[106.99627912500006,-6.359432541999979],[106.99632671400019,-6.359376029999908],[106.99635348300018,-6.359230286999946],[106.99640254000008,-6.359183628999972],[106.99637132900006,-6.359135108999965],[106.99642164000005,-6.3591331839999725],[106.99643171500009,-6.359132797999962],[106.99644179000012,-6.359132411999894],[106.99647709200019,-6.359161586999846],[106.99649477100019,-6.359182331999875],[106.9965036230002,-6.3591889709999805],[106.9965124740001,-6.359195608999926],[106.99653218100008,-6.359180437999896],[106.99657259700001,-6.3591657449999275],[106.99662022000012,-6.359184006999897],[106.99668327600006,-6.359236354999894],[106.99674157300018,-6.359286323999925],[106.9967808340001,-6.359312497999895],[106.99682366500019,-6.359282754999924],[106.99686292600018,-6.359254200999942],[106.99689266900003,-6.359235165999962],[106.99695810300011,-6.359273236999911],[106.9970520930001,-6.359333911999954],[106.99702472900015,-6.359404106999932],[106.99702472900015,-6.359416597999882],[106.99702472900015,-6.3594290909999245],[106.9970735070001,-6.35947073199992],[106.99708778500019,-6.359505233999926],[106.99708069600007,-6.35954650799988],[106.99705023800004,-6.359582675999945],[106.99702739600008,-6.359624553999936],[106.99702739600008,-6.359668335999913],[106.99709021400014,-6.3597083119999525],[106.99715112800004,-6.359734960999958],[106.99724059600015,-6.359776839999938],[106.99728527900004,-6.35980980599993],[106.99738336300015,-6.359854885999937],[106.99747895600012,-6.360019784999963],[106.99761179100005,-6.360248924999837],[106.9977421860001,-6.360416295999926],[106.99781357000012,-6.360451987999852],[106.99806341300012,-6.360501955999894],[106.99825615000015,-6.360609032999946],[106.99845602400018,-6.360659000999931],[106.99858451500006,-6.360587616999965],[106.99874869800004,-6.360616170999947],[106.99889860400003,-6.360773214999938],[106.9991270320001,-6.360659000999931],[106.9994268440002,-6.360516233999931],[106.99961958000017,-6.360487679999949],[106.99976948700004,-6.36035205099995],[106.99988350200016,-6.3601240189998975],[106.99993366900014,-6.3600236849999305],[107.00013354400005,-6.359823809999909],[107.0003262800002,-6.359616796999944],[107.00054043200015,-6.359474028999955],[107.00072125700012,-6.359320601999855],[107.00077599800011,-6.359274154999923],[107.00086879700007,-6.359138525999981],[107.00064750700005,-6.358960065999952],[107.0005547080001,-6.358845851999831],[107.00071175300019,-6.358679289999884],[107.00079265500017,-6.358593628999927],[107.00069271700005,-6.358536520999905],[107.00060705700008,-6.358474655999942],[107.00051663800014,-6.358422307999945],[107.00042621700004,-6.358412789999875],[107.00036911100011,-6.35841754799992],[107.00032841600017,-6.358483736999972],[107.00024490300012,-6.358442294999918],[107.0002115900001,-6.358437535999883],[107.00020683200006,-6.358378048999953],[107.00022759000018,-6.358297088999905],[107.00023062600008,-6.358285249999881],[107.00021397000012,-6.358166276999896],[107.00023387300007,-6.358029814999895],[107.00021928400002,-6.357965212999886],[107.0002040560002,-6.357911913999828],[107.00019263400014,-6.357860516999949],[107.00015265900015,-6.357814831999974],[107.00010316700013,-6.3577691449999065],[107.00009174500008,-6.357717749999949],[107.00007461300004,-6.357637798999974],[107.00004796300016,-6.357540716999949],[107.0000270230002,-6.357430309999927],[107.00001179500003,-6.357375106999825],[106.99997562800013,-6.357253278999963],[106.99992423100008,-6.357116221999888],[106.99989948500013,-6.357030560999931],[106.99986522100016,-6.356864950999977],[106.999827149,-6.356680304999884],[106.99979669200007,-6.356415707999929],[106.9997913630001,-6.356263842999965],[106.99978907700006,-6.356198700999926],[106.99976433100016,-6.35605783699998],[106.99974606700005,-6.355909289999943],[106.99973577700007,-6.355825600999935],[106.99971483900015,-6.35566760599994],[106.99971343400011,-6.355554456999926],[106.99976343900005,-6.355559826999979],[106.99983167200014,-6.355583483999908],[106.9999095010001,-6.355615474999979],[107.00002331700006,-6.355679619999933],[107.00009233200018,-6.355718684999886],[107.00016951399999,-6.355596324999908],[107.0001747660001,-6.355587279999952],[107.00018002500008,-6.355578222999895],[107.00025517500006,-6.355448797999941],[107.00032655900014,-6.35537265499994],[107.00034817300013,-6.355348233999962],[107.00047174600013,-6.355208611999956],[107.00069299600017,-6.354958628999896],[107.00079184200018,-6.354871644999889],[107.001049916,-6.354644540999914],[107.00151087800015,-6.354261854999891],[107.0015543610001,-6.354225754999902],[107.00189700300001,-6.353840281999908],[107.0019493920002,-6.353781344999902],[107.0022583650001,-6.353983580999966],[107.00244903800012,-6.354059192999898],[107.00265367200001,-6.3541210599999545],[107.00288210000008,-6.3541591309999035],[107.00308197500004,-6.354168647999927],[107.00377689700014,-6.35433872099992],[107.00397339000017,-6.354460120999931],[107.00407575700018,-6.354523366999956],[107.00412334500004,-6.354422476999957],[107.00414670500004,-6.354441417999908],[107.00419377800011,-6.354479584999979],[107.0042339310001,-6.354542298999888],[107.00432996400019,-6.354692290999878],[107.00436015600019,-6.3547421739999095],[107.00436280000002,-6.35474654199993],[107.00438469100015,-6.3547712889999275],[107.00444179800019,-6.354833154999824],[107.0044598820001,-6.354852190999964],[107.00446464200013,-6.354861709999966],[107.00446940000018,-6.354871225999943],[107.00448177300001,-6.3549026349999735],[107.00449700200011,-6.354920718999949],[107.00450271200009,-6.35492785699995],[107.00450842300012,-6.3549349959998835],[107.00452745900009,-6.354951175999815],[107.00453317000012,-6.354955458999882],[107.00453888000004,-6.354959741999892],[107.00455220500015,-6.354968307999968],[107.00455744000016,-6.35496973599993],[107.00456267500016,-6.354971163999949],[107.00458837300016,-6.354977825999981],[107.00461502300004,-6.354980680999859],[107.0046530940001,-6.354980680999859],[107.00466403200011,-6.354980205999823],[107.00467498500001,-6.354979729999968],[107.0046930690001,-6.354980680999859],[107.00470258700017,-6.3549873439998805],[107.0047035390001,-6.354993054999909],[107.00469530200019,-6.355013010999869],[107.00469184100018,-6.355023393999943],[107.00469173300019,-6.355023718999973],[107.0046888780002,-6.35503157099987],[107.00468760600012,-6.355043864999914],[107.004686736,-6.355052271999909],[107.00468388100006,-6.355065120999939],[107.00467959800017,-6.35507511499992],[107.00461321100005,-6.355211457999928],[107.00471717900012,-6.355263441999966],[107.00473028100015,-6.355269992999979],[107.00501510200019,-6.355403480999939],[107.00491159500007,-6.355533398999853],[107.00471667400018,-6.3558333009999615],[107.00448064,-6.356219142999919],[107.004448368,-6.356282417999921],[107.00442186400011,-6.3563533249999296],[107.00438979300003,-6.356468267999844],[107.00437859900018,-6.356541028999914],[107.00437687800013,-6.356590789999927],[107.00438857700016,-6.35664815399997],[107.00443076000016,-6.356674780999981],[107.00467594300011,-6.356765684999914],[107.00474104900019,-6.356784568999899],[107.00480422800013,-6.35679963299998],[107.00486736900012,-6.356805128999895],[107.00495726700012,-6.356804779999948],[107.00504522200004,-6.356796784999915],[107.00511781600017,-6.356773539999949],[107.00521326600006,-6.356725328999971],[107.00528393900015,-6.3567001769999365],[107.00533750300013,-6.356701882999971],[107.00549635400006,-6.356726143999936],[107.00561007100015,-6.35674735799995],[107.00560750600016,-6.356752970999935],[107.00560494000013,-6.3567585839999765],[107.00552923200007,-6.356924205999974],[107.0050987960002,-6.357865846999914],[107.00502016500019,-6.358066512999926],[107.00529030300015,-6.358157488999893],[107.00540951400012,-6.358204601999887],[107.00562437900004,-6.3582909769999105],[107.00568220000014,-6.35831596099996],[107.00573145500005,-6.35833880399997],[107.00576215000018,-6.358353794999971],[107.00579213100008,-6.358370926999953],[107.00590991400014,-6.358440168999948],[107.00594132300017,-6.358453731999873],[107.00602698400007,-6.358479429999875],[107.00607338300011,-6.358496561999971],[107.00609694000019,-6.358507983999857],[107.00612192400013,-6.358522973999925],[107.0061519050002,-6.358552241999973],[107.00620544300017,-6.358600782999872],[107.00624756000019,-6.358630049999931],[107.00634035900015,-6.358683587999906],[107.00645671400008,-6.358744977999834],[107.0065573660001,-6.358795660999931],[107.00658520500014,-6.358809936999876],[107.00659234500006,-6.358814577999908],[107.00659948200018,-6.358819216999848],[107.00661661400017,-6.358836348999944],[107.00664659500006,-6.358861333999869],[107.00668459700006,-6.3588826679999215],[107.00652238700013,-6.359225390999882],[107.0063472000001,-6.35964989699994],[107.00617189300004,-6.360057726999912],[107.0063225130001,-6.360126254999898],[107.006687672,-6.360267281999938],[107.00673653900009,-6.360286154999812],[107.00674754800019,-6.360267281999938],[107.00690143600013,-6.360003474999871],[107.00691339900015,-6.360006354999939],[107.00692536200017,-6.3600092359998825],[107.00694325800004,-6.3600124569998115],[107.00697295100008,-6.3600178009999695],[107.00698019300017,-6.360020004999967],[107.00698743600014,-6.360022209999897],[107.00706017300018,-6.3600436559999025],[107.00737078500015,-6.36013523999992],[107.00743931900013,-6.3601550299998735],[107.00754876900015,-6.3601866359999235],[107.00763032000003,-6.360203109999929],[107.00763621900006,-6.360204300999953],[107.00764211800015,-6.360205492999967],[107.007692368,-6.3600848529999325],[107.00775518600005,-6.359892115999969],[107.00776375200007,-6.359811451999974],[107.00776803500014,-6.359786467999925],[107.00777053299998,-6.35977790499993],[107.0077730320001,-6.3597693359999425],[107.0077739800002,-6.359766820999937],[107.0078287120001,-6.359621570999877],[107.00786369000014,-6.359520919999909],[107.00789724000009,-6.359443111999951],[107.00802073400018,-6.359173280999926],[107.00809829100012,-6.359018076999973],[107.00813630700009,-6.359036380999953],[107.00826479800014,-6.359098246999906],[107.0083554250001,-6.35915440399998],[107.00842204999998,-6.359197828999925],[107.00852793600006,-6.359268022999856],[107.00856184300011,-6.359287058999939],[107.00857136100018,-6.359288248999917],[107.00858266400013,-6.359285273999944],[107.00864809900014,-6.359207941999955],[107.00868141100005,-6.359159162999902],[107.0087444670001,-6.359058035999965],[107.00875279500008,-6.3590497079999295],[107.00876231299998,-6.359046732999843],[107.00877480500014,-6.359049112999969],[107.00878343000005,-6.359053573999972],[107.00879205600006,-6.359058035999965],[107.00882417900016,-6.35908182999998],[107.00890627000007,-6.359149049999871],[107.00895921300014,-6.359113952999962],[107.0090424940002,-6.3590497079999295],[107.0090877040002,-6.359018179999964],[107.00912042200002,-6.35901401599989],[107.00913142800005,-6.359012825999969],[107.00914243200009,-6.359011635999934],[107.0091674160002,-6.3590062829998715],[107.00920548800013,-6.3589973599999325],[107.00923166199999,-6.358986056999981],[107.00924177400015,-6.358977728999889],[107.00924380900005,-6.358976275999964],[107.00924601000014,-6.358974703999934],[107.00925426700019,-6.35896880599995],[107.00929174300012,-6.358917647999931],[107.00932029700016,-6.358868868999934],[107.00937680900006,-6.358775474999959],[107.00940357800005,-6.358713013999932],[107.00945711600019,-6.35859760999989],[107.00950232500014,-6.358513733999871],[107.0095641910001,-6.358467334999943],[107.00974503000003,-6.358357284999897],[107.00989315200002,-6.358282331999931],[107.009917541,-6.35827162399994],[107.00992289600003,-6.358269838999945],[107.00992824899998,-6.358268054999883],[107.00993134700008,-6.358266907999962],[107.00994430999998,-6.358262105999927],[107.0099520340001,-6.35825972899994],[107.00995977700012,-6.358257346999892],[107.00997583800012,-6.358249613999874],[107.00998773500015,-6.3582418809999695],[107.01000141700018,-6.358231172999865],[107.01001747900011,-6.35821630099997],[107.01002461700017,-6.3582082699999205],[107.01003175500006,-6.358200239999974],[107.01004246300005,-6.3581877479999775],[107.01004900600014,-6.358184178999977],[107.01005555000017,-6.35818060999992],[107.01008469800007,-6.358166927999946],[107.01010789800006,-6.358155029999978],[107.0101239600001,-6.358143132999942],[107.01013138200005,-6.358137491999912],[107.010138831,-6.35813183099998],[107.0101656,-6.358107440999845],[107.01021378400009,-6.358062230999906],[107.01026196800018,-6.358021780999934],[107.01030539300012,-6.3579914419999],[107.0103137210001,-6.357984303999956],[107.01032205000018,-6.357977165999898],[107.0103985570002,-6.357897153999943],[107.01039997700013,-6.357895668999902],[107.01043091000014,-6.357865330999971],[107.01045767900013,-6.357842725999944],[107.01048920700003,-6.3578165519999175],[107.01055702100018,-6.357763608999903],[107.0106194820001,-6.35773089099996],[107.01066528700005,-6.357710665999946],[107.01070038400002,-6.357698768999967],[107.01072596300008,-6.357688655999937],[107.0107366690001,-6.357686276999971],[107.01074737800019,-6.3576838969999585],[107.0107902090001,-6.357677353999975],[107.01085088500014,-6.35766605099991],[107.01090343100003,-6.357653657999947],[107.01093466200007,-6.357644437999966],[107.01100426100004,-6.357624509999937],[107.0110369790001,-6.357616775999929],[107.01104173300013,-6.3576160329999425],[107.01104649600006,-6.357615288999966],[107.01108159300003,-6.357610529999931],[107.01116784900006,-6.357602201999953],[107.01122079200013,-6.357597442999918],[107.01126748900015,-6.357595360999937],[107.01128890400008,-6.357600119999972],[107.01129634000011,-6.357602350999969],[107.01130377600003,-6.357604581999965],[107.01132905700007,-6.357609340999943],[107.011341103,-6.357609340999943],[107.01135314900012,-6.357609340999943],[107.01139270800013,-6.357602796999913],[107.0114247300001,-6.357595301999936],[107.01143543699999,-6.357597085999885],[107.01144614500004,-6.3575988709999365],[107.01151324500006,-6.357609934999971],[107.01153573100015,-6.3576202859999285],[107.01154858000007,-6.357625996999957],[107.01156000200012,-6.3576295659999005],[107.01157534900005,-6.357630279999967],[107.01162282000013,-6.357627780999962],[107.0116845670002,-6.357626353999933],[107.01174881200012,-6.3576224279999565],[107.01175755700018,-6.357622784999876],[107.0117663010002,-6.3576231409999195],[107.01177769200018,-6.357624614999963],[107.01179663900007,-6.357627067999886],[107.01180467000012,-6.357627067999886],[107.01181270100017,-6.357627067999886],[107.01182626400009,-6.357625996999957],[107.01183518700003,-6.357624568999938],[107.01184660800004,-6.357619928999895],[107.01185038000017,-6.3576183469999705],[107.01185767200002,-6.357615288999966],[107.01186338300005,-6.357613682999954],[107.01186909400008,-6.357612076999885],[107.01187369100006,-6.357611200999884],[107.01188408400009,-6.357609221999894],[107.01189229400006,-6.35760672299989],[107.0119005030001,-6.357604224999932],[107.0119151360002,-6.3575988709999365],[107.01192513000012,-6.3575924459999555],[107.01192811600004,-6.357588771999929],[107.0119342910001,-6.357581173999904],[107.01207969000012,-6.35764771099997],[107.01209120599998,-6.357652980999887],[107.0121054540001,-6.3576278089999505],[107.01241800400004,-6.357717032999972],[107.01260074600009,-6.35777509199994],[107.01271638800006,-6.357811735999974],[107.01275915600019,-6.357693963999907],[107.01278015800017,-6.357636130999936],[107.01278301300016,-6.3576242339999],[107.01278396500004,-6.357614715999944],[107.01278337900015,-6.357608858999981],[107.01278253700008,-6.357600438999896],[107.01278111000005,-6.357591872999819],[107.01278253700008,-6.357582355999909],[107.01278634400012,-6.3575728379998395],[107.01279491000014,-6.357564271999934],[107.0128063320002,-6.357555705999914],[107.01281727700012,-6.357551897999883],[107.01282965100006,-6.3575523739999085],[107.01284868600015,-6.357556656999918],[107.01292673300014,-6.357589493999967],[107.0129638520001,-6.357601819999843],[107.0129895500001,-6.357604674999891],[107.01299668900003,-6.357606816999976],[107.01300382700009,-6.357608957999901],[107.01301739000007,-6.357616809999911],[107.01302095900013,-6.357622520999939],[107.01302452800013,-6.357628231999968],[107.01303238100019,-6.357651787999885],[107.01304380200014,-6.357679627999971],[107.01304915600002,-6.357687479999981],[107.01305451000013,-6.357695331999935],[107.01307306900014,-6.357710322999935],[107.01308199200008,-6.357714605999945],[107.01309091500019,-6.357718888999955],[107.01310947500014,-6.357731737999927],[107.01311697000017,-6.357741017999899],[107.01312446600008,-6.357750297999871],[107.01312946300004,-6.357781706999958],[107.01312303800012,-6.357783847999883],[107.01311679600013,-6.357786760999943],[107.013112331,-6.357788844999959],[107.01310233700008,-6.3577959839998925],[107.01309162900009,-6.35780740499996],[107.01308805600007,-6.357814550999933],[107.0130844910002,-6.357821681999894],[107.01303166700012,-6.357930898999882],[107.01302524500011,-6.35794674899995],[107.01296456600016,-6.358096508999893],[107.0131037640001,-6.358156471999905],[107.01337145400004,-6.358288531999904],[107.01339892000004,-6.358301739999945],[107.01359559900004,-6.358396321999919],[107.0138347350001,-6.358504110999888],[107.01401319400003,-6.3585876299998745],[107.01406673200006,-6.358615469999961],[107.01415382100004,-6.358652589999906],[107.01425518600018,-6.358696133999956],[107.01425697100007,-6.358686853999927],[107.01425875500018,-6.358677573999955],[107.01426589300007,-6.358656158999963],[107.01427517300016,-6.358635456999934],[107.01428052700004,-6.358627247999948],[107.01428588100015,-6.3586190389999615],[107.01430087100016,-6.358600478999961],[107.01431871700004,-6.358579777999921],[107.01434441499998,-6.358550510999976],[107.01435384800016,-6.358541426999977],[107.01435800600018,-6.358537422999973],[107.01438296300017,-6.35851339099986],[107.01442936200004,-6.358456283999942],[107.01465208000013,-6.35811935199996],[107.01480198600012,-6.35794089299992],[107.01488978800012,-6.357848093999962],[107.01495332000019,-6.357782420999968],[107.01502684500014,-6.3576846249999335],[107.01505111500006,-6.35764964699996],[107.01507181700015,-6.357612526999901],[107.01510037000014,-6.35756255799987],[107.01512321300015,-6.357526866999933],[107.01524028300008,-6.357441919999928],[107.01528025700014,-6.35740765599985],[107.01530095900011,-6.357377673999963],[107.01535592400012,-6.357315569999969],[107.01539233000011,-6.357277022999881],[107.0154308770002,-6.3572399039999254],[107.01545657600008,-6.357223484999963],[107.0154929810002,-6.3572006419999525],[107.01552224900013,-6.357186365999837],[107.015550088,-6.35717137499995],[107.01556115300014,-6.357167448999974],[107.01557221700017,-6.357163522999883],[107.01559577400008,-6.357154242999911],[107.01566644400003,-6.357107129999918],[107.01571070200015,-6.357162094999978],[107.01576209800015,-6.357246327999917],[107.01580564200003,-6.3573548309998955],[107.01584918700019,-6.357426214999975],[107.0158656050001,-6.357460479999872],[107.01587988200015,-6.357519013999934],[107.01589344500007,-6.357576120999909],[107.0158582520001,-6.357733189999976],[107.01600958600005,-6.35778030299997],[107.01622016800002,-6.357845261999898],[107.01633224100016,-6.357885950999901],[107.01635936700012,-6.357818849999944],[107.01639791399998,-6.357699638999918],[107.0163968440001,-6.3576875049998876],[107.01639577300011,-6.357675368999878],[107.01637221600004,-6.357544021999956],[107.01636507800015,-6.357512613999916],[107.01635722500009,-6.357483345999981],[107.01635401300018,-6.357475493999971],[107.0163508010001,-6.357467641999904],[107.01632082000003,-6.357441229999949],[107.01630511500008,-6.357428380999977],[107.01629369400007,-6.357417672999873],[107.0162886970001,-6.357399826999824],[107.0162908380002,-6.357373414999927],[107.01629262300008,-6.35736591999995],[107.01629440800014,-6.357358423999926],[107.01629654900006,-6.357337008999934],[107.01629583500016,-6.357324873999914],[107.01629012500007,-6.35730631399997],[107.01628013100014,-6.357279901999959],[107.01624372500015,-6.357200665999869],[107.0162294480001,-6.357172112999876],[107.01616163400018,-6.357199951999974],[107.01612594200009,-6.357090734999929],[107.01611951700016,-6.357048618999897],[107.01612879700019,-6.357045762999917],[107.01612884900004,-6.357045714999913],[107.01612890100006,-6.357045666999909],[107.01613879100017,-6.357036482999945],[107.01614307400007,-6.357018636999896],[107.01614236000017,-6.357002932999933],[107.01613950500001,-6.356985800999951],[107.01613593500008,-6.356967240999893],[107.01613415400004,-6.3569586939999],[107.01613236600008,-6.356950108999911],[107.01612451400013,-6.3569236969999565],[107.0161180890002,-6.35689585699987],[107.01611666200017,-6.3568876529998875],[107.01611523400004,-6.356879438999954],[107.01611523400004,-6.356858023999848],[107.01612023100006,-6.356824472999904],[107.01614307400007,-6.3567316739999455],[107.0161523540001,-6.356692412999905],[107.01617234100007,-6.356613176999929],[107.01617876600017,-6.356571060999897],[107.016182335,-6.35652466099998],[107.01619161500008,-6.356456132999881],[107.01619946700004,-6.356419012999936],[107.01620194100002,-6.356406994999929],[107.01620195300006,-6.356406935999928],[107.01620196500005,-6.356406877999916],[107.01620446400017,-6.356394742999953],[107.01621659900019,-6.356369757999971],[107.01623087600007,-6.356345487999874],[107.01625728800008,-6.3563026579998905],[107.01627584800019,-6.356273389999956],[107.01630226000009,-6.3562412679999625],[107.0163472320001,-6.356171310999969],[107.01637435700007,-6.356131335999919],[107.01639862800005,-6.356106351999927],[107.01642932300001,-6.3560820819999435],[107.01647572200005,-6.356047816999933],[107.01650142100016,-6.356033540999931],[107.01651283300004,-6.35602819099995],[107.01652426300006,-6.35602283299994],[107.01654139600015,-6.356009983999911],[107.01654817700012,-6.35600355999992],[107.01655495900013,-6.355997134999939],[107.0165749460001,-6.355980716999909],[107.01658172200013,-6.355975366999928],[107.01658850900003,-6.355970008999918],[107.01660207200018,-6.355957873999955],[107.01662848400008,-6.355941454999936],[107.01666560300004,-6.355915756999934],[107.01669558500004,-6.355890772999942],[107.01671700000014,-6.355867215999922],[107.01673413200012,-6.35584151799992],[107.01673912800015,-6.355835094999918],[107.01674412600005,-6.355828668999948],[107.0167619720001,-6.355823671999872],[107.01676947000004,-6.355823314999952],[107.01677696200011,-6.355822957999919],[107.01680623000004,-6.35583366599991],[107.01682621700019,-6.355808681999974],[107.0168533430001,-6.355762995999839],[107.0168586970002,-6.355755142999897],[107.01686405000004,-6.355747290999943],[107.0168747580002,-6.35572730399997],[107.01687689900012,-6.355718380999974],[107.0168790410001,-6.355709457999922],[107.01688832100018,-6.355688756999825],[107.0169047390001,-6.355667341999833],[107.01690937900014,-6.355661273999942],[107.01691401900018,-6.355655205999881],[107.01692044400005,-6.355641642999899],[107.01692115700007,-6.35563521999984],[107.01692187100008,-6.3556287939999265],[107.01692329900004,-6.355610947999935],[107.0169268680001,-6.355602381999972],[107.0169304370001,-6.355593815999953],[107.01694400000008,-6.35556169299997],[107.01695542200014,-6.355531711999959],[107.01695898800006,-6.355523152999979],[107.0169625600002,-6.355514579999976],[107.01697612300018,-6.355480315999898],[107.01698254800004,-6.355450334999887],[107.0169861170001,-6.3554385569999],[107.0169896860001,-6.3554267779999805],[107.01699369700003,-6.355398032999915],[107.01699396900005,-6.35539608299996],[107.01699539700013,-6.355388943999969],[107.01699682400016,-6.355381805999912],[107.0170225230001,-6.355356821999976],[107.01704322400013,-6.35533968999988],[107.01704857800019,-6.355333264999899],[107.01705393100019,-6.355326840999965],[107.01706820800007,-6.355314704999955],[107.017081771,-6.355299714999944],[107.01708641100004,-6.355292575999897],[107.01709105100008,-6.355285437999953],[107.01709818900014,-6.3552675919999615],[107.01710532800007,-6.3552461769999695],[107.01710925400005,-6.355236896999941],[107.0171131800002,-6.355227616999969],[107.01712959800017,-6.355201918999967],[107.01714530300012,-6.3551790759998426],[107.01715601000001,-6.3551533779999545],[107.01717302800017,-6.355118841999911],[107.01718028100015,-6.355104122999933],[107.017192416,-6.355081279999922],[107.01719955400006,-6.35505558199992],[107.01720205300018,-6.355049156999939],[107.01720455100002,-6.355042732999948],[107.0172174000001,-6.35503630799991],[107.01722453700012,-6.355030598999974],[107.01723167700015,-6.355024886999956],[107.01724452600007,-6.355007040999908],[107.01724702400008,-6.355000616999973],[107.01724952300003,-6.354994191999822],[107.01724980800014,-6.354993208999929],[107.01725594800013,-6.354972062999934],[107.0172602310002,-6.3549613549999435],[107.01726808300015,-6.354953502999933],[107.01728664300009,-6.35494565099998],[107.01730234700017,-6.35493351599996],[107.017309485,-6.354927448999888],[107.01731662400016,-6.35492138099994],[107.01733018700014,-6.354899964999845],[107.01734946100015,-6.354852137999956],[107.01735303000015,-6.354842143999917],[107.01735659900004,-6.3548321509999255],[107.01736059700016,-6.354811493999875],[107.0173608820001,-6.354810021999924],[107.01736146000013,-6.354807997999956],[107.01736516500017,-6.354795030999867],[107.0173659350001,-6.354790664999939],[107.0173673060001,-6.354782895999904],[107.01737016200013,-6.3547686189999695],[107.01737373100019,-6.354755769999883],[107.01738158300014,-6.354738637999901],[107.0173965740002,-6.35472792999991],[107.01740371300019,-6.354725074999919],[107.01741085100008,-6.354722219999871],[107.01743226600013,-6.354721505999976],[107.01744325900006,-6.3547205359998316],[107.017456536,-6.354719363999891],[107.01746581600008,-6.354716508999957],[107.01747081300005,-6.354712225999947],[107.01750864600007,-6.354664398999887],[107.0175372000001,-6.354627278999942],[107.0175479080001,-6.354603008999959],[107.01755433200015,-6.3545723139998245],[107.01756218400004,-6.3545287689999554],[107.0175657540002,-6.354491649999886],[107.01756289800011,-6.3544445369998925],[107.01756147100008,-6.354423120999911],[107.01755718700008,-6.354415268999958],[107.01754529400006,-6.35440553799998],[107.01754148300006,-6.354402419999872],[107.01752149600009,-6.35438100499988],[107.01750365000004,-6.3543617309998695],[107.01749865300002,-6.354352093999978],[107.01749365600006,-6.354342457999962],[107.017482234,-6.354308906999961],[107.01747509600011,-6.354275356999949],[107.01747009900015,-6.354237522999938],[107.0174586780002,-6.354199689999973],[107.01744511500004,-6.354166139999961],[107.01741513400015,-6.354119025999978],[107.01736016800004,-6.354034792999926],[107.0173351840001,-6.35398982199996],[107.01730377500007,-6.353927717999966],[107.01729164000005,-6.353877748999821],[107.01728664300009,-6.353859188999877],[107.01728664300009,-6.353851336999924],[107.01728664300009,-6.3538434849999135],[107.01728949800008,-6.353826352999931],[107.01729128300013,-6.353818856999908],[107.01729306700008,-6.353811361999931],[107.01729877800011,-6.353792087999921],[107.01730091900004,-6.353785306999896],[107.017303061,-6.353778524999939],[107.017303061,-6.353764248999937],[107.017303061,-6.353754253999966],[107.017303061,-6.353744260999974],[107.01732006700018,-6.353670058999967],[107.01732140100012,-6.3536442199999215],[107.0173177740001,-6.353633471999956],[107.01731414500006,-6.353622719999919],[107.01729968800004,-6.353594071999964],[107.01728951800004,-6.353561101999901],[107.01728933900011,-6.353515175999917],[107.01728903100013,-6.3534362409998835],[107.01729442800013,-6.353348670999935],[107.01731373400008,-6.353149101999918],[107.01731755100013,-6.353024222999977],[107.0173244660001,-6.352958175999959],[107.01733714800008,-6.352899282999942],[107.01735704600014,-6.352851843999929],[107.01737838000014,-6.3528043979999325],[107.01737961300012,-6.352752725999892],[107.01738595800003,-6.352540289999979],[107.01738271400012,-6.352444142999957],[107.01735934800013,-6.352338027999963],[107.01735896300005,-6.3522389999999405],[107.0173596030001,-6.352035196999964],[107.01735486400014,-6.35192326899994],[107.0173545790002,-6.351850073999913],[107.01734563100018,-6.35176256099993],[107.01734533400008,-6.351686495999957],[107.01734653400018,-6.351626211999928],[107.01735204300019,-6.351567346999957],[107.01736473000005,-6.351509888999942],[107.01737450900009,-6.351442395999925],[107.01738721800012,-6.3513906789999055],[107.01740430300003,-6.3513576019999505],[107.01741144000005,-6.35134824499994],[107.01741857600007,-6.351338888999976],[107.01742840999998,-6.3512857479999525],[107.01743682200015,-6.351235481999936],[107.01744532800018,-6.351209614999959],[107.01745810500006,-6.351175119999937],[107.0174895020001,-6.35113337699994],[107.01748791100005,-6.351093196999898],[107.01748642900009,-6.35108100399998],[107.01748494700013,-6.351068809999845],[107.01747622200003,-6.351038704999837],[107.0174588180002,-6.350989974999891],[107.01744853600007,-6.3509283009999535],[107.01744244600008,-6.350837905999924],[107.01743640100005,-6.350758992999943],[107.01742480200005,-6.350727463999931],[107.01740746500013,-6.350695956999971],[107.01739585400014,-6.350661556999967],[107.01738710200016,-6.350624274999916],[107.017389848,-6.350592689999871],[107.0173939620002,-6.35054387699995],[107.01739812500006,-6.350507979999975],[107.0173952090002,-6.350495792999936],[107.01739229200001,-6.350483603999919],[107.01737356000007,-6.350462148999895],[107.01734624300002,-6.350446467999973],[107.01722986400011,-6.350399559999971],[107.01719535700016,-6.350379600999929],[107.01714931900011,-6.3503453359999185],[107.01714210700004,-6.350335316999974],[107.01713489600007,-6.350325298999962],[107.01711758100015,-6.350299531999951],[107.01711252400014,-6.350290222999888],[107.01710746700019,-6.3502809139999385],[107.01710303500016,-6.350247920999948],[107.01709716900007,-6.350214933999894],[107.01709429100015,-6.350205846999927],[107.01709141399999,-6.350196760999893],[107.01705064999999,-6.350196760999893],[107.01699925300011,-6.350196760999893],[107.01691359300014,-6.350165352999966],[107.01681841400017,-6.350122521999879],[107.01666232200006,-6.350048282999978],[107.01663852700011,-6.350036861999968],[107.01641676100007,-6.3499312139998665],[107.01616453900016,-6.349814143999936],[107.01590279800007,-6.349684700999887],[107.01587043700016,-6.349667568999962],[107.0156810320002,-6.349573342999918],[107.0156553340002,-6.349560017999977],[107.01564676800001,-6.349553354999955],[107.01564581600013,-6.349545740999929],[107.01565057500005,-6.34952670499996],[107.01566009300018,-6.3495019589999515],[107.01566961100008,-6.34946674299988],[107.01567817700004,-6.349441995999882],[107.01568293600019,-6.349401069999942],[107.0156800800001,-6.34937441999989],[107.01567532100017,-6.349348720999899],[107.01567294300014,-6.349338734999947],[107.01567056200003,-6.349328733999926],[107.01566104500006,-6.349303035999924],[107.01564962300017,-6.349271626999894],[107.01562392500017,-6.349210712999934],[107.01561631100009,-6.349185014999932],[107.01561345500005,-6.349164074999976],[107.01561345500005,-6.349156936999918],[107.01561345500005,-6.349149798999974],[107.01561535899998,-6.349132665999946],[107.01561678700011,-6.349126002999924],[107.01561821400014,-6.3491193409998345],[107.01562392500017,-6.349106015999951],[107.01562820800007,-6.349098877999893],[107.01563249100019,-6.349091739999949],[107.01567151400013,-6.349047005999978],[107.01576003000014,-6.348972766999964],[107.01584759400015,-6.3489080449999165],[107.01589232800012,-6.34887758799988],[107.01592564100008,-6.348846178999963],[107.01594562800005,-6.348812866999879],[107.01596276000004,-6.348779553999975],[107.01597608500003,-6.348746241999947],[107.01598369900012,-6.348705314999961],[107.0159856030001,-6.348666291999905],[107.01598845900014,-6.348655345999816],[107.01599131400013,-6.348644400999888],[107.01600178299998,-6.348601570999961],[107.01602367400011,-6.348532089999935],[107.01603033700007,-6.348497825999914],[107.01603319200001,-6.348456899999917],[107.01602843300009,-6.3484064549999175],[107.0160255780001,-6.348395509999875],[107.01602272300016,-6.348384563999957],[107.01601891600006,-6.34836267299994],[107.0160203440002,-6.348356485999943],[107.01602177100006,-6.348350299999879],[107.0160255780001,-6.348330311999916],[107.01602700500013,-6.348319369999899],[107.01602843300009,-6.348308420999956],[107.01602748200008,-6.348279867999906],[107.01602177100006,-6.348255120999909],[107.01601415700014,-6.348245603999942],[107.01600654200013,-6.348236085999929],[107.01597703700008,-6.348210386999938],[107.01591802600007,-6.348176122999973],[107.01589613500016,-6.348164701999963],[107.01589708700004,-6.348157562999916],[107.01589803900015,-6.348150424999972],[107.01592088200016,-6.348068570999942],[107.01594562800005,-6.348005753999871],[107.0159751330001,-6.347935321999898],[107.01601701200013,-6.34785917899984],[107.0160512760001,-6.347795408999957],[107.01601531700004,-6.347774172999891],[107.01594436300007,-6.347726608999949],[107.01569646800004,-6.34742904899997],[107.01562922000016,-6.347350852999966],[107.0155620000001,-6.3473019999999],[107.01551630000006,-6.347284902999945],[107.01564056600006,-6.346846410999888],[107.01567490600007,-6.346727273999875],[107.01580549900012,-6.346274192999886],[107.01581545600015,-6.346239647999937],[107.0153341940001,-6.34604820699991],[107.01511171400017,-6.345948268999905],[107.01515811400009,-6.345847141999968],[107.01518547800003,-6.34578765599997],[107.01521641100004,-6.3456996159999335],[107.01524020500005,-6.345627041999876],[107.0152544820001,-6.345586590999915],[107.01527470700006,-6.345548519999966],[107.01532943500013,-6.345455720999951],[107.01535085000006,-6.345424787999946],[107.01539249100006,-6.345381957999962],[107.01542580300014,-6.345352213999888],[107.01548172000003,-6.345311763999916],[107.01557095000015,-6.345261794999942],[107.01567921600002,-6.345188031999896],[107.01574703000017,-6.345138062999922],[107.01582317300017,-6.345076196999969],[107.01599687400005,-6.3449393779999355],[107.01605279100016,-6.344890598999882],[107.01609324200018,-6.344851337999842],[107.01613726200009,-6.344807317999937],[107.0162026970001,-6.344744261999949],[107.01628597800016,-6.344683585999974],[107.01639800000004,-6.344612999999924],[107.01630831000006,-6.344334251999953],[107.01606361100016,-6.344306374999974],[107.01600861300005,-6.3443041969999285],[107.0159464240001,-6.34429726299993],[107.01586258700002,-6.344256923999865],[107.01578839800004,-6.344238076999886],[107.01566640100015,-6.3442218079998725],[107.01563284600013,-6.344200409999871],[107.01561119900003,-6.344167005999964],[107.01557525300007,-6.344145616999981],[107.01553218100003,-6.344136216999914],[107.01493006100014,-6.343788053999958],[107.01439917700009,-6.343488699999966],[107.01416857400011,-6.343305455999939],[107.01430295700015,-6.3431320879999475],[107.01424489800002,-6.3430530899998985],[107.01414781600016,-6.343006452999873],[107.01398506100014,-6.342948393999961],[107.013901304,-6.342902707999883],[107.01381374000005,-6.342825613999935],[107.0137564810002,-6.342741738999905],[107.01367795900012,-6.342706047999968],[107.01360895400018,-6.342675113999974],[107.01357628600016,-6.342660140999897],[107.01349474100004,-6.34262276599992],[107.01339956200007,-6.342646559999935],[107.01326869100018,-6.342625144999943],[107.01318303100004,-6.342584694999971],[107.0130854730001,-6.342575176999958],[107.01302122700014,-6.342587074999813],[107.01298077700017,-6.342551381999954],[107.01300913700004,-6.34248920899995],[107.0131045080002,-6.342280123999899],[107.0132353790001,-6.342372922999857],[107.01330676300012,-6.3423871989999725],[107.0133781460001,-6.342401475999907],[107.01342811500007,-6.342399096999884],[107.0134542890001,-6.3423871989999725],[107.01351377600014,-6.342406234999942],[107.01379660800006,-6.342537222999965],[107.01384990800005,-6.342553402999954],[107.01388607600018,-6.3425619689999735],[107.01398125400004,-6.342583859999877],[107.01410117900014,-6.342631449999942],[107.01423442900017,-6.3426685689999545],[107.01439813600012,-6.342705688999956],[107.01439956300015,-6.342700929999978],[107.01440099100006,-6.342696170999943],[107.0144076540002,-6.34268855699986],[107.01441812300004,-6.342683797999882],[107.01443240000009,-6.342684748999886],[107.01452091600015,-6.342719013999954],[107.01455232500018,-6.342729482999971],[107.01460405400007,-6.342734192999899],[107.01474863000016,-6.342300513999817],[107.01476100400009,-6.342264345999922],[107.01477908700008,-6.342211045999875],[107.01480478600018,-6.342138710999905],[107.01491995200013,-6.341895053999906],[107.01501322600018,-6.341664721999962],[107.01510079100007,-6.341481979999855],[107.01522071500005,-6.341534327999909],[107.01534064000009,-6.341307802999836],[107.01544838200016,-6.341106119999949],[107.01526564000011,-6.3409947609999335],[107.01494859000019,-6.340762026999869],[107.01475671200012,-6.3406669519999355],[107.01472078600017,-6.34064915099998],[107.01469447700003,-6.340636114999938],[107.01418407600016,-6.340383212999882],[107.01415623100007,-6.340369415999817],[107.0132893070001,-6.339980079999918],[107.01316319500017,-6.339933679999888],[107.01294071600012,-6.339851588999977],[107.01265535300007,-6.339713472999904],[107.01270607200007,-6.339683027999968],[107.0125905390002,-6.339609254999971],[107.012491791,-6.339546199999916],[107.01249714500011,-6.339537573999905],[107.01250249800012,-6.3395289489998845],[107.0125268880002,-6.339489092999884],[107.01256020000011,-6.339439718999813],[107.0126089790001,-6.339378447999877],[107.01271486500019,-6.339287432999981],[107.01272527500015,-6.339281484999958],[107.01273568600004,-6.339275535999889],[107.01275353200009,-6.339261258999954],[107.01276037300005,-6.339254120999897],[107.01276721400018,-6.339246982999953],[107.01281718200005,-6.339214264999896],[107.01282848500017,-6.339210100999821],[107.01283978700002,-6.339205936999917],[107.01292425800017,-6.3391827369999305],[107.01294983700006,-6.339171434999969],[107.01295935500013,-6.339167567999937],[107.01296887300003,-6.339163700999961],[107.01301527200008,-6.339170839999952],[107.01316993700016,-6.338954903999934],[107.01317469600014,-6.338945385999921],[107.01317350600004,-6.338937057999942],[107.01317053200012,-6.338928729999964],[107.01316755800008,-6.338919806999968],[107.01316220400014,-6.338907313999812],[107.01315863500014,-6.33889749899987],[107.01315506600008,-6.338887683999872],[107.01323001900016,-6.3387003009999034],[107.0132389420001,-6.338672937999945],[107.01324310600012,-6.338654496999936],[107.01324102400008,-6.338646762999929],[107.0132389420001,-6.338639029999911],[107.0132294240002,-6.338618209999936],[107.01321693200009,-6.338587276999874],[107.01321514699998,-6.3385676459999445],[107.01321604000015,-6.338558425999963],[107.01321693200009,-6.338549205999925],[107.01322561700016,-6.338522793999971],[107.01326701900001,-6.338449981999872],[107.01329128999998,-6.338400012999955],[107.01337409500019,-6.338267952999956],[107.0133341200002,-6.338244396999926],[107.01333483400003,-6.338176581999903],[107.01333661900009,-6.338171822999868],[107.01333840300009,-6.338167063999947],[107.01336600500008,-6.338137558999961],[107.01339741400005,-6.338107101999924],[107.01343358200006,-6.338078547999885],[107.01344262300017,-6.33807283799996],[107.01345166500005,-6.338067126999931],[107.0134887850001,-6.33807283699997],[107.01354684400019,-6.338015729999938],[107.01357444600018,-6.337992887999917],[107.01362679400006,-6.337940538999931],[107.01363345500016,-6.337932450999972],[107.01364011900017,-6.337924358999942],[107.01370008100014,-6.337870106999958],[107.01372768300013,-6.337843456999963],[107.01375242900008,-6.337797771999931],[107.01363916700012,-6.337746374999938],[107.01362203500008,-6.337735905999978],[107.0136239380002,-6.337718773999882],[107.01364202200006,-6.337674039999911],[107.01367533500007,-6.337618835999876],[107.01369341900016,-6.337595041999862],[107.01370198500013,-6.337589806999972],[107.01371055100014,-6.337584571999969],[107.01371901600004,-6.337582547999887],[107.01375433300001,-6.3375741019999055],[107.01376004400004,-6.337565059999974],[107.01376575400019,-6.337556018999919],[107.01378479000016,-6.337532223999972],[107.01381239200015,-6.337504621999926],[107.0138130630001,-6.337503871999957],[107.01382048200009,-6.337495579999882],[107.01382857200002,-6.3374865379999505],[107.0138495110001,-6.33744180399998],[107.01388187200018,-6.337376130999928],[107.01391864100015,-6.337303307999946],[107.01392519400002,-6.337290327999938],[107.01401150500016,-6.3370246369998995],[107.01404698599998,-6.336920726999949],[107.01411144200017,-6.336731963999966],[107.01413856800013,-6.336634881999885],[107.01417854300013,-6.336482119999971],[107.01422850800009,-6.336303174999898],[107.01423993300006,-6.3362622579999766],[107.01428561900013,-6.3360995029998435],[107.01432111200012,-6.336019482999973],[107.01436414100004,-6.335922470999947],[107.01459399700008,-6.3359952829999315],[107.0148513170002,-6.336092148999853],[107.01485938500014,-6.336095185999909],[107.01485918500015,-6.336043755999924],[107.01485908800004,-6.336018641999885],[107.01491632500006,-6.3356739679999805],[107.01498771700011,-6.3352802019999785],[107.01502282600012,-6.33508631199993],[107.01504505600013,-6.3349618399999486],[107.01505647600004,-6.334908278999933],[107.01505681600008,-6.334908366999969],[107.01512522000002,-6.334926036999889],[107.01512684900007,-6.334915448999936],[107.01513015100016,-6.334893982999915],[107.01514442800004,-6.334801183999957],[107.01517153700007,-6.334604462999948],[107.01518957100012,-6.334433136999962],[107.01519397300012,-6.334391317999973],[107.01519915600011,-6.334350037999968],[107.01564309600008,-6.334432958999969],[107.01570483600005,-6.334199227999818],[107.01572637700014,-6.334117679999906],[107.0156668910002,-6.334061166999959],[107.0156817620001,-6.33391245099989],[107.01567879300012,-6.333903002999932],[107.01567657300012,-6.333895937999955],[107.01567507500016,-6.333891173999973],[107.01561632800019,-6.33370424799989],[107.01561422200018,-6.333633695999936],[107.01561037900012,-6.333504968999932],[107.01561954800007,-6.333448970999825],[107.0156477000001,-6.333277048999889],[107.01564904200006,-6.333268852999936],[107.01565038300004,-6.333260657999972],[107.01566608700011,-6.333112178999954],[107.01564324499998,-6.3330022479999],[107.01563182300015,-6.332956561999936],[107.01569035800009,-6.332929436999905],[107.01575174800018,-6.332923724999887],[107.01582455900007,-6.332909448999942],[107.01585398300006,-6.332870107999895],[107.01589235600011,-6.332875893999926],[107.01589472000012,-6.332866402999855],[107.0158964040001,-6.3328596429998925],[107.01589927000015,-6.3328481379999175],[107.01595280800012,-6.332500735999872],[107.01603014000011,-6.33201056799993],[107.0160408480001,-6.331942752999964],[107.01605631400014,-6.331889214999933],[107.01607599300013,-6.331856208999909],[107.01614765500017,-6.331736013999944],[107.01617084900016,-6.331697112999905],[107.01625685100015,-6.331552865999981],[107.01632204600014,-6.33144351899989],[107.01639622800002,-6.331318529999919],[107.01639655900016,-6.331317971999965],[107.01636104000016,-6.3312505909999],[107.0163583100001,-6.331245547999856],[107.01633455100017,-6.331201656999951],[107.01633089100005,-6.3311825349998685],[107.01633076400014,-6.331175498999926],[107.01633063700001,-6.3311684629998695],[107.016361566,-6.331006163999859],[107.01644820100017,-6.330621031999954],[107.0164482080001,-6.330620998999962],[107.0164482150002,-6.3306209659999695],[107.01649217600016,-6.330425541999944],[107.01650465000012,-6.330397165999898],[107.01650734400016,-6.330391037999959],[107.0167722440001,-6.330145065999943],[107.01717547700014,-6.329776581999909],[107.0172478610001,-6.329710435999914],[107.0172601450002,-6.329699210999877],[107.01729073000018,-6.329678157999922],[107.01732118600017,-6.329657192999889],[107.01740558300014,-6.329693648999978],[107.017451107,-6.3297133129999],[107.01749548500015,-6.32972966299991],[107.01751214000018,-6.32973579899982],[107.01755367300018,-6.329749258999868],[107.01770487600015,-6.3297982599999045],[107.01785692400011,-6.329847514999926],[107.01793809100019,-6.32987148199993],[107.01815967200014,-6.3299369109999475],[107.01826753200015,-6.329960386999915],[107.01827263900014,-6.329961498999921],[107.018389233,-6.329985769999894],[107.01845205100005,-6.3300019499998825],[107.0185753070001,-6.330040972999939],[107.01861568400017,-6.3300521669999625],[107.01862337200009,-6.3300542979998795],[107.01867762400013,-6.3300666709999405],[107.01872977400001,-6.330073749999883],[107.0187706050001,-6.330077863999975],[107.01880948500013,-6.330081780999933],[107.01881207100018,-6.330112008999947],[107.01884248900001,-6.33012083999995],[107.01884248900001,-6.330225536999933],[107.01889364800007,-6.33027074599994],[107.01898114800002,-6.330292790999977],[107.01935169400014,-6.330386149999981],[107.01941306500015,-6.330403463999971],[107.01941604000012,-6.330363012999953],[107.01942020400014,-6.33026902499995],[107.01942216200013,-6.330169681999905],[107.01942674700007,-6.330119713999977],[107.01944102400006,-6.330022749999955],[107.0194713620001,-6.3298633269998845],[107.01949337200017,-6.329766957999823],[107.01948201900018,-6.329765438999971],[107.01947066700012,-6.3297639209999375],[107.01933741800002,-6.329743694999934],[107.0194780000001,-6.329391999999871],[107.0195627180002,-6.3291861049999625],[107.01951944600017,-6.329125035999823],[107.01961224500013,-6.328826412999888],[107.01971932000004,-6.328503995999938],[107.01982996600009,-6.3285384979999435],[107.02006434300006,-6.328615829999876],[107.02009765500014,-6.328557533999913],[107.02014584200015,-6.328419579999888],[107.02019021600006,-6.328431024999929],[107.02027286800018,-6.328380262999929],[107.02067372200014,-6.328134068999873],[107.02079555100016,-6.327780004999909],[107.02086408000008,-6.32784472599991],[107.02100875000014,-6.327983686999971],[107.02093200900009,-6.328203674999884],[107.02097236600014,-6.328226909999955],[107.02104661800007,-6.32825428599989],[107.02105735900017,-6.328258245999962],[107.02126867100003,-6.32831177099996],[107.02134827600014,-6.328336093999894],[107.02138954100008,-6.3283487029999606],[107.02162593700012,-6.328427915999953],[107.02165069400013,-6.328438022999819],[107.02192046900018,-6.328548163999869],[107.02193344600005,-6.328554650999877],[107.02205461300008,-6.328615215999889],[107.02220008400013,-6.32867504799998],[107.02241551300006,-6.328741783999817],[107.02245829000015,-6.328756265999971],[107.02264951900008,-6.328821004999952],[107.02273308600013,-6.328851192999878],[107.0227840020001,-6.328869585999826],[107.02279855400008,-6.3288748429998805],[107.02287361200007,-6.328888886999891],[107.0229323550002,-6.328899878999948],[107.02294569300005,-6.3289023749998705],[107.02302801800005,-6.328912677999938],[107.02313307700013,-6.328981179999971],[107.02338477400008,-6.329152423999972],[107.02342427700006,-6.329166621999889],[107.02346375200005,-6.329173644999912],[107.02355102800016,-6.3291768929999535],[107.0236908810001,-6.329175151999948],[107.02392287900011,-6.32919936299993],[107.02399075400012,-6.329199098999823],[107.02413804500014,-6.329198524999924],[107.02429107500018,-6.329203907999954],[107.02429753500019,-6.3292052949999515],[107.02444421200016,-6.32923679899983],[107.02443495200009,-6.329314575999945],[107.02459636800012,-6.329324710999913],[107.0246465640002,-6.32932212299994],[107.02465674700005,-6.329326271999946],[107.02465677400016,-6.3293262829999435],[107.0246669180001,-6.329330415999948],[107.02471002600015,-6.329349383999897],[107.02475910600009,-6.329367131999959],[107.02479616700003,-6.329368183999975],[107.02484995800017,-6.329367973999922],[107.0249062050001,-6.329384498999957],[107.02494812200013,-6.329404666999949],[107.02503064500007,-6.329415109999843],[107.02507842700015,-6.32940655099992],[107.0251500600001,-6.329383547999896],[107.02520014400017,-6.329352255999879],[107.02525622800005,-6.329326920999904],[107.02534324800013,-6.329264389999878],[107.025386169,-6.329235517999905],[107.02539217600008,-6.329243267999914],[107.0253981830001,-6.329251018999855],[107.02541771900013,-6.329356191999921],[107.02542090700007,-6.329422696999927],[107.02567027100008,-6.329455211999971],[107.02599019200017,-6.329492656999946],[107.02600154300012,-6.329493985999875],[107.0262479750001,-6.329512910999938],[107.02628314000009,-6.329515610999977],[107.02636103100002,-6.329526880999936],[107.02650700000015,-6.329547999999932],[107.02649007100007,-6.329841606999935],[107.02648607100008,-6.329910986999835],[107.02648504700016,-6.3299287509999544],[107.0264864130001,-6.3299289119999],[107.02653366200019,-6.329934489999914],[107.02653408000003,-6.3299345389999075],[107.02653519900008,-6.329934615999946],[107.02677979800012,-6.329951519999895],[107.02688370800001,-6.329959793999876],[107.0269171000001,-6.329962452999894],[107.0270518320001,-6.329973181999833],[107.02715822700009,-6.329979673999901],[107.02718104700006,-6.329981065999959],[107.02718107900006,-6.329981067999938],[107.02718111000013,-6.32998106999986],[107.02730053100015,-6.329988356999934],[107.0275563850002,-6.329999317999864],[107.02775605300019,-6.330009301999951],[107.02795452100008,-6.3300180949999],[107.02796911700005,-6.330082621999907],[107.02797272700019,-6.330082607999827],[107.02809343500019,-6.330082136999977],[107.02836964300013,-6.330101389999868],[107.02839597000008,-6.330108462999931],[107.02839918000018,-6.330108613999926],[107.02848478400017,-6.330112638999822],[107.02867048000007,-6.330121369999915],[107.0287247600001,-6.330123921999871],[107.0287446690001,-6.330126739999912],[107.02879054200008,-6.330133232999913],[107.02891590800016,-6.330140473999904],[107.02896016600005,-6.330143029999931],[107.02896510700003,-6.330143314999873],[107.02896664300016,-6.330138069999975],[107.02897301500013,-6.330116317999966],[107.02897808400013,-6.330099011999948],[107.02900656700007,-6.330046276999838],[107.02901195400011,-6.330038029999969],[107.0290348150001,-6.330003027999965],[107.02904102700012,-6.329993517999981],[107.02906533000004,-6.329966039999931],[107.02907526000018,-6.329954811999926],[107.02908030100014,-6.329949111999952],[107.02912421600013,-6.329904829999862],[107.02915055200003,-6.329878273999952],[107.02919931500003,-6.329814694999925],[107.0292206580001,-6.329770358999838],[107.02922716400013,-6.329755888999955],[107.02925028600009,-6.329704462999871],[107.02927003700006,-6.329661203999933],[107.02928584300008,-6.329626583999925],[107.02931785100009,-6.329558286999941],[107.02932280700014,-6.3295369119999805],[107.02933635800008,-6.329478471999948],[107.02933783600002,-6.32947209699995],[107.02935422600018,-6.32938352799988],[107.02937009300013,-6.329313774999889],[107.02937655500017,-6.329285368999933],[107.02939415900016,-6.329230496999912],[107.02940844200003,-6.3291859759999625],[107.02944883100008,-6.329036558999974],[107.0294543980001,-6.32901596399995],[107.02948979199999,-6.32889622499988],[107.02949819200018,-6.328868166999882],[107.02954643100014,-6.328707034999979],[107.02958182100008,-6.328586100999814],[107.02959352900018,-6.328547595999908],[107.02961271500016,-6.328484501999924],[107.02961604700005,-6.328473542999916],[107.02964086900016,-6.328401684999903],[107.02966337100008,-6.328347776999976],[107.02968234300005,-6.328308234999895],[107.02970373800014,-6.328277054999887],[107.02974896100005,-6.32822544999982],[107.02982036500009,-6.328143842999907],[107.02987274600008,-6.328088621999939],[107.02988839400012,-6.3280649379999545],[107.02989914400013,-6.328048666999848],[107.02990602000017,-6.328038259999971],[107.02992970300011,-6.3279807589998995],[107.0299388320002,-6.32793560499988],[107.02994494800004,-6.327905351999959],[107.02995557100007,-6.327870625999935],[107.02995908100019,-6.327864646999899],[107.02997457000015,-6.327838259999908],[107.0299995520001,-6.327807065999934],[107.03004124000017,-6.327768630999856],[107.03006267200016,-6.327747018999844],[107.03006680900006,-6.327735042999905],[107.03007094600014,-6.3277230669999085],[107.03007126000017,-6.327720693999879],[107.03007442900014,-6.327696740999954],[107.03007435700016,-6.327678404999915],[107.03007433100015,-6.327671624999823],[107.03007189600004,-6.327660271999946],[107.0300694610001,-6.327648919999888],[107.03004301400011,-6.327610751999941],[107.03001172400019,-6.3275570539999535],[107.0299984770001,-6.327531988999908],[107.02999598400015,-6.3275056869999275],[107.03000065800018,-6.327478160999874],[107.03002506500013,-6.327432513999952],[107.03003269900006,-6.327418234999925],[107.03006725900008,-6.327366489999974],[107.03006954,-6.327363074999937],[107.03007053200008,-6.32736037199993],[107.03008491700012,-6.327321154999936],[107.0300885050001,-6.327300957999967],[107.03008959500016,-6.32729482499991],[107.0300846740002,-6.327258963999952],[107.03007734800013,-6.327219523999872],[107.03005791800013,-6.32714185999987],[107.03004700100018,-6.327101238999944],[107.03004695499999,-6.327089278999949],[107.03004690800009,-6.3270773189999545],[107.03005867500008,-6.327029432999893],[107.03008509800009,-6.32691910099993],[107.03010454700018,-6.326837892999947],[107.03010665500017,-6.326804266999886],[107.03010679700014,-6.326802003999887],[107.0301067480001,-6.326789445999907],[107.03010669900016,-6.326776888999973],[107.03009821500018,-6.3267470219999495],[107.03008487900013,-6.326699233999932],[107.03006791100017,-6.326639499999942],[107.03005444900009,-6.326559419999967],[107.03004318700005,-6.326430295999955],[107.03003587400008,-6.3263944449999485],[107.03001665100015,-6.326369403999877],[107.03000826400012,-6.326364054999885],[107.02999987400011,-6.326358704999905],[107.02996399900007,-6.326355256999875],[107.02991275500011,-6.326342286999875],[107.02988024000018,-6.326334056999883],[107.02982993700016,-6.326309136999953],[107.02979142499998,-6.32624231099993],[107.02980016800012,-6.3262348999999745],[107.02983130500013,-6.326208503999908],[107.02984793800016,-6.326194403999978],[107.02986681500005,-6.326163858999962],[107.02987568300006,-6.326149510999926],[107.02991474400017,-6.326086307999901],[107.02993684800003,-6.326050541999962],[107.0299377410002,-6.326049096999952],[107.02994034000017,-6.326046214999963],[107.02996630600018,-6.326017410999896],[107.02998631500014,-6.32599867599987],[107.03000778700016,-6.325987109999971],[107.03001781400019,-6.325983482999959],[107.03002784100005,-6.32597985599989],[107.03007661100014,-6.325979664999977],[107.03012397500015,-6.325986655999941],[107.03015122400001,-6.325985113999877],[107.03016052500016,-6.325979336999978],[107.03016982600013,-6.325973559999909],[107.03017978300016,-6.325951992999933],[107.03018045500005,-6.325940509999953],[107.03018112800004,-6.32592902499988],[107.03019371300007,-6.325845733999927],[107.03021347000004,-6.325762414999929],[107.0302433020002,-6.325687666999897],[107.03027457300004,-6.325614349999967],[107.03030298700008,-6.325543913999979],[107.0303300280001,-6.325489269999821],[107.03036001100014,-6.325453272999937],[107.03038715800017,-6.325425897999821],[107.0304064710001,-6.325413097999899],[107.03041384200009,-6.325408212999946],[107.0304197850001,-6.325405807999914],[107.03046754899998,-6.325386474999846],[107.03051799500008,-6.325367575999962],[107.03053916600015,-6.3253596439999455],[107.0305931060002,-6.325344328999904],[107.03060579400017,-6.325340725999979],[107.03066164700004,-6.325317543999915],[107.03068955900005,-6.3253023649999705],[107.03071817500012,-6.325283595999963],[107.03072531900017,-6.325276391999978],[107.03073246300005,-6.325269187999822],[107.03074098200017,-6.3252469089999295],[107.03074736400015,-6.325228225999979],[107.03074813200004,-6.325224102999925],[107.03074844100013,-6.325222442999859],[107.03074876900018,-6.325220685999966],[107.03075017400005,-6.325213145999953],[107.03075577500005,-6.325177960999895],[107.03075732600007,-6.3251497079999695],[107.03075733000009,-6.325149637999971],[107.0307573340001,-6.3251495689999615],[107.03075778400012,-6.325141355999904],[107.03076126600007,-6.325114790999919],[107.03076338400007,-6.325106171999835],[107.03076550200007,-6.3250975519999315],[107.03077188700013,-6.325079586999948],[107.03078118000008,-6.32507165699991],[107.03079479000019,-6.325067297999965],[107.0308220660001,-6.325072931999898],[107.03087288500012,-6.325085926999918],[107.03087734800005,-6.325087067999959],[107.03092403400018,-6.325104107999948],[107.0309468010002,-6.325110276999908],[107.03095275300018,-6.32511188999996],[107.03096423800014,-6.325114355999972],[107.0309757230001,-6.325116822999917],[107.03100870600008,-6.325114540999891],[107.03104022400004,-6.325104371999942],[107.03107028300013,-6.325087748999977],[107.03110808500008,-6.325033781999878],[107.03112948100005,-6.3250028409999],[107.03113942300018,-6.324977685999954],[107.03114448700006,-6.324961812999959],[107.03114721700013,-6.324953256999947],[107.03115869900017,-6.324925242999939],[107.03115929500001,-6.324923787999921],[107.031169997,-6.324909394999963],[107.03117643300004,-6.324904345999926],[107.03118286800014,-6.324899297999934],[107.0312007780002,-6.324894204999964],[107.03120974300015,-6.324893451999969],[107.03121870300015,-6.324892698999918],[107.03123665900006,-6.324899087999938],[107.03127691499998,-6.32492261099992],[107.03131069900013,-6.324941853999917],[107.03132147200006,-6.324945758999945],[107.03133224600003,-6.3249496639999165],[107.031358775,-6.324947406999911],[107.03136520800012,-6.324941640999896],[107.03137164000009,-6.324935874999937],[107.03139588800013,-6.324900617999958],[107.03144925600014,-6.324833824999928],[107.0314776100002,-6.324798338999926],[107.03157284500014,-6.324697502999925],[107.03163474200005,-6.324630284999955],[107.03164457400015,-6.324621361999959],[107.03173003400008,-6.324543799999844],[107.03177286099998,-6.324491007999825],[107.03180135300005,-6.324398516999963],[107.03182007700019,-6.324337734999915],[107.0319199810001,-6.324208176999946],[107.03195793300006,-6.324131483999906],[107.03201011800019,-6.324026031999892],[107.03208146500015,-6.323930072999929],[107.03213362800011,-6.323852878999958],[107.03215277400005,-6.323824545999912],[107.03224778500004,-6.323666301999879],[107.03234277800016,-6.323503273999904],[107.03243769500011,-6.323321110999927],[107.0325137860001,-6.3232155649998845],[107.03255196200007,-6.323196279999877],[107.03258738400018,-6.323196140999869],[107.03260455800017,-6.323196073999952],[107.03266199000012,-6.323210201999814],[107.03268732600009,-6.323245816999929],[107.03271968500019,-6.323291303999952],[107.03275737799999,-6.323348377999878],[107.03278513700008,-6.3233904109998775],[107.03281107300012,-6.323429682999915],[107.03285899900015,-6.3234581989999015],[107.03304552900016,-6.323471821999874],[107.03316505800018,-6.3234810479999055],[107.03322249600012,-6.323485480999921],[107.03337563100007,-6.323518369999817],[107.03353832900007,-6.323551221999935],[107.03371548300015,-6.323612720999961],[107.03382627600018,-6.323646886999882],[107.03386867400013,-6.323659960999976],[107.03396440700016,-6.3236247059999755],[107.033973715,-6.323621277999962],[107.03406909900008,-6.323558712999954],[107.03409278800018,-6.323517713999934],[107.03410234400008,-6.323501173999887],[107.03410225300019,-6.323477794999917],[107.03410208300016,-6.3234341999999515],[107.03406805200012,-6.323290812999971],[107.03406526100014,-6.323234254999932],[107.03406285900013,-6.323185584999976],[107.03408157300004,-6.323080263999884],[107.03410073100002,-6.323035979999872],[107.03411474300015,-6.323003589999928],[107.03413078700004,-6.322989113999881],[107.03420527200007,-6.322921907999955],[107.03430530600019,-6.322825835999879],[107.03437678400007,-6.322763363999968],[107.03441951700012,-6.322686652999835],[107.03444788700017,-6.32260521399985],[107.03445715000015,-6.32252863399998],[107.03447538400007,-6.322488077999935],[107.0344836210001,-6.322483823999903],[107.0344918580002,-6.322479569999928],[107.03451041800008,-6.322468862999926],[107.03453326100015,-6.322458154999936],[107.03454254000007,-6.322452087999977],[107.0345518210001,-6.322446019999973],[107.03457180800001,-6.322433884999953],[107.03458073100018,-6.322429244999853],[107.03458965400011,-6.322424604999981],[107.03460892800007,-6.32242103599998],[107.03461678000019,-6.322423176999962],[107.03462463200015,-6.322425318999876],[107.03465175800005,-6.322429601999886],[107.03468459500004,-6.322429601999886],[107.03473456300009,-6.3224360259998775],[107.03477810700014,-6.322443877999888],[107.03478774700005,-6.322447090999901],[107.03479738100015,-6.3224503029999255],[107.03482236500008,-6.322468862999926],[107.03484806400013,-6.322478142999898],[107.03488803800008,-6.32249955799989],[107.03495870800009,-6.322529538999959],[107.03497869600011,-6.32253667699996],[107.03498869000009,-6.32253524999993],[107.03499868300008,-6.322525969999958],[107.03501224600006,-6.322513120999929],[107.03502045600004,-6.322506338999915],[107.03502866500008,-6.32249955799989],[107.03504793800016,-6.322485994999909],[107.03506580900012,-6.322470831999908],[107.03507149500007,-6.322466006999946],[107.03507760300005,-6.322458723999887],[107.0350779440002,-6.32245831799986],[107.03509005500018,-6.322443877999888],[107.0351050450002,-6.322421748999943],[107.03512217700018,-6.322396764999894],[107.0351385960002,-6.322380346999978],[107.03514609100006,-6.3223746359999495],[107.03515358600004,-6.322368924999921],[107.03517143200008,-6.322357503999967],[107.03520926600004,-6.322345368999947],[107.03527065600014,-6.322323239999946],[107.03532348000005,-6.322308248999946],[107.0353891530001,-6.322296827999821],[107.03542698600012,-6.322288975999868],[107.035445546,-6.322284692999972],[107.0354530300001,-6.322282553999969],[107.03546053700012,-6.322280408999973],[107.03549480100008,-6.3222647049998955],[107.03554833900012,-6.3222368649999225],[107.03558403100004,-6.322219018999931],[107.03559438100018,-6.3222125949999395],[107.03560473200008,-6.3222061699999585],[107.03562352200004,-6.322192879999932],[107.03563399900008,-6.322185468999919],[107.03566612200018,-6.322165481999946],[107.03567047200016,-6.322163904999911],[107.03572322899998,-6.322144779999917],[107.03579104400018,-6.322126219999916],[107.0358253080002,-6.322109801999886],[107.03586171400019,-6.322097666999866],[107.03589954700004,-6.322080534999941],[107.03591795600005,-6.322069412999838],[107.03593381200011,-6.322059832999912],[107.0359695030001,-6.322040559999948],[107.03597842600004,-6.322035205999953],[107.03598734899998,-6.322029851999957],[107.0360251830001,-6.322000584999898],[107.03606495300005,-6.321976110999913],[107.03608086200018,-6.321966320999934],[107.03612940300002,-6.321939908999866],[107.0361708060002,-6.3219184929999415],[107.03619468700009,-6.321909471999902],[107.03620292900007,-6.3219063579999215],[107.03622225100008,-6.321905415999936],[107.03623219600013,-6.321904930999892],[107.0362459210001,-6.32190543899992],[107.03627074299999,-6.3219063579999215],[107.03631214600017,-6.3219184929999415],[107.03632319700006,-6.32192291399997],[107.03635854500016,-6.3219370529998855],[107.03641922200012,-6.321957040999962],[107.03645562700001,-6.321966320999934],[107.03648632200014,-6.321967033999954],[107.03649774300015,-6.321966677999967],[107.03650916500004,-6.321966320999934],[107.03653629100012,-6.321957754999914],[107.03654699800006,-6.321952757999952],[107.03655770600005,-6.321947760999876],[107.03658054900006,-6.321932055999923],[107.0366076750002,-6.321910640999931],[107.03662909000008,-6.321888511999873],[107.03665193300009,-6.3218606729999465],[107.03667334800019,-6.321831404999955],[107.03668048700018,-6.321822838999935],[107.03668762500001,-6.321814272999973],[107.03670332900009,-6.321799281999972],[107.03671011000006,-6.321794285999886],[107.03671689200007,-6.321789288999923],[107.03673688000009,-6.321778580999933],[107.03676900200009,-6.3217685869998945],[107.03679951900006,-6.32176383999996],[107.03682905800008,-6.321759245999942],[107.03683324800011,-6.321758593999959],[107.03684552800007,-6.3217548159998955],[107.03685712700019,-6.321751246999952],[107.03686108800008,-6.32175002799994],[107.03686929700012,-6.321745744999873],[107.03687750600005,-6.321741461999977],[107.03687993400007,-6.321739726999908],[107.03689249600001,-6.321730753999873],[107.03690463200013,-6.321718618999853],[107.0369085580001,-6.321713465999949],[107.03691605300008,-6.321703627999966],[107.0369257320001,-6.321684270999924],[107.03693389900019,-6.321667935999926],[107.03695460000017,-6.321633671999905],[107.03697458800008,-6.321612970999979],[107.03700175500012,-6.3215932129999715],[107.03700599700011,-6.3215901279999684],[107.03704305300016,-6.321553603999973],[107.03706669400003,-6.3215303029999745],[107.0371153050001,-6.321483445999945],[107.03725312,-6.321350602999871],[107.03724792000014,-6.321347213999957],[107.03724271800007,-6.3213438249999285],[107.0371491750002,-6.321277149999901],[107.03710851700004,-6.321248170999922],[107.03704141600008,-6.321181069999966],[107.03703267000009,-6.321171850999974],[107.03702392500014,-6.321162632999858],[107.03693576900014,-6.321069711999883],[107.03685966100005,-6.321010961999832],[107.03685702600012,-6.321008927999912],[107.03685439100013,-6.321006893999936],[107.03672332900015,-6.320920799999897],[107.03676908400013,-6.320843270999887],[107.03683400000017,-6.320690999999897],[107.0368547450002,-6.320582005999938],[107.03690328600004,-6.320342156999914],[107.0369104240001,-6.320306464999874],[107.03694468800006,-6.320167979999894],[107.03696039300007,-6.320095168999899],[107.03698180800012,-6.319982381999978],[107.03696467600014,-6.319891010999868],[107.03694468800006,-6.319823909999911],[107.03692184500005,-6.319735393999963],[107.03689043700012,-6.319658299999901],[107.03684332300014,-6.319562644999905],[107.03679192700014,-6.319459852999898],[107.03676622900014,-6.319418449999944],[107.03674481400009,-6.3193870409999136],[107.03671483200009,-6.319362770999874],[107.03654493900012,-6.319221430999903],[107.03655425800008,-6.31914940199988],[107.0366206450002,-6.318629251999937],[107.0366650000002,-6.318361999999922],[107.03670378500016,-6.3182722079998825],[107.03672122400008,-6.318184944999928],[107.03681179400007,-6.317899734999969],[107.0369837950002,-6.31737434899992],[107.03699845699998,-6.3173295639999765],[107.03770468300019,-6.317482139999981],[107.03771776899998,-6.317470265999873],[107.03772474500005,-6.31745774399991],[107.03772524700008,-6.317456841999842],[107.03772683300002,-6.31745174699995],[107.03783199300005,-6.317113940999889],[107.03787353100012,-6.317011062999882],[107.03791194800016,-6.316920213999936],[107.03793825400004,-6.316858006999951],[107.03804100000019,-6.316556999999818],[107.03803890400019,-6.316555676999883],[107.0374643630002,-6.316193015999886],[107.03699410500019,-6.315884854999979],[107.03709908300016,-6.315585922999958],[107.03714287500003,-6.315413527999965],[107.03721530400009,-6.31511184999988],[107.03722568600006,-6.315068608999923],[107.03723461800007,-6.315031405999889],[107.03729102800014,-6.314784330999942],[107.03728002100019,-6.314763632999927],[107.03726988200015,-6.314744567999867],[107.03726454700018,-6.314734535999946],[107.0375484290002,-6.31359899499995],[107.03754882100009,-6.313597426999877],[107.03754963400002,-6.31359417699997],[107.03757771700015,-6.31348184299992],[107.0376311400002,-6.3134491029998685],[107.03769324200005,-6.313429631999952],[107.03773376900011,-6.313416924999956],[107.03777581700018,-6.3134037419999345],[107.03780522400007,-6.313394521999896],[107.0380122360001,-6.312911966999934],[107.03803018400004,-6.31286865699991],[107.03804704000015,-6.3128279839999095],[107.03807790900015,-6.312753494999981],[107.0381492940001,-6.312593594999953],[107.03787089300005,-6.31245040999994],[107.03788148500007,-6.312420521999968],[107.03803107800007,-6.312115354999946],[107.03808048100018,-6.312014573999932],[107.03855044300013,-6.311055855999939],[107.03866900000008,-6.31081399999988],[107.03873665400005,-6.310615629999916],[107.03881677400005,-6.31064615799994],[107.03900694200019,-6.310718616999907],[107.0392928620002,-6.31082755999995],[107.0394299200002,-6.3105106149999415],[107.03951843500016,-6.310297890999834],[107.03952011100012,-6.310291319999976],[107.03952178800017,-6.310284747999901],[107.03963978800016,-6.309883864999961],[107.03964346400011,-6.3098698779998585],[107.03967521500016,-6.309749069999896],[107.0396983230001,-6.309661146999815],[107.03976685100008,-6.309352769999975],[107.03983682000012,-6.308983821999902],[107.0398602840001,-6.308860097999968],[107.03986726500005,-6.308823291999943],[107.03987201900009,-6.308798223999929],[107.04036131500004,-6.308871546999853],[107.04083234400002,-6.308913977999964],[107.0408997780001,-6.3089170229998786],[107.04099405300019,-6.308935100999975],[107.0410006460001,-6.308807308999974],[107.04099670400012,-6.308799517999944],[107.0409927620002,-6.308791727999903],[107.04097972000017,-6.308765954999899],[107.04097647900016,-6.308759549999934],[107.04097323800016,-6.308753144999912],[107.04093611900004,-6.308653207999896],[107.04092326900019,-6.30855755399989],[107.04092315000008,-6.308549092999897],[107.04092303099998,-6.308540631999904],[107.04092184100006,-6.308456188999969],[107.04095467800005,-6.308341973999916],[107.04098323099998,-6.308266307999872],[107.04102468300005,-6.308215000999951],[107.0410531870001,-6.308202061999964],[107.04114027600014,-6.30764669499996],[107.04115531600013,-6.307572930999868],[107.0411702780001,-6.307440911999947],[107.04117046600015,-6.307439256999828],[107.04113834300006,-6.307458292999968],[107.04109789200015,-6.307466620999946],[107.04105101700009,-6.307466081999905],[107.04099438600014,-6.307465430999969],[107.04079570100015,-6.307427359999906],[107.04070089700008,-6.307403505999957],[107.04065439900018,-6.30737832199992],[107.04025500000006,-6.307161999999892],[107.04002300000008,-6.306953999999905],[107.03999985100018,-6.306840262999913],[107.03995131700009,-6.306601799999896],[107.03992208900013,-6.306458190999933],[107.03990801800012,-6.306389056999876],[107.03985903300008,-6.3063565649999305],[107.03979663800015,-6.306328056999973],[107.03958400000016,-6.3062949999999205],[107.03935600000011,-6.306299999999965],[107.03847391200014,-6.306330282999909],[107.0384682770001,-6.306330475999914],[107.0384690050002,-6.306327891999956],[107.03848056300006,-6.306286871999873],[107.03849653700013,-6.306230178999954],[107.03854720700008,-6.305773920999968],[107.03860300000014,-6.305443999999852],[107.03879488400003,-6.304393394999977],[107.03897500000005,-6.303679999999929],[107.03906555200007,-6.303206186999944],[107.0390800740002,-6.303007115999947],[107.03913556900005,-6.302770569999893],[107.03920045800004,-6.302528264999921],[107.03931121500005,-6.301958518999925],[107.03937800500006,-6.301676001999908],[107.03938926300009,-6.301620463999939],[107.03940954100017,-6.3015473119999115],[107.03960379400019,-6.301215855999942],[107.03985490100007,-6.300872340999945],[107.04004138800013,-6.3006324119999135],[107.04010516700004,-6.300558488999911],[107.04016400000017,-6.300474999999949],[107.04017768700015,-6.300274036999838],[107.0402328510001,-6.299708353999904],[107.04023920100008,-6.299620303999916],[107.04027528700004,-6.2993111169998315],[107.04036240700015,-6.298847685999931],[107.04040200000014,-6.298701999999878],[107.04045094800011,-6.298580739999977],[107.0405365490002,-6.298417381999968],[107.04058105200005,-6.298272752999878],[107.04060158100003,-6.29814254799993],[107.04060345400012,-6.298010024999826],[107.04061209300005,-6.297651191999876],[107.04064107600004,-6.29735973399994],[107.04076543600019,-6.2968827629998145],[107.04084314600004,-6.296531252999955],[107.04098011700012,-6.296100158999877],[107.04105848500018,-6.295740994999846],[107.0411225840001,-6.29556352599991],[107.04103335400015,-6.295495711999877],[107.04093698600019,-6.2954029129999185],[107.0407870800002,-6.295256575999929],[107.0406764350002,-6.295110238999882],[107.04051582100004,-6.29482470399995],[107.04042659100014,-6.294596275999879],[107.0403801920001,-6.294333344999927],[107.04035639700004,-6.294100157999878],[107.04031071200006,-6.294051973999899],[107.04029286600019,-6.294004384999937],[107.04024230200008,-6.2934779289998914],[107.04024527600012,-6.2932905459998665],[107.04025122500019,-6.293171572999881],[107.04029881400015,-6.292856294999979],[107.04034640300006,-6.29260050299996],[107.04038507000018,-6.29246665799991],[107.04039994100009,-6.292386350999948],[107.0404058900001,-6.29222871199994],[107.04039994100009,-6.2919550739999295],[107.0404088640002,-6.2916338469999005],[107.04042671000008,-6.291342362999956],[107.04042671000008,-6.290976520999891],[107.04044948200016,-6.290437270999973],[107.0404485300001,-6.290424897999969],[107.04044757800017,-6.290412524999965],[107.0404380600001,-6.290361127999972],[107.04042092800012,-6.290288792999945],[107.04039237500012,-6.290163156999938],[107.04038285700005,-6.290041328999962],[107.04036572500007,-6.289904271999887],[107.04036200000002,-6.289816999999971],[107.04035037700004,-6.289665016999891],[107.04033467300019,-6.289600771999915],[107.04030754700005,-6.289506544999938],[107.04024267700004,-6.289253566999889],[107.0402192590002,-6.289190274999896],[107.0401945120002,-6.28911889099993],[107.04017547600006,-6.289055120999876],[107.04015215800007,-6.288983736999967],[107.04013217000005,-6.288889510999979],[107.04013099200012,-6.288879785999939],[107.04013064200007,-6.2888768949998735],[107.04013026700011,-6.288873805999913],[107.04012836300018,-6.2888614329999655],[107.04012817100016,-6.288836240999899],[107.04012654899998,-6.288713605999874],[107.04012654899998,-6.288660780999976],[107.04013226000001,-6.288540856999873],[107.04016366900004,-6.288178226999889],[107.04018365600018,-6.287878414999966],[107.04021078200014,-6.2875329169999645],[107.04021078200014,-6.287502935999896],[107.04020650000012,-6.287493657999846],[107.04020221600013,-6.287484375999952],[107.04018222900015,-6.287465815999951],[107.04013654300013,-6.287438689999931],[107.04007515300003,-6.28740442599991],[107.04004977900007,-6.2874415639998915],[107.03999564600008,-6.28740914399998],[107.03990641700011,-6.287352036999948],[107.03984514500019,-6.287320508999926],[107.03978565900002,-6.287306826999952],[107.03973003900006,-6.287299093999934],[107.03970089100011,-6.287298795999959],[107.03960154800018,-6.287306231999878],[107.03950369300014,-6.287314262999928],[107.03946385200015,-6.287320231999956],[107.03942450500017,-6.287301382999942],[107.03929516500011,-6.287326201999917],[107.03918641600012,-6.287331409999922],[107.03914223300012,-6.287342345999946],[107.03905979700005,-6.287352235999947],[107.03902153500007,-6.287348796999936],[107.03886729599998,-6.28733624299997],[107.03869161600005,-6.287342907999971],[107.0383900000001,-6.287304999999947],[107.03831081100003,-6.287282100999903],[107.0383070000002,-6.287280999999837],[107.03830446900008,-6.287275247999958],[107.03828560300008,-6.28723236999997],[107.03827400000011,-6.287205999999912],[107.03827203700001,-6.287195456999939],[107.03827007400014,-6.287184910999883],[107.03830247300004,-6.2868619599998965],[107.03815593500019,-6.286801296999954],[107.03799300000014,-6.286715999999899],[107.03796900000009,-6.286623999999904],[107.03799524300007,-6.286548031999928],[107.03756988200013,-6.286330315999976],[107.03771897800004,-6.286085310999852],[107.03771863600019,-6.286081443999876],[107.03771829400011,-6.2860775779998335],[107.0377135350002,-6.28599905499982],[107.03771413000015,-6.28595325099991],[107.03772126800004,-6.285793231999946],[107.03772424300018,-6.2857343399999195],[107.0377266220001,-6.285701622999966],[107.03773078600011,-6.285672473999966],[107.03774208900006,-6.285631428999864],[107.03777480600019,-6.285504721999928],[107.03781168800003,-6.285394076999921],[107.03785808700007,-6.285238222999908],[107.0378693900002,-6.285179330999938],[107.03788664100011,-6.285096644999953],[107.03789021000017,-6.285064521999857],[107.03789199500005,-6.284858698999869],[107.03789377900017,-6.2846962999999505],[107.03789437400013,-6.284540445999937],[107.03789258900008,-6.284410169999887],[107.03789080500013,-6.284385185999952],[107.03788842600017,-6.284377156999824],[107.03788604600015,-6.284369124999955],[107.03787712300004,-6.284351278999907],[107.03787236500017,-6.284343249999949],[107.03786760500014,-6.2843352169999775],[107.0378497590001,-6.284310827999946],[107.03783072300013,-6.284285842999907],[107.03780157500017,-6.284255504999976],[107.03774565800012,-6.284208510999974],[107.03758682900019,-6.284081209999954],[107.03752020400009,-6.28403183599994],[107.03742324100017,-6.283950338999944],[107.03741640100014,-6.283942904999947],[107.03740955900008,-6.2839354679999815],[107.03729118100006,-6.283798648999834],[107.03721265800004,-6.283705849999876],[107.03717042300019,-6.283648147999884],[107.03714484400012,-6.283606506999831],[107.03712759300004,-6.283569030999843],[107.0371222390001,-6.283543451999947],[107.03711926500006,-6.28352025199996],[107.03712045500015,-6.283510435999972],[107.03712164400014,-6.283500620999973],[107.03712640300012,-6.28348158599988],[107.03712878300013,-6.283473256999912],[107.03713116200004,-6.283464928999933],[107.0371406800001,-6.283441134999919],[107.03714514200016,-6.283431913999948],[107.03714960300005,-6.283422693999967],[107.0369921620001,-6.2832987239999625],[107.03698450200017,-6.2832922429999485],[107.03698446800018,-6.28329221499996],[107.03698442800015,-6.283292180999922],[107.03697669500013,-6.283285636999949],[107.0369612290001,-6.283271359999901],[107.0369543880002,-6.283260651999967],[107.03694754700007,-6.283249944999909],[107.03681608200009,-6.2829971269999305],[107.03680240000006,-6.282970357999943],[107.03677563100001,-6.282920984999976],[107.03674172300009,-6.282857333999914],[107.03668045200004,-6.282773457999895],[107.03661323300008,-6.2826854179999145],[107.03648414700007,-6.2825997569998435],[107.03637052800019,-6.282536106999885],[107.03629933700006,-6.2824895339999784],[107.036107647,-6.282355589999895],[107.03594673600008,-6.2822574369999415],[107.0358405520002,-6.282202114999961],[107.03572992000011,-6.28215220199985],[107.03553242500004,-6.2820950949999315],[107.03538013900004,-6.282061782999904],[107.03530399600004,-6.282049884999822],[107.03521119700008,-6.282047505999969],[107.035027979,-6.282047505999969],[107.03488997000005,-6.282047505999969],[107.03477813600006,-6.282016572999908],[107.03458777900005,-6.281945188999941],[107.03445452900019,-6.28190473799998],[107.03414070200006,-6.281907885999885],[107.03408716400008,-6.281928706999906],[107.03394439600015,-6.281913834999955],[107.03362611900002,-6.281900057999962],[107.03289895600017,-6.281658304999951],[107.03300936300019,-6.281353733999936],[107.03256452300013,-6.281206920999978],[107.03247315200014,-6.281486745999928],[107.03244055300019,-6.281479249999961],[107.03235727200013,-6.281474490999926],[107.03223770400018,-6.28148757799994],[107.03202057800013,-6.281544090999887],[107.03178858100006,-6.281612499999937],[107.03150899400009,-6.281719575999944],[107.03144950700005,-6.28171660199996],[107.03141084100008,-6.281674960999965],[107.031339457,-6.281666037999969],[107.03118776700006,-6.281669011999838],[107.03116099800008,-6.281677934999948],[107.03099741000005,-6.281698755999969],[107.03097956400018,-6.281737421999878],[107.03094982100009,-6.281773113999918],[107.03078623300007,-6.281671986999925],[107.03077731000013,-6.281505423999874],[107.03068213100016,-6.281463783999925],[107.03057505499999,-6.281514346999927],[107.03049474900013,-6.281514346999927],[107.03028357100004,-6.281523269999923],[107.03019731600011,-6.281526244999839],[107.03017649600014,-6.28134481099994],[107.03015865000009,-6.281210965999946],[107.03015865000009,-6.281083069999852],[107.03009916300005,-6.2808808159999785],[107.03006347100012,-6.2806874849998735],[107.03002480500015,-6.280541742999901],[107.03002777900019,-6.280473332999918],[107.03003075400017,-6.280434666999952],[107.02990583200017,-6.280199694999965],[107.02982255100011,-6.280149131999849],[107.02962922000017,-6.2800866709999354],[107.0294477860001,-6.279997440999978],[107.02913845600006,-6.279845749999879],[107.02898030900002,-6.279702589999943],[107.02902210900015,-6.2794941609999455],[107.02906493900014,-6.279329977999907],[107.02908920900018,-6.279211480999891],[107.02909349200007,-6.279131530999962],[107.02908635400019,-6.279060147999871],[107.02908064300016,-6.27901446199985],[107.02906779400007,-6.278970203999904],[107.02904495100006,-6.27893165699993],[107.0290106870001,-6.278907385999958],[107.02897927800007,-6.278888825999843],[107.02893787600016,-6.278878832999908],[107.02887648600006,-6.278861699999823],[107.02879653600019,-6.278837429999953],[107.02871658600014,-6.278816014999961],[107.02864377400016,-6.278788888999941],[107.02858809500009,-6.27875034199991],[107.02853955400008,-6.278721787999871],[107.02844818300008,-6.278687523999963],[107.02830827000014,-6.27861613999994],[107.02824973500014,-6.278570453999976],[107.0282283200001,-6.278540472999964],[107.02822360600004,-6.278530650999869],[107.02821118800011,-6.278504780999867],[107.02819726799999,-6.278424592999954],[107.0281901300001,-6.278384142999926],[107.02818537100018,-6.278317517999824],[107.02818537100018,-6.278294498999969],[107.02818537100018,-6.278229477999901],[107.0281901300001,-6.2779344249998985],[107.02819596900014,-6.277842023999938],[107.02811958400014,-6.277871023999921],[107.02801837500004,-6.277909688999898],[107.02791523200011,-6.277942619999976],[107.02786167800014,-6.277940913999942],[107.02781003600012,-6.277939199999878],[107.02773916600012,-6.277910770999938],[107.02764149400019,-6.277874789999942],[107.02758407700014,-6.277863530999923],[107.02754391700006,-6.277863686999922],[107.02749424699999,-6.277877273999877],[107.0273926280002,-6.277933640999947],[107.02729979400016,-6.2780358999999635],[107.02727707800005,-6.278096266999967],[107.02725725900012,-6.2781637989999695],[107.02722048300012,-6.27829741499994],[107.02712600000018,-6.278456999999889],[107.02702900000014,-6.278574999999876],[107.02696400100018,-6.278834458999938],[107.02694349000018,-6.278970404999939],[107.02687311700015,-6.2790701849999095],[107.02674762700008,-6.279183667999973],[107.02668963300005,-6.279204766999953],[107.02650592200001,-6.279166777999933],[107.02616100000012,-6.2790489999999295],[107.025893806,-6.278994721999879],[107.02573106000006,-6.2789455979998365],[107.02540058300013,-6.278962208999872],[107.02528223600007,-6.278942761999929],[107.02516010500017,-6.2789210169998455],[107.02499532900003,-6.278841282999906],[107.02494446800017,-6.278819058999943],[107.02493155500008,-6.278818151999928],[107.02491495200019,-6.278827241999977],[107.02483387100017,-6.278878266999925],[107.02468896900007,-6.2789926869999135],[107.0244780000001,-6.279099999999971],[107.02440500000012,-6.279226999999935],[107.0243252300001,-6.279414578999933],[107.02426424000004,-6.279468395999913],[107.0236450000001,-6.279753999999912],[107.02324900000019,-6.279936999999961],[107.02250233700016,-6.280354478999868],[107.02220264400012,-6.280680107999899],[107.02200419700017,-6.280991341999879],[107.02162586300011,-6.2815338589999214],[107.0213490120002,-6.281930156999863],[107.02127179900015,-6.282040683999924],[107.02098340800018,-6.282451854999863],[107.02067503000006,-6.282893006999927],[107.02024958300012,-6.283498341999916],[107.01981271400012,-6.284117953999953],[107.0194358070001,-6.284673319999968],[107.01938502200005,-6.284744418999935],[107.01912171800012,-6.2851130439999565],[107.01895093700011,-6.285356664999938],[107.01862631400019,-6.28581974399998],[107.01836505000006,-6.286213782999823],[107.01827947300018,-6.286333344999946],[107.01806666500016,-6.286630663999915],[107.017839665,-6.2869376149999425],[107.01758125500015,-6.287323087999937],[107.01750416100015,-6.287443011999926],[107.0174242110001,-6.287592917999973],[107.01738138000019,-6.287681433999921],[107.01723147400003,-6.287995522999893],[107.01712011600006,-6.288219667999954],[107.01699590800013,-6.288476649999893],[107.0169088190001,-6.288643687999979],[107.01679746100012,-6.288849273999915],[107.01676127300016,-6.2889037899998925],[107.01668753000018,-6.289014883999926],[107.01660172100009,-6.289126924999891],[107.01652778400012,-6.289223464999964],[107.01641198800013,-6.289374658999975],[107.01637731700015,-6.289423720999935],[107.01631711200008,-6.289508916999978],[107.01626065400018,-6.289588809999827],[107.01605364100004,-6.2898557859999755],[107.01587660900014,-6.2901070569998865],[107.01584234500012,-6.290155597999899],[107.01581379200019,-6.29020984999994],[107.01576667799998,-6.290345478999882],[107.01575097400013,-6.2904097239999714],[107.01572099300006,-6.290515371999845],[107.0156538920001,-6.290730951999933],[107.01558679100015,-6.290930825999908],[107.01556537600004,-6.290965090999919],[107.01555252700012,-6.29099935499994],[107.0155468160001,-6.291029335999895],[107.0155468160001,-6.2910650279999345],[107.01554538800019,-6.291103574999909],[107.01552968400011,-6.291170675999979],[107.0154954200001,-6.291223499999887],[107.01546892600004,-6.291247681999948],[107.01541700000018,-6.291194999999959],[107.01536547200004,-6.291101262999916],[107.01536183300016,-6.291096086999914],[107.01531268100018,-6.291026170999828],[107.01528433000004,-6.290988535999929],[107.01526481900015,-6.29097140399989],[107.01525411400007,-6.290965218999929],[107.01524340400005,-6.290959030999943],[107.01521770500017,-6.290947608999886],[107.01517154400017,-6.290928573999906],[107.0150506670002,-6.29089192999993],[107.01493435100014,-6.290855412999974],[107.01482620500008,-6.290823646999968],[107.01474747500015,-6.290800267999941],[107.01465631100007,-6.290767967999955],[107.01460787700012,-6.290743697999972],[107.01460502100008,-6.290673740999978],[107.01461073200011,-6.290592363999906],[107.01462643600019,-6.290490998999871],[107.01463500300008,-6.2904181869998865],[107.01465499000005,-6.2903325269999755],[107.01466498400015,-6.290295406999917],[107.0146792610002,-6.290252576999933],[107.01470353100007,-6.290195469999844],[107.01473922300016,-6.290115519999972],[107.01480061300009,-6.2900141549999375],[107.01485129300005,-6.289910362999876],[107.01488967699999,-6.28983175299993],[107.01497907300012,-6.289648669999963],[107.01499192200004,-6.289624398999933],[107.01500905400019,-6.289602983999941],[107.01506045000019,-6.289547304999928],[107.0151014560002,-6.289506298999925],[107.01521035600018,-6.289397398999881],[107.01531743200013,-6.28926462499993],[107.01536454500001,-6.289200378999908],[107.01538453300009,-6.289160403999972],[107.01539881000014,-6.28911043599993],[107.01540880300013,-6.289007642999877],[107.01541023100009,-6.288853453999934],[107.0154113100001,-6.288730460999943],[107.01541165900005,-6.288690698999858],[107.01540452000006,-6.288655006999932],[107.0153731110002,-6.288583622999965],[107.0153188600001,-6.288410873999965],[107.01529601700003,-6.288333779999903],[107.01529173400013,-6.28828238299991],[107.01529601700003,-6.288223847999973],[107.01533313600004,-6.2880753699999445],[107.01535597900005,-6.287992564999911],[107.01536818700015,-6.287966792999896],[107.01538167700005,-6.28793831299987],[107.01553011400017,-6.287644020999949],[107.0155458600002,-6.287612802999945],[107.01561867200019,-6.287464323999927],[107.01562295500008,-6.287425776999896],[107.01562438300004,-6.287413641999876],[107.01562581000007,-6.28740150699997],[107.0156058230001,-6.287360103999902],[107.01553158299998,-6.287295858999926],[107.01538310500013,-6.287197348999939],[107.01525461400007,-6.287114543999905],[107.015143255,-6.287048870999968],[107.01488627400016,-6.2868889709998825],[107.0148220280002,-6.286860416999957],[107.01475463800011,-6.286831155999835],[107.01460502100008,-6.28676619099997],[107.014396095,-6.286681220999924],[107.01430663700006,-6.286644837999972],[107.01419242300005,-6.28659201399995],[107.01413817100018,-6.286562032999939],[107.01410533500012,-6.28652919599989],[107.01408106400015,-6.286494931999812],[107.0140667870001,-6.286469233999981],[107.01405679400011,-6.286430686999893],[107.01405536600015,-6.286389283999938],[107.01406250400004,-6.286332176999849],[107.01408106400015,-6.286219389999928],[107.01410390700016,-6.2860837609998725],[107.0141224670001,-6.286023798999906],[107.01414816500011,-6.2859295719999295],[107.01418956700019,-6.285801080999931],[107.01423382500008,-6.285652602999903],[107.01424810200012,-6.285564086999955],[107.01424524700013,-6.285391337999897],[107.0142381080002,-6.285325664999959],[107.01422044100008,-6.28523714899984],[107.01420854400004,-6.285175282999944],[107.01420437800004,-6.2851027949998866],[107.0142025950002,-6.285071775999938],[107.01420021600006,-6.285009909999928],[107.01421449200018,-6.284918300999834],[107.01431086000014,-6.28462086899998],[107.01431266000014,-6.284615618999908],[107.01433941400006,-6.284537586999932],[107.01446076700006,-6.284173529999919],[107.0145559450001,-6.283871337999869],[107.0145868780001,-6.2837737799998195],[107.01460472400015,-6.283695257999966],[107.01461424200005,-6.283614356999863],[107.01461662100013,-6.283504900999958],[107.01461186200004,-6.283469208999918],[107.0146011550001,-6.283423999999911],[107.0145904470001,-6.283397825999884],[107.01457617000011,-6.283371651999914],[107.01456189400017,-6.28334785699991],[107.01453928900014,-6.283321682999883],[107.01448337100015,-6.283274093999864],[107.0144345920001,-6.28323364299996],[107.01435369100005,-6.2831610689999025],[107.01428468600011,-6.283094443999914],[107.01427545900015,-6.283084861999839],[107.01425375300016,-6.283062321999921],[107.01422282000016,-6.28302187099996],[107.01419902600014,-6.282981419999885],[107.01416095400003,-6.28289099999995],[107.01410503700009,-6.2827422839998235],[107.0140955190002,-6.282685176999962],[107.01409076000004,-6.282631638999817],[107.01408838100014,-6.282586428999878],[107.01409670900011,-6.282520993999981],[107.01410503700009,-6.282482922999861],[107.01412526300015,-6.282427005999921],[107.01417523100002,-6.28233182699995],[107.01422401000008,-6.282254494999961],[107.014254397,-6.282193720999885],[107.01425613300017,-6.282190248999882],[107.01427992700019,-6.282123623999951],[107.01429420400001,-6.282040342999835],[107.01430015300008,-6.281971338999881],[107.01430848100006,-6.281841657999905],[107.01431561900012,-6.281723874999955],[107.01432464500016,-6.281668588999878],[107.01432513700018,-6.281665577999888],[107.01433346500016,-6.281607280999879],[107.01433346500016,-6.281577537999908],[107.01432989600016,-6.281521620999968],[107.01429658400002,-6.281345539999961],[107.0142823070002,-6.281284863999929],[107.01427873800014,-6.281226566999976],[107.01428349700012,-6.2811777879999795],[107.014304912,-6.281061194999893],[107.01431443000013,-6.281012415999953],[107.01434577200001,-6.280917410999905],[107.01442864400013,-6.2806662039998855],[107.0144762330001,-6.280498451999961],[107.01447742300019,-6.280475846999877],[107.01447861300011,-6.280465733999847],[107.0144798020001,-6.280455621999977],[107.01446314600014,-6.280339027999844],[107.01444530000009,-6.280227193999906],[107.01442567200007,-6.280107244999954],[107.014413177,-6.280030887999942],[107.01437748500007,-6.279806028999872],[107.01436928300012,-6.27974850399994],[107.01436289100013,-6.279703672999915],[107.01444036400005,-6.279570401999933],[107.01447660600019,-6.2795080559999406],[107.01476264100017,-6.279016007999871],[107.01508386799998,-6.278440178999915],[107.01523377400014,-6.278161781999927],[107.01530991700014,-6.278028531999894],[107.01549075600008,-6.277757273999896],[107.0156882510002,-6.2774812559999305],[107.01615462500001,-6.276843560999907],[107.01659720500004,-6.27624631599997],[107.0166243600001,-6.27619096199993],[107.01665907100005,-6.2761202039999375],[107.01692319100005,-6.275568168999882],[107.01713496300016,-6.275049446999958],[107.01730866400004,-6.274478375999877],[107.01744191400007,-6.27406434999989],[107.01745381100005,-6.274016760999871],[107.01767748100008,-6.273112565999952],[107.01770841400008,-6.273000730999911],[107.01771317200013,-6.272943623999879],[107.01770841400008,-6.272893654999848],[107.01770127500009,-6.272855583999899],[107.01768937800011,-6.2727960969999685],[107.01767986000004,-6.272748507999893],[107.01766558300017,-6.27268664199994],[107.01763703000006,-6.272531976999858],[107.01760133800008,-6.272301169999935],[107.01758230200011,-6.272198852999907],[107.01757754300019,-6.272139365999976],[107.01757754300019,-6.272091776999957],[107.01758468200012,-6.27203942899996],[107.01760847600013,-6.271968044999824],[107.01769889600018,-6.271772928999951],[107.01774172600017,-6.271680129999879],[107.01780359200012,-6.271613504999891],[107.0178464220001,-6.271539741999902],[107.01788211400009,-6.271451701999979],[107.01789877000004,-6.271380317999956],[107.01789877000004,-6.271323210999924],[107.01788925300019,-6.27127086299987],[107.01787021700005,-6.271218514999873],[107.01783928400005,-6.2711756839999],[107.01775362299998,-6.271080505999919],[107.01760609700005,-6.270935358999907],[107.01748950299998,-6.270828282999844],[107.01743239600017,-6.2707878319999395],[107.01737053,-6.270756898999878],[107.01731104400005,-6.270728345999942],[107.01725393600015,-6.270709309999859],[107.01718731200015,-6.270685515999844],[107.01677328500006,-6.270590336999874],[107.01666383000014,-6.270559403999869],[107.01662813800004,-6.2705403679998994],[107.01659958500011,-6.27052133299992],[107.01657103100001,-6.2704856409999365],[107.01654961600013,-6.2704547079999315],[107.01647585300014,-6.270271488999981],[107.01645443800004,-6.270195346999969],[107.01644492000014,-6.2701429979998125],[107.01644016100005,-6.270107305999943],[107.01644016100005,-6.270066855999971],[107.01644016100005,-6.270038301999932],[107.01644254000013,-6.270012127999905],[107.0164472990001,-6.269985953999935],[107.01648299100003,-6.269926466999834],[107.0165234420001,-6.269847944999981],[107.01663289700019,-6.269633793999958],[107.01671617800002,-6.269464851999942],[107.01695900000004,-6.268918999999869],[107.0171533730001,-6.268420486999844],[107.01716764899999,-6.2683467229998655],[107.01717478800015,-6.268289615999947],[107.01717716700011,-6.26822774999988],[107.01716527000008,-6.268175401999883],[107.01714861400012,-6.268118294999965],[107.01708198900019,-6.267942214999948],[107.01698919000006,-6.267689991999873],[107.01683036100019,-6.267195658999924],[107.01677979700008,-6.267038019999916],[107.01664297800005,-6.266499666999891],[107.01648831300014,-6.265857211999958],[107.01645857000005,-6.2657382389999725],[107.01645262099998,-6.265696598999966],[107.0164793900002,-6.265601419999825],[107.0166043120002,-6.265122553999902],[107.01674113100006,-6.264652609999928],[107.01680656600007,-6.26452471399989],[107.0168779500001,-6.264405740999905],[107.01697312800019,-6.2642689219998715],[107.017124819,-6.26407856499992],[107.01724081800012,-6.263923899999952],[107.01753527600016,-6.263436110999976],[107.01766019800016,-6.263242779999871],[107.01770462700006,-6.263169629999879],[107.01771681000008,-6.263149571999975],[107.01783286700015,-6.262958492999928],[107.01793708700006,-6.262786902999835],[107.01902035699999,-6.263159993999977],[107.02002686900016,-6.263513343999875],[107.02014108300017,-6.263338453999893],[107.02024102100012,-6.263195685999904],[107.02031567600017,-6.263111809999884],[107.02041204400012,-6.263054702999966],[107.02048342799998,-6.26297320599997],[107.02062024700007,-6.262759054999947],[107.02070352800007,-6.262568697999882],[107.02076896400018,-6.262289110999859],[107.02084100000008,-6.261976999999945],[107.02084943400007,-6.261958533999859],[107.02095733200014,-6.26172228899992],[107.020966762,-6.2617016419999345],[107.02100368900017,-6.2616067749999615],[107.02100627100003,-6.261599406999892],[107.02112002299998,-6.261274792999927],[107.02115288600015,-6.261200957999961],[107.02118401200005,-6.261131024999941],[107.02121313400016,-6.261075013999857],[107.02128298700018,-6.26094066599984],[107.02128794500004,-6.26093112999996],[107.02129075400018,-6.260916387999941],[107.02131887500013,-6.26076883199994],[107.02133263700017,-6.260709160999966],[107.02133715900004,-6.26068955299985],[107.02136260800012,-6.26057921499995],[107.02141995800002,-6.260452252999926],[107.02146297200005,-6.26035702799993],[107.02147495900005,-6.2603304899998875],[107.02153587000004,-6.260132195999915],[107.0216282070001,-6.259900770999934],[107.0217715710001,-6.259511275999955],[107.0217718930001,-6.259510455999873],[107.02181844300009,-6.259391971999946],[107.02182911700004,-6.259325498999942],[107.02184391700001,-6.259233331999951],[107.02185626200009,-6.2591564519999],[107.02186998900004,-6.259132091999959],[107.02188163300013,-6.2591114289999155],[107.02190327200009,-6.259073027999932],[107.0219704000001,-6.258999573999972],[107.02199155500017,-6.258906202999981],[107.02201976000009,-6.2587812309999435],[107.02204784000014,-6.258623966999892],[107.02205668200014,-6.258611587999951],[107.02218764500003,-6.258428239999887],[107.02219186900004,-6.258422082999971],[107.02228255199998,-6.258289913999874],[107.02231336900013,-6.258243269999923],[107.02249169300018,-6.257973361999973],[107.02256763400015,-6.257829547999904],[107.022607903,-6.257733711999947],[107.02262202400004,-6.257676248999928],[107.02263128200008,-6.257597275999956],[107.02262388999998,-6.257539895999912],[107.02262385900008,-6.257531717999939],[107.02262372500007,-6.257496840999977],[107.0226359630002,-6.25747258899986],[107.02268540600011,-6.2573746099999425],[107.02272341200006,-6.257320478999873],[107.0227258220001,-6.257317045999969],[107.02272808900017,-6.257315486999914],[107.02277827300009,-6.257280962999971],[107.02303963200012,-6.2570989619999295],[107.02307866000012,-6.257071784999937],[107.02320308200012,-6.256999615999973],[107.02350551700005,-6.256840032999946],[107.0235915410002,-6.256794641999875],[107.0236430450002,-6.256756756999948],[107.0236694250001,-6.256737352999949],[107.02370595800016,-6.256710479999867],[107.02375121900013,-6.25666964099986],[107.02376028600008,-6.256661572999974],[107.02379171700011,-6.256633604999877],[107.02383217000016,-6.256585608999899],[107.02386779600005,-6.256525670999849],[107.02389147000008,-6.256465778999939],[107.02392454900007,-6.256365186999972],[107.02395730500012,-6.256180874999927],[107.02396547300009,-6.2560505139999805],[107.02398171800007,-6.2560168619998535],[107.0240493620002,-6.255876733999969],[107.02405150900006,-6.255871255999978],[107.02407640100017,-6.255807751999953],[107.02416298700007,-6.25558686099987],[107.0242104260002,-6.255490997999971],[107.02424917799999,-6.25535127899991],[107.02425758100009,-6.255320982999933],[107.02427401000011,-6.255241982999962],[107.02430484500007,-6.255179670999951],[107.02437380800018,-6.255086116999848],[107.02439955900013,-6.255055958999947],[107.02444757800009,-6.254999719999887],[107.02447870000015,-6.2549567979999665],[107.02453162600011,-6.254883805999896],[107.02462700000018,-6.254806999999914],[107.02489800000006,-6.254679999999894],[107.02507013100018,-6.254612429999895],[107.02524700000015,-6.2545429999999556],[107.02569280100016,-6.2543299379998984],[107.02571267400015,-6.254316526999958],[107.02598855500014,-6.254130355999905],[107.02624100000014,-6.25395999999995],[107.02659258800009,-6.25376404799988],[107.02671853300012,-6.2537318499999515],[107.02677485500016,-6.253717450999943],[107.02683912000009,-6.253690429999892],[107.02684597500019,-6.253687547999959],[107.02689231300013,-6.25366315499997],[107.02700780100008,-6.253624252999941],[107.02713336900018,-6.253580711999973],[107.02716153500018,-6.253570078999928],[107.0271722670002,-6.253563578999888],[107.02718299899999,-6.253557078999961],[107.02720634900015,-6.253537373999961],[107.02723208800006,-6.253517181999882],[107.02726641700019,-6.253493128999935],[107.02729123300008,-6.253481551999869],[107.02730530800011,-6.253479994999907],[107.02732707400014,-6.253477585999974],[107.02743410000011,-6.253471688999923],[107.02746712200019,-6.253469869999947],[107.02749002400009,-6.253457821999859],[107.02751480100011,-6.253436197999918],[107.02767081100006,-6.253290495999977],[107.0278881110001,-6.253107385999897],[107.0279288820002,-6.253079959999923],[107.02797782000016,-6.253063026999939],[107.02803388800015,-6.253035301999887],[107.02808749100006,-6.252988450999908],[107.02812199000016,-6.252946457999826],[107.02818992200008,-6.252895962999901],[107.02824119600007,-6.252864668999962],[107.0285333070002,-6.2526793559999305],[107.02871257900011,-6.252558051999927],[107.02873596300009,-6.252542228999971],[107.0287509750001,-6.252562647999866],[107.0288723770002,-6.252727767999943],[107.02913818800005,-6.253032573999917],[107.02915986800008,-6.253057433999857],[107.02918986900016,-6.253091835999953],[107.02926837700005,-6.25311832299991],[107.02945481700004,-6.253130714999884],[107.02951811100013,-6.25311731499994],[107.02957181100015,-6.253095578999819],[107.02962905600015,-6.253063065999868],[107.0296897840002,-6.253004226999963],[107.02977308800018,-6.252910616999941],[107.02986453100004,-6.25275837099997],[107.02991202000015,-6.252675662999877],[107.0299687750001,-6.252516374999857],[107.02998998400017,-6.2524373569999625],[107.02999812900003,-6.252379916999928],[107.03000742300014,-6.252310512999941],[107.03000480600019,-6.252251917999899],[107.03000366100014,-6.252230158999964],[107.03000222700007,-6.252202891999957],[107.03000444200012,-6.252157434999901],[107.03000412400013,-6.252074911999898],[107.03002894100013,-6.251970648999929],[107.03005940200006,-6.2518426739998745],[107.03008196300004,-6.251804313999912],[107.03015149400005,-6.25171225899993],[107.03015151800003,-6.251712227999917],[107.03015172800008,-6.251711948999912],[107.03022575400013,-6.25161394099996],[107.03023417200012,-6.251602796999919],[107.0302919470002,-6.25139805699996],[107.03030461000009,-6.251361491999944],[107.03031558700002,-6.251329793999901],[107.03033091200012,-6.251274717999877],[107.03034623800016,-6.251219642999956],[107.0303377420002,-6.251186186999917],[107.03031956100017,-6.251120476999972],[107.03031680600003,-6.251026002999822],[107.03023489200018,-6.250860074999935],[107.03018825100014,-6.250869112999965],[107.03018795800006,-6.250856726999928],[107.03018718900006,-6.250824223999928],[107.03018404900018,-6.2506639429999495],[107.03019975300003,-6.2506011259999354],[107.03022545100004,-6.250519747999931],[107.03025971500006,-6.250425520999954],[107.030315395,-6.25032415599992],[107.03034537600013,-6.250272759999916],[107.03040391100006,-6.250215652999827],[107.03062234500004,-6.250017205999939],[107.03077796200017,-6.24989299799995],[107.03093786200009,-6.249798770999973],[107.03106207000008,-6.249733097999979],[107.03117057300005,-6.2496988339999575],[107.03123339100011,-6.249684556999853],[107.03127764900006,-6.249684556999853],[107.03132619000007,-6.249694550999948],[107.03142041600006,-6.249697405999939],[107.03148751700019,-6.249694550999948],[107.03158031600015,-6.249681701999975],[107.0316988130001,-6.249663141999918],[107.03182587700013,-6.249638871999878],[107.03195436800019,-6.249624594999943],[107.03203860000002,-6.249617455999896],[107.0321199780002,-6.249608889999877],[107.03240836900017,-6.249556065999968],[107.03253400400018,-6.249524656999938],[107.03260967100016,-6.249498958999936],[107.03266963400006,-6.249467549999906],[107.0327809920002,-6.249394738999854],[107.03286950800003,-6.249301939999896],[107.03290377200005,-6.249267675999818],[107.0329580240001,-6.249240549999968],[107.03301655900003,-6.249219134999976],[107.03307794900013,-6.249192008999955],[107.03311364100011,-6.249154888999897],[107.033157899,-6.249086360999911],[107.03323784900005,-6.248943592999979],[107.03332208200004,-6.24877227199994],[107.03337062300005,-6.2486694789998865],[107.03343772400018,-6.248569541999871],[107.03348578900017,-6.248513386999946],[107.03350672800019,-6.248488639999948],[107.03357335300012,-6.24845247199994],[107.03365901300009,-6.248406786999908],[107.03375609500011,-6.248351582999874],[107.0338626950001,-6.248275439999873],[107.03394264500014,-6.248210718999928],[107.03400355899998,-6.248140286999956],[107.03405638300012,-6.248028531999978],[107.03408850599999,-6.2479416809998725],[107.03412062900009,-6.247856020999905],[107.03415394100017,-6.247778687999812],[107.03416345900007,-6.247748944999898],[107.034188443,-6.24771801199995],[107.03422532500008,-6.247689458999957],[107.03427648400009,-6.247677560999875],[107.03440021600005,-6.24767280199984],[107.03449896300015,-6.247665663999953],[107.03458343400013,-6.247659714999827],[107.03465362800006,-6.247650196999928],[107.03470002800015,-6.247637109999971],[107.03475237600003,-6.247607366999944],[107.03477260100004,-6.24756453699996],[107.03481067300015,-6.2474122509999575],[107.03484041600007,-6.24729089899995],[107.0348570720002,-6.247226652999871],[107.03487491800007,-6.247185012999978],[107.0348975230001,-6.247151699999961],[107.03495938900005,-6.24707317799988],[107.03501054700018,-6.247010121999892],[107.03505932600007,-6.246944686999882],[107.03510453600006,-6.246880441999906],[107.03514736600005,-6.246812626999883],[107.03517948900014,-6.246769796999899],[107.03521042200009,-6.246747191999816],[107.03525563200014,-6.246728155999904],[107.0353520000001,-6.2466924639999775],[107.03548643900012,-6.246659151999893],[107.03562087900008,-6.246631787999945],[107.03577554400016,-6.246617510999897],[107.03586001500014,-6.246610372999953],[107.03593496800005,-6.246610372999953],[107.0360015930001,-6.246612751999976],[107.03607654600017,-6.246623459999967],[107.03615030900016,-6.246635356999889],[107.036340666,-6.246674617999929],[107.03646677700004,-6.246698412999933],[107.03655719700009,-6.246710309999969],[107.03665237500013,-6.246711499999947],[107.03674636400018,-6.246704361999889],[107.03689627000017,-6.246697222999956],[107.03700715299999,-6.246669383999972],[107.037081392,-6.246645112999886],[107.03713707200018,-6.24661655999995],[107.03716990800007,-6.24660942099996],[107.03721559400009,-6.2466151319998175],[107.03735122300003,-6.246653678999962],[107.03774240600018,-6.246806440999933],[107.03807553100012,-6.246933979999881],[107.03840104100004,-6.247029157999975],[107.03870370900006,-6.247112914999946],[107.03893467500018,-6.247194054999909],[107.03901380500014,-6.247070731999941],[107.03912129700012,-6.246963051999899],[107.03913294100005,-6.2469513869999105],[107.03915302900009,-6.246934165999903],[107.0392615940001,-6.246841095999969],[107.03941877200015,-6.246689789999948],[107.03954601900011,-6.24658667999995],[107.0396545540001,-6.246466419999933],[107.03979551900017,-6.246387654999978],[107.03989561800017,-6.2463112019999585],[107.04006101800019,-6.246245975999898],[107.04013767500004,-6.246227020999925],[107.04026445400012,-6.246188496999935],[107.04041278500006,-6.24615993499998],[107.04061064600018,-6.2461440979998315],[107.04077987300008,-6.2461412889998655],[107.0410229630001,-6.2461389099999565],[107.04120792400005,-6.246125275999873],[107.04148039900014,-6.246118477999914],[107.04148851700006,-6.246119251999971],[107.04149663800013,-6.246120026999961],[107.04151605500005,-6.24601464999995],[107.04153604200019,-6.245909001999905],[107.04154936700013,-6.245846183999959],[107.04155793300015,-6.2458100159998935],[107.04156935500004,-6.2457643309999185],[107.04158743900007,-6.24569484999995],[107.04162265500014,-6.245575876999965],[107.04169118300013,-6.245322702999886],[107.0417206890001,-6.245210391999933],[107.04175876000016,-6.244967686999928],[107.04177398900009,-6.244822063999948],[107.04178065100007,-6.2447506799999815],[107.04179016900014,-6.244596490999925],[107.04179968700004,-6.2444584819999704],[107.0418120600001,-6.24428430599994],[107.04182443300016,-6.244103466999832],[107.04183204700007,-6.243982589999973],[107.04183585500004,-6.243906446999972],[107.04183966200009,-6.243792232999908],[107.04184442100001,-6.243673259999923],[107.04184346900013,-6.243599020999909],[107.04183014400019,-6.243409615999951],[107.04182966800016,-6.243397242999947],[107.04182919200008,-6.243384869999886],[107.04182348100005,-6.243262088999927],[107.04182348100005,-6.243134549999866],[107.04182348100005,-6.243050792999952],[107.04182728800015,-6.242999396999949],[107.0418282400002,-6.242972746999953],[107.04184156500014,-6.242856628999959],[107.04188154000019,-6.2426253459998975],[107.0419043830002,-6.242480673999921],[107.0419291290001,-6.242322677999937],[107.04193769500012,-6.24226081199987],[107.04197100800013,-6.241942915999857],[107.04198242900009,-6.241716391999944],[107.0419909950001,-6.241635489999908],[107.04199861000006,-6.241544118999968],[107.04199861000006,-6.241487010999947],[107.04199194700016,-6.241456553999853],[107.04196815300014,-6.241349002999925],[107.04191580400015,-6.241163404999952],[107.0418882030001,-6.241040624999812],[107.04186536000009,-6.240964481999981],[107.04183109600007,-6.240863592999972],[107.04180444600019,-6.240769365999938],[107.04179207200008,-6.240697981999972],[107.04178445800011,-6.240637067999899],[107.04178160300017,-6.240605658999868],[107.04178255500005,-6.240553310999815],[107.04178731400003,-6.2404257719999805],[107.04179302400013,-6.2403401109999095],[107.04179873500016,-6.240278244999956],[107.04180349400013,-6.240244932999872],[107.04181681900008,-6.240192584999875],[107.04183014400019,-6.240140236999935],[107.04184537200018,-6.240081225999916],[107.04186726300014,-6.2400146009999276],[107.04189962400005,-6.239932747999887],[107.04193008100003,-6.239869929999941],[107.04195863500007,-6.239804256999832],[107.04197196000018,-6.239780461999885],[107.04203192199998,-6.239673861999961],[107.04208998100012,-6.239572972999952],[107.0421480400002,-6.239475890999927],[107.04218515900016,-6.239398796999922],[107.04219943600003,-6.239366435999841],[107.04220609900011,-6.2393321719999335],[107.04221180900004,-6.239292196999827],[107.04221561600008,-6.23923889699995],[107.04222227900004,-6.239098032999948],[107.04222989300013,-6.238968589999956],[107.0422346520001,-6.238898157999927],[107.04223179700011,-6.238836291999917],[107.04222799000007,-6.238798220999968],[107.04221942400005,-6.238756341999874],[107.04220229200007,-6.238719221999929],[107.04215375100006,-6.238631657999974],[107.04212139000015,-6.238567888999853],[107.04210806499998,-6.238523154999882],[107.04209854700008,-6.238483179999946],[107.04209093300017,-6.238439397999969],[107.04208522200014,-6.238272835999965],[107.04207475200019,-6.238190981999935],[107.04207427700004,-6.23818193999989],[107.04207380100019,-6.238172897999959],[107.04206713800005,-6.238152910999872],[107.04206047600007,-6.238130067999862],[107.04205572000018,-6.238119603999962],[107.04205095800017,-6.238109128999895],[107.0420300190001,-6.238075815999878],[107.04195768300019,-6.237976830999969],[107.04193484000012,-6.2379349519998755],[107.04193055700006,-6.2379235309999785],[107.04192627400016,-6.237912108999922],[107.04192151500018,-6.237886410999863],[107.04192056300013,-6.237846435999927],[107.04192437000017,-6.237818833999938],[107.0419291290001,-6.237793135999937],[107.04193484000012,-6.237765533999891],[107.04194150300009,-6.2377360289999615],[107.04194816500006,-6.237708426999973],[107.04195863500007,-6.2376694039999165],[107.04197386300007,-6.237619910999911],[107.04200146500006,-6.2375599489999445],[107.04203572900008,-6.237487612999928],[107.04207951100011,-6.237402904999897],[107.04211377600001,-6.237322002999974],[107.04214899200008,-6.2372077889999105],[107.0422232310001,-6.236976504999973],[107.04226891600007,-6.23682326799991],[107.04227082000006,-6.236814701999833],[107.04227272400004,-6.236806135999927],[107.04227557899998,-6.236788051999952],[107.04227510300012,-6.2367761539999265],[107.0422746270001,-6.236764256999834],[107.04226237200004,-6.2366053759998294],[107.0422552330001,-6.236464035999859],[107.04225367700013,-6.236358669999845],[107.04225938800016,-6.236272532999976],[107.04226462200006,-6.236160698999981],[107.04226652600005,-6.236122150999904],[107.04226795400018,-6.23609407399988],[107.04226319500003,-6.23604362899988],[107.04225177300015,-6.235976051999899],[107.04224653900008,-6.23593798099995],[107.04224082800005,-6.235906571999919],[107.042231786,-6.235868024999945],[107.0422208400002,-6.235827097999902],[107.04221037100012,-6.235791881999944],[107.04220085300005,-6.235768087999929],[107.04219085900007,-6.235741437999934],[107.0421877670002,-6.235735015999921],[107.04218467300012,-6.235728588999848],[107.04213898700004,-6.23564530699997],[107.04210900600015,-6.235583440999903],[107.04208949400015,-6.23552966599982],[107.0420780730002,-6.235483027999976],[107.04207331400005,-6.2354511429999775],[107.04206903100015,-6.2354102169999805],[107.04206786900005,-6.235399764999897],[107.04206786400016,-6.235399722999887],[107.04206785300005,-6.235399625999889],[107.04206784000013,-6.235399507999887],[107.04206665100014,-6.2353888009998855],[107.04206807900005,-6.2353626269998585],[107.04207379000007,-6.235325983999928],[107.04210091600004,-6.235198444999924],[107.04213422800012,-6.235050441999874],[107.04215231200004,-6.234959070999935],[107.04218657600018,-6.234804881999878],[107.04220703900017,-6.234711130999926],[107.04224415900006,-6.234536478999871],[107.04225367700013,-6.234490792999907],[107.04228603800004,-6.234325181999907],[107.04231554300009,-6.234177655999929],[107.04233457900011,-6.234077717999924],[107.0423517110001,-6.233982539999886],[107.04238500000008,-6.233781999999906],[107.04238958900004,-6.233754355999906],[107.04238325200009,-6.233751057999939],[107.04225091300009,-6.23369770599993],[107.04212313400006,-6.233646772999975],[107.04199416700015,-6.233597937999946],[107.04185022900015,-6.233540787999914],[107.0417993650002,-6.233522746999938],[107.04169436400014,-6.233489963999887],[107.04158728000016,-6.233459581999966],[107.0415639150001,-6.23345072099994],[107.04143198200012,-6.233400682999957],[107.04124908500017,-6.23331348499994],[107.04120298700008,-6.233291537999889],[107.04108987300015,-6.233247125999981],[107.04107910800002,-6.233244775999935],[107.04106834200002,-6.233242424999844],[107.04106210000003,-6.233240558999967],[107.04104860000018,-6.23323652199997],[107.04103993500007,-6.233235060999959],[107.04103125900008,-6.233233598999902],[107.04101271300016,-6.2332282889998964],[107.04098878000019,-6.233220606999907],[107.04097441800008,-6.2332152809999],[107.04095945600011,-6.233209358999943],[107.0408869170002,-6.233149241999968],[107.04086531600012,-6.233136345999924],[107.04075754200005,-6.233072002999961],[107.04060361600011,-6.23298170299995],[107.040394042,-6.232872481999948],[107.04033822700012,-6.232846504999941],[107.04012644400007,-6.232747937999875],[107.04009922900008,-6.232723161999957],[107.04009565700011,-6.2327199099999575],[107.04007126800013,-6.232696115999943],[107.04004152400017,-6.232682433999969],[107.03995645900017,-6.232649120999952],[107.03978275800006,-6.232570003999967],[107.03965069800017,-6.23251051799997],[107.03960013400007,-6.232492076999847],[107.03958883199999,-6.232490291999966],[107.03957752900004,-6.232490291999966],[107.03954838100015,-6.232495050999887],[107.0394472820002,-6.232511365999926],[107.03923899,-6.232522625999877],[107.03914119400008,-6.232524767999962],[107.03911192600015,-6.232527622999953],[107.03894845700006,-6.232526195999981],[107.03888349800008,-6.232527622999953],[107.03872431200006,-6.232482650999941],[107.03871653700003,-6.232480529999975],[107.0387164990002,-6.232480519999967],[107.0387164600001,-6.23248050899997],[107.03870860800004,-6.232478367999931],[107.03870789400014,-6.2324234029999275],[107.03877851400011,-6.232411175999971],[107.0387899590001,-6.232406582999943],[107.03880140700016,-6.2324019879999355],[107.03882210800015,-6.232367722999925],[107.03881711100018,-6.232362011999896],[107.03881211400005,-6.232356301999971],[107.03880354800003,-6.232342024999866],[107.03880140600006,-6.232335242999909],[107.03879926500014,-6.232328461999884],[107.03879355500004,-6.2323070469998925],[107.03878784400018,-6.2322734969998805],[107.03878498800009,-6.2322428019999165],[107.038772139,-6.2321314429999575],[107.03873145100005,-6.231883740999933],[107.03869647300019,-6.23166245099992],[107.03868076800018,-6.231537529999912],[107.03866024500019,-6.2313632929999585],[107.03865310700013,-6.231321057999935],[107.03864269700017,-6.231262463999883],[107.03863109700006,-6.231207438999945],[107.03862989900017,-6.231202027999927],[107.03862989300018,-6.231202001999861],[107.03862988700018,-6.231201975999966],[107.03862867800012,-6.231196512999929],[107.03862058800019,-6.231167483999911],[107.0386139250001,-6.2311398819999795],[107.03860821400008,-6.231110851999972],[107.03858442000006,-6.230990927999869],[107.0385625290001,-6.230885754999974],[107.03854539700012,-6.230816274999938],[107.03851636700017,-6.230683024999905],[107.03850780099998,-6.230641146999972],[107.03850066300015,-6.2306125929999325],[107.03849733600009,-6.2306011859998875],[107.03849400000018,-6.230589750999911],[107.03848257900006,-6.230560720999904],[107.03846354300009,-6.230525504999946],[107.03844355600012,-6.230490288999931],[107.0384306270002,-6.230471177999959],[107.03842253700003,-6.230459756999892],[107.03841420900005,-6.230449286999942],[107.03840727700003,-6.230442259999961],[107.03839775900013,-6.230432741999891],[107.03839136000005,-6.230426341999873],[107.03839133800005,-6.230426320999811],[107.03838491000005,-6.230419892999976],[107.03831162200004,-6.230361833999893],[107.03827133000004,-6.230318051999973],[107.03817725900018,-6.230213542999877],[107.03803321900017,-6.230053518999966],[107.03798705800017,-6.2300037879999195],[107.03792281200003,-6.229940256999896],[107.03785999400014,-6.229876724999883],[107.03777933100014,-6.229799630999935],[107.03770723300005,-6.229740381999875],[107.03766797200007,-6.229712541999902],[107.037632041,-6.229692282999906],[107.03753377000015,-6.229636875999859],[107.03748621100004,-6.229608237999969],[107.03746738300009,-6.229596900999923],[107.03736244900011,-6.22952480299989],[107.03727126000013,-6.229483678999884],[107.03721682600002,-6.229459129999896],[107.03717369100013,-6.22943836099995],[107.03708191100014,-6.2293941709998535],[107.03707053500011,-6.229388090999976],[107.03704050800019,-6.229372041999966],[107.03695770299998,-6.229327783999963],[107.03692980200009,-6.2293126199999165],[107.03689203000016,-6.229292091999923],[107.03682492900003,-6.229258540999979],[107.03679418900015,-6.229243446999817],[107.03670571800001,-6.229200005999928],[107.03660935000005,-6.2291500379998865],[107.03659667400007,-6.229143225999962],[107.03650441500014,-6.229093644999921],[107.03647823200004,-6.229081674999918],[107.03643409900019,-6.229061499999943],[107.03639615000014,-6.229044151999915],[107.03633523600013,-6.229015597999876],[107.03631237700006,-6.229004853999868],[107.03624005700016,-6.228970863999905],[107.03612013300017,-6.228913756999873],[107.03603066500006,-6.228880444999959],[107.03597255900019,-6.228865563999875],[107.03595261800007,-6.228860456999939],[107.03586219900012,-6.228836662999981],[107.03581284800003,-6.2288226229998145],[107.03575179200016,-6.228805253999951],[107.03570705800018,-6.22879097699996],[107.03567439200015,-6.228779250999935],[107.03566993800013,-6.228777651999906],[107.03566828300006,-6.228777336999883],[107.03564837800013,-6.22877354499991],[107.03562996400018,-6.22877003799988],[107.03560815600014,-6.228766921999977],[107.03558998900019,-6.228764326999965],[107.03553193000005,-6.228756712999939],[107.0354957620001,-6.228755760999945],[107.03545483500017,-6.228755760999945],[107.03542913700016,-6.22875956799993],[107.03541922900007,-6.228764744999978],[107.03540932100015,-6.2287699219999695],[107.03515841400008,-6.228975273999936],[107.03514129400008,-6.228954022999915],[107.0351060110001,-6.2289102289999505],[107.03495242200006,-6.228854210999941],[107.03494298000004,-6.228884665999885],[107.03490609900007,-6.22900363899987],[107.0348525610001,-6.228986982999913],[107.03481627400004,-6.228975085999878],[107.03481240700012,-6.228986685999871],[107.03480854100019,-6.228998285999978],[107.03467231700012,-6.228956644999869],[107.03449445200005,-6.228905486999906],[107.03452122100003,-6.228808523999874],[107.03444059200018,-6.228777998999931],[107.03448255500018,-6.228656832999945],[107.03444150899998,-6.2286395819998575],[107.03439927400012,-6.22862589999994],[107.03439035200012,-6.228622033999898],[107.03438142800007,-6.228618166999922],[107.03435465900009,-6.228602104999936],[107.03434514100019,-6.2285961559999805],[107.03433562300012,-6.228590207999957],[107.03430588000003,-6.22856403399993],[107.03431777700007,-6.228513470999815],[107.03432610500005,-6.228449224999906],[107.03425531600016,-6.228444465999871],[107.03424520300013,-6.228444465999871],[107.03423970100016,-6.228444465999871],[107.03422914200013,-6.228444465999871],[107.03421070100006,-6.228445060999945],[107.03420267100012,-6.228445655999963],[107.03419464000007,-6.228446250999923],[107.03407602400006,-6.2284282459999645],[107.03401606100016,-6.228425390999973],[107.034010351,-6.228307369999811],[107.03399988100006,-6.228003749999914],[107.03399689200006,-6.227774637999971],[107.03399124100002,-6.227676782999936],[107.03398672500003,-6.227584300999922],[107.03398196600006,-6.227443912999945],[107.0339822040001,-6.227368245999912],[107.03397887199998,-6.227272828999901],[107.03397649300007,-6.2272081079999],[107.03396768900006,-6.22708271099998],[107.03396412000001,-6.226994907999938],[107.0339610260001,-6.226944225999887],[107.03395698100007,-6.2268742699998825],[107.03396661700015,-6.226873916999978],[107.03397625100007,-6.2268735649999485],[107.03398050800013,-6.226769149999882],[107.03397884800017,-6.226769291999915],[107.03316948600019,-6.226838305999934],[107.03311002200007,-6.226843376999909],[107.0329806060002,-6.226865249999946],[107.03243174600004,-6.22695801499998],[107.03234978400002,-6.226971867999964],[107.03232895300016,-6.226973799999939],[107.03184211900003,-6.227018960999942],[107.03168000000005,-6.2270339999999464],[107.03162065700019,-6.227021958999956],[107.03159242900017,-6.227016230999936],[107.03143996700015,-6.2269852959999525],[107.03128860300006,-6.226954583999884],[107.031233144,-6.226943330999916],[107.0310857020001,-6.226895587999877],[107.0308917660002,-6.226832789999946],[107.03083339400018,-6.226813887999981],[107.0308265000001,-6.226811538999925],[107.03056586700012,-6.226722712999958],[107.03049438800019,-6.226698351999971],[107.03040889900012,-6.2266692169998805],[107.03026003200017,-6.226615761999824],[107.03026236600016,-6.226609946999872],[107.03039108700005,-6.226289201999975],[107.03039431000008,-6.226281595999978],[107.03054458600008,-6.225926938999919],[107.03059581800005,-6.2258234069998935],[107.03060731400012,-6.225800682999875],[107.03063946800012,-6.225737125999956],[107.03064304200007,-6.2256720499999005],[107.03062951000015,-6.225633829999936],[107.03063772000013,-6.225593372999981],[107.03066891000003,-6.225499246999902],[107.03068162700015,-6.225449682999965],[107.03067503,-6.2254123929998855],[107.03067068600018,-6.225401289999979],[107.03066634000004,-6.225390180999852],[107.0306576280002,-6.225362227999938],[107.03065866499998,-6.225352176999877],[107.03065970199998,-6.225342126999976],[107.03067530600003,-6.225297575999889],[107.0306780620001,-6.22526814299988],[107.03067794800006,-6.225238721999915],[107.03068292800015,-6.225228297999934],[107.030687908,-6.225217872999963],[107.0307229890002,-6.225203385999919],[107.03076379300018,-6.225185288999967],[107.03080669900015,-6.225154266999937],[107.03083516700002,-6.225098183999933],[107.03083523300006,-6.225062512999898],[107.03083828700011,-6.225048281999875],[107.03084892000004,-6.225042019999819],[107.03088534,-6.2250445459999355],[107.03090025300008,-6.22504024899996],[107.03091816200009,-6.2250350889999595],[107.03092875900012,-6.225019494999913],[107.0309302780002,-6.225010602999873],[107.03093179800015,-6.225001709999958],[107.03093438400015,-6.2249812589999465],[107.03093520400006,-6.224963481999964],[107.03093272900014,-6.224955048999902],[107.0309302550001,-6.224946615999897],[107.03092661400007,-6.224923523999962],[107.0309307400002,-6.224841746999857],[107.03093085200004,-6.224812812999971],[107.03093144600012,-6.224659285999962],[107.03093608000012,-6.224620995999885],[107.03095031500015,-6.224593193999965],[107.03096680300007,-6.224582951999935],[107.03099991400006,-6.224562384999899],[107.03103711400013,-6.224539278999941],[107.03106859500019,-6.224520978999976],[107.03108760700013,-6.2244922009999755],[107.0310970390002,-6.224458676999973],[107.03109555700007,-6.224446242999818],[107.03109407500017,-6.224433810999926],[107.03107298200007,-6.22441858399992],[107.0310633220002,-6.2243927869999425],[107.03106543200016,-6.224382014999833],[107.03106754100008,-6.224371242999894],[107.03109603100012,-6.224320900999942],[107.03113884100014,-6.224264762999894],[107.03117606600011,-6.224186161999967],[107.03116381800015,-6.223984561999885],[107.0310937650001,-6.2238357459999065],[107.03108356700017,-6.22381408099983],[107.03104666500013,-6.22370682199994],[107.03104662400006,-6.223706701999902],[107.03104658300015,-6.2237065829999665],[107.03121179600004,-6.223657734999961],[107.03124794600018,-6.223634638999897],[107.03141971700006,-6.223524895999958],[107.03167470000011,-6.223198600999979],[107.03171448900014,-6.223102767999933],[107.03172345400009,-6.222947730999977],[107.03161478300007,-6.2225348099999565],[107.03161250400012,-6.2219415989998765],[107.03165500000011,-6.221482999999864],[107.03172991300016,-6.221215268999913],[107.03180010600005,-6.2209993819998886],[107.03191300000015,-6.220890999999824],[107.03213367100017,-6.220720624999956],[107.03236838400016,-6.220593423999958],[107.03275192299998,-6.220381450999923],[107.03303603500007,-6.220171773999823],[107.03312552500017,-6.220071921999818],[107.03314432300016,-6.21998765099994],[107.03314787500005,-6.219916833999946],[107.03314541200012,-6.21977332299997],[107.0331236790002,-6.219591613999967],[107.03305973200014,-6.219371794999972],[107.03300536699999,-6.21915767999991],[107.03296471200014,-6.21902771099991],[107.03292043700009,-6.218951336999908],[107.03286472700012,-6.2188845749998904],[107.03272200000009,-6.218747999999948],[107.03228900000016,-6.218274999999892],[107.03166388900001,-6.217524713999978],[107.031521999,-6.217295702999877],[107.03117600000007,-6.216807999999958],[107.03098000000006,-6.216494999999895],[107.03085400000009,-6.216111999999896],[107.03083000000004,-6.215632999999968],[107.03086700000011,-6.215126999999939],[107.0309400000001,-6.214813999999876],[107.0311260000002,-6.214453999999932],[107.03162400000019,-6.213977999999827],[107.03227900000002,-6.213551999999936],[107.0324225010001,-6.21348588099994],[107.032551452,-6.2134542889999125],[107.03269959700009,-6.2134417599999665],[107.03285600100008,-6.213427774999957],[107.0330840000002,-6.213322999999889],[107.03336700000017,-6.213168999999937],[107.03358800000018,-6.212986999999885],[107.03363606300013,-6.212904126999945],[107.033910456,-6.212425967999934],[107.03394997300018,-6.212272042999871],[107.03396874500015,-6.2121810739998296],[107.03399900000005,-6.211701999999889],[107.03395612600008,-6.211384583999916],[107.03384600000004,-6.2110239999998385],[107.03368300000005,-6.210653999999863],[107.03350041600004,-6.210352987999897],[107.03330086500011,-6.210049969999886],[107.03322868300017,-6.2099258619999205],[107.03318307700016,-6.209875804999967],[107.03309547700019,-6.2097787199999175],[107.03301024100006,-6.209682716999964],[107.03253359400014,-6.209173974999885],[107.03227822000014,-6.208898556999941],[107.03220125700011,-6.208774467999945],[107.03216030400017,-6.208690904999969],[107.03212884600003,-6.208590560999937],[107.03211168400003,-6.20847820299997],[107.03211606100012,-6.208372936999865],[107.03212777300007,-6.20831069999997],[107.03215146400015,-6.208255592999933],[107.03218949500018,-6.208200429999977],[107.03226086100005,-6.2081116519999],[107.03232032200009,-6.2080348789999675],[107.03237266700006,-6.20797248599996],[107.03244172500007,-6.20790524399996],[107.03254410800014,-6.207801994999954],[107.03259676500011,-6.207733821999909],[107.03284616300016,-6.20741093699985],[107.03298664200014,-6.207269267999948],[107.03305087300004,-6.207190084999979],[107.0331461770001,-6.207110782999962],[107.03325337600018,-6.207017082999926],[107.03352974500007,-6.206783995999956],[107.0336473640001,-6.206673850999948],[107.03366311700006,-6.206659098999978],[107.03379879600004,-6.206512664999934],[107.03392004200009,-6.206342366999877],[107.03397211200013,-6.206208213999901],[107.03388360300005,-6.206189417999951],[107.03382219100007,-6.206170565999969],[107.03379965400012,-6.206113195999933],[107.03376975800012,-6.206010148999951],[107.03374263100011,-6.20599546699998],[107.03372279300004,-6.205984730999887],[107.03368614100003,-6.205963343999883],[107.03364948400008,-6.205940521999935],[107.03361907400006,-6.205932300999962],[107.03358636700011,-6.205936457999883],[107.03354764400001,-6.205935889999921],[107.03351677300003,-6.205925961999981],[107.0334951870002,-6.205906668999887],[107.03347789500003,-6.205885207999927],[107.03347284300014,-6.205876259999968],[107.03346778800017,-6.205867305999959],[107.03343393200004,-6.205827250999903],[107.0334130280001,-6.205798626999922],[107.03340868800007,-6.205788954999946],[107.03340434900014,-6.205779284999949],[107.03339425500002,-6.2057649719998835],[107.03338814700004,-6.205761049999921],[107.0333820350001,-6.205757124999877],[107.03336052100008,-6.205756489999828],[107.0333254140001,-6.2057638009998755],[107.03329600600017,-6.205761760999906],[107.03328739400018,-6.2057592829999635],[107.03327877800018,-6.205756803999918],[107.03324292000002,-6.205755505999946],[107.03319487000016,-6.2057535379999536],[107.0331467640001,-6.205737217999911],[107.0330979360001,-6.205719464999959],[107.03306202100009,-6.205703097999958],[107.03303757000009,-6.205684534999932],[107.03301092300012,-6.205654497999831],[107.03298356000005,-6.2056244629999355],[107.03295835900019,-6.20559729099989],[107.03293462200008,-6.205578006999872],[107.03289654700006,-6.205559495999978],[107.03285203000019,-6.20554387899989],[107.03282188600019,-6.20553681899986],[107.03278383600008,-6.2055247659999395],[107.03276510800009,-6.205502591999959],[107.03274918100016,-6.205463184999871],[107.0327442700002,-6.205432341999938],[107.03274467,-6.20540866399989],[107.03274600400016,-6.205399347999958],[107.03274733700016,-6.205390032999958],[107.03275162000006,-6.205373376999944],[107.03275495100007,-6.205367190999937],[107.03275828200009,-6.205361003999883],[107.03276684800011,-6.20534529899993],[107.03277110500017,-6.205337021999924],[107.03277111800008,-6.2053369959999145],[107.03277113100017,-6.2053369709999515],[107.03277541400007,-6.205328642999973],[107.03279064300017,-6.205295330999945],[107.03280444400019,-6.20527296399996],[107.03280848900005,-6.205264634999878],[107.03281253400013,-6.2052563069999],[107.03281967200019,-6.205237747999888],[107.03281967200019,-6.205217759999925],[107.03281991000006,-6.205209431999947],[107.03282014800004,-6.205201103999968],[107.03281776900013,-6.205179212999951],[107.03281348600001,-6.20514923199994],[107.03281158200008,-6.2051178229999095],[107.03280967900014,-6.205087841999841],[107.0328068230001,-6.205059287999973],[107.03280558600011,-6.205040299999894],[107.03280558600011,-6.205031018999932],[107.03280558600011,-6.20502173999995],[107.03280844100004,-6.205002465999883],[107.0328102260001,-6.2049931869999],[107.03281201099998,-6.204983906999928],[107.03282057700017,-6.204961063999917],[107.03282985600015,-6.2049382209999635],[107.03283556600007,-6.204929655999877],[107.03284127800003,-6.204921088999981],[107.03285460300015,-6.204899673999876],[107.0328688800002,-6.204876830999979],[107.03288268100016,-6.2048544639998795],[107.03288553600015,-6.204842566999957],[107.03288601200018,-6.2048330489998875],[107.03288363200016,-6.204826385999979],[107.032875542,-6.204821151999965],[107.03286838500003,-6.204817215999981],[107.0328660240001,-6.204815916999962],[107.03285793400016,-6.204806874999861],[107.0328520810001,-6.204794263999872],[107.03284994,-6.204788552999958],[107.03284779800003,-6.204782841999929],[107.03284708400014,-6.204768564999881],[107.03284744100011,-6.204759998999975],[107.03284779800003,-6.204751432999956],[107.03285779100008,-6.204714313999943],[107.03286707100011,-6.2046786219999035],[107.03287135400001,-6.204645784999855],[107.0328763510002,-6.2046265119999475],[107.03287884900004,-6.204620802999898],[107.03288134800016,-6.204615089999891],[107.03288991400012,-6.204605095999966],[107.03289597900005,-6.20459974399995],[107.03290204900014,-6.204594388999965],[107.03291918100018,-6.204586536999841],[107.0329398830001,-6.204577970999935],[107.0329495200001,-6.2045768999999495],[107.03295915600017,-6.204575828999907],[107.03297271900016,-6.204575828999907],[107.03298556800007,-6.204577970999935],[107.03299134600019,-6.204579621999869],[107.03300055900013,-6.204582253999945],[107.03301483600018,-6.204584394999927],[107.0330248300001,-6.204582253999945],[107.0330312540001,-6.204575114999955],[107.03303482300015,-6.204563693999887],[107.03303625100006,-6.204554413999915],[107.03303553700005,-6.2045408509998765],[107.03302625700013,-6.204515152999875],[107.03300555600009,-6.204453048999881],[107.03297843000018,-6.204378095999914],[107.03296343900007,-6.20432812699994],[107.03293803700012,-6.204247427999917],[107.03296341100008,-6.2041574649998665],[107.03296775500007,-6.2041085129998805],[107.03297539900018,-6.204022387999942],[107.03296397800005,-6.203910076999932],[107.03296394800003,-6.203909967999891],[107.03296391700013,-6.203909854999893],[107.03293732800017,-6.203812994999964],[107.03294494200009,-6.203721623999968],[107.03295692600017,-6.20363260299996],[107.03295759700012,-6.203627619999963],[107.03295826800013,-6.20362263699991],[107.03296082800017,-6.203615468999942],[107.0330020990001,-6.203499910999881],[107.03299419100017,-6.203489998999885],[107.03298628200014,-6.203480086999946],[107.0329034770001,-6.203436542999896],[107.03299167500012,-6.203308143999948],[107.03296274200011,-6.20328987399995],[107.03295615300004,-6.203285713999946],[107.03294956400009,-6.203281552999954],[107.03287289600013,-6.203234006999935],[107.0329014360002,-6.203196820999949],[107.03284547900012,-6.203158703999918],[107.03292760900013,-6.2030722759999435],[107.03302267600009,-6.202964134999888],[107.03323460400009,-6.202723059999926],[107.03327218000015,-6.2026809249999815],[107.03344539400007,-6.2024866919999795],[107.03359196000014,-6.202322342999878],[107.03359659300008,-6.202317147999906],[107.0336012250001,-6.202311953999924],[107.03355713100018,-6.202276448999839],[107.03353410200015,-6.202257905999886],[107.03342274000016,-6.202188486999944],[107.03348162900016,-6.202045903999931],[107.03348121400006,-6.202044436999927],[107.03348079900007,-6.202042967999944],[107.03345255300007,-6.201943158999882],[107.03343040100003,-6.201775802999975],[107.03343017100019,-6.201773560999868],[107.03342994200005,-6.2017713199999775],[107.0334155000001,-6.201629947999891],[107.03345092200004,-6.20151738699991],[107.03345545800005,-6.201414021999881],[107.03352337000013,-6.201359940999964],[107.03351946900011,-6.201277430999937],[107.03352992200018,-6.201198454999883],[107.03353034100013,-6.20119669099995],[107.03353075900014,-6.20119492699996],[107.03355462000007,-6.201094307999881],[107.03356063700011,-6.201001822999956],[107.03355493400011,-6.200927700999955],[107.03355007800008,-6.200864578999813],[107.03359743100015,-6.200747188999969],[107.03361855800006,-6.2006466429999705],[107.03364694600009,-6.200569989999963],[107.03364999300004,-6.200528626999926],[107.03366472100004,-6.200328719999959],[107.03366739400019,-6.200292437999906],[107.03370711300016,-6.200054041999977],[107.03375585000003,-6.19981495199994],[107.03377623900019,-6.1997149299999705],[107.03382746400007,-6.199463637999884],[107.03369747600016,-6.199434180999958],[107.03372799900012,-6.1992669899999555],[107.03368733000002,-6.1992575779999015],[107.03372469200013,-6.1990278019998755],[107.03375331100005,-6.199025303999974],[107.03375505300005,-6.198966927999834],[107.03378384100012,-6.19878404699989],[107.03377244000018,-6.198782413999936],[107.03376103800008,-6.198780779999879],[107.03347840300006,-6.198743600999933],[107.03329181300006,-6.198718526999869],[107.03316582100013,-6.198696397999981],[107.03308551400016,-6.1986842629999614],[107.03295666600013,-6.1986653459999275],[107.03285887000004,-6.198652139999979],[107.03272262200016,-6.198616632999972],[107.03272144300013,-6.198626168999965],[107.0327211,-6.198628939999935],[107.03269896100005,-6.198625380999886],[107.03253858500011,-6.19860039699995],[107.03247717200009,-6.198589641999945],[107.03235441500016,-6.198589212999934],[107.03236655000018,-6.198519970999882],[107.03229278700019,-6.198505931999875],[107.032224972,-6.198491179999905],[107.03219166000008,-6.198478329999887],[107.03214787800005,-6.198456200999942],[107.03209862300014,-6.198431454999934],[107.03202938000015,-6.198422174999962],[107.0319418160002,-6.198410515999967],[107.03188970600019,-6.198404566999841],[107.03185544200016,-6.19839909399991],[107.03181760800004,-6.198388386999909],[107.03175740800003,-6.198367447999942],[107.03172076400006,-6.19835983299987],[107.03167222300004,-6.198329613999931],[107.0316174960002,-6.198314623999863],[107.03152398300017,-6.19829630199996],[107.0314230940001,-6.198283214999947],[107.03137788400011,-6.198276551999925],[107.03130959300006,-6.19826917599994],[107.03120013800014,-6.198264416999962],[107.0311449350001,-6.198263464999968],[107.03105677600018,-6.198266676999879],[107.03088545500009,-6.19826060999992],[107.03081131900018,-6.198256598999933],[107.03064535000004,-6.19820676899991],[107.03056362100011,-6.198176768999929],[107.03051343800013,-6.198169487999905],[107.0304288480001,-6.198152712999956],[107.0303285540001,-6.1981484299999465],[107.03016441100016,-6.198129575999928],[107.03011767600009,-6.198126737999928],[107.03005469100015,-6.19810098399995],[107.02998879600011,-6.198098034999873],[107.02988639700004,-6.198125682999944],[107.02969525300006,-6.198176718999889],[107.02963140100007,-6.198188295999955],[107.02958442600004,-6.1981881019999605],[107.0294715760001,-6.19817896599983],[107.0293934550001,-6.198174970999958],[107.02932873399999,-6.198169259999929],[107.02924830800009,-6.198163549999947],[107.02919438900017,-6.1981618519999415],[107.02919636400009,-6.19822316099993],[107.02915938500013,-6.19821881799993],[107.02905540000012,-6.198215628999947],[107.02886269400017,-6.198181365999915],[107.02884520300006,-6.198259659999906],[107.02883760600002,-6.198289527999918],[107.02861741800012,-6.19826289699995],[107.02863283600016,-6.198201363999885],[107.02864163400017,-6.198145451999892],[107.028634431,-6.198136808999891],[107.02862722700013,-6.198128164999957],[107.02852557400018,-6.1981094179999445],[107.02840777300008,-6.198087143999942],[107.02834858800009,-6.198079596999946],[107.028240386,-6.198067452999908],[107.02815787700001,-6.198054611999908],[107.02807422000012,-6.198054333999892],[107.02801575600006,-6.198079075999885],[107.02783183400015,-6.198110875999873],[107.02777987900004,-6.198118848999911],[107.0277694180001,-6.198117692999972],[107.02775895600013,-6.198116536999976],[107.02774281100017,-6.198113608999904],[107.0277359270001,-6.198110345999908],[107.02772904300008,-6.198107082999911],[107.02771524700017,-6.198093381999854],[107.02769542100015,-6.198065351999844],[107.02757029700007,-6.198003039999946],[107.02767543700008,-6.197693773999902],[107.02765307900017,-6.197681877999912],[107.02754657000014,-6.197643414999902],[107.02742208500007,-6.197591864999936],[107.02735018900017,-6.197541907999948],[107.02721472700017,-6.197432392999872],[107.0271885630001,-6.19746598099988],[107.02708436000012,-6.197405382999932],[107.0269700240001,-6.197351401999924],[107.02692810100007,-6.197326445999977],[107.02691821900015,-6.197319906999894],[107.02690833200012,-6.197313364999957],[107.02689455000007,-6.1973032519999265],[107.02688317600018,-6.197297912999943],[107.02686642200018,-6.197291996999979],[107.02679703100006,-6.197271930999932],[107.02670730300008,-6.19724655899995],[107.0266355220001,-6.197226501999978],[107.02652962000002,-6.197190427999942],[107.02649432000015,-6.197178602999941],[107.0264446290002,-6.197153676999903],[107.02638894900002,-6.197125184999948],[107.0263728110001,-6.197124050999946],[107.02636565600017,-6.1971282639998435],[107.026359706,-6.197134864999953],[107.02635079600014,-6.197148652999942],[107.02634575200011,-6.197157940999887],[107.02634070800002,-6.197167229999934],[107.02632053800016,-6.197205579999945],[107.02631101000009,-6.19721398799993],[107.02629966100011,-6.197215226999845],[107.02628531400006,-6.197213487999875],[107.02627903600012,-6.197212315999934],[107.02627275600008,-6.197211143999937],[107.02626382400007,-6.197208072999956],[107.02625899500015,-6.19720641299989],[107.02624943100005,-6.197204058999887],[107.02623985600007,-6.197201701999973],[107.02620933399999,-6.197189259999902],[107.02609566100011,-6.197152618999894],[107.02599275000006,-6.197116010999878],[107.02587788900001,-6.197081166999965],[107.02561348800009,-6.19700563299989],[107.02552591000011,-6.196979774999818],[107.02546673300014,-6.197123162999958],[107.02542306300006,-6.197266851999927],[107.02541951,-6.197275236999928],[107.02541594500019,-6.197280632999934],[107.02540878800005,-6.19728424799996],[107.02540102500018,-6.197285473999955],[107.02539026900018,-6.197285514999976],[107.02537292699998,-6.197281992999933],[107.02520964100017,-6.197240756999918],[107.02503977600003,-6.197197750999976],[107.02490339200011,-6.197159999999883],[107.024811892,-6.197140016999924],[107.02475985500007,-6.197283138999978],[107.02472033499998,-6.1974184399999785],[107.02437872500013,-6.197309710999946],[107.024029321,-6.197194433999812],[107.02385102200009,-6.197133519999909],[107.0237541080001,-6.19710398999996],[107.02375067700007,-6.197144666999975],[107.0237444010001,-6.197222431999819],[107.0237273190001,-6.197287081999946],[107.02374522800005,-6.19743950499992],[107.02368183000016,-6.197424198999897],[107.02356762900018,-6.197405498999956],[107.02351621100019,-6.197397920999947],[107.02348511500014,-6.197391461999928],[107.02340085100008,-6.197388792999902],[107.02336017500011,-6.197377586999949],[107.02331529399999,-6.197360415999867],[107.02322624600009,-6.197356568999908],[107.02311206000007,-6.197342054999922],[107.02291833900011,-6.197311099999979],[107.02284543900015,-6.197468055999877],[107.02283571900006,-6.1974635279999575],[107.02282600000001,-6.197458999999924],[107.02246550400002,-6.197337943999969],[107.02228002100009,-6.197273468999867],[107.02211786600003,-6.197215482999866],[107.0219402210002,-6.197169515999974],[107.02186662900016,-6.197144679999951],[107.0217930390001,-6.197120442999903],[107.02178614300004,-6.197113890999901],[107.02177924600011,-6.197107338999956],[107.02177748900004,-6.197071664999953],[107.02177730300019,-6.1970678779999275],[107.02177518400015,-6.197060415999829],[107.02177306300001,-6.197052943999893],[107.0214155500002,-6.1969028279999065],[107.02137264000004,-6.196877460999872],[107.02135644700019,-6.196861973999944],[107.02134865700009,-6.196856322999906],[107.0213408680001,-6.196850671999869],[107.02132590900015,-6.1968453469999645],[107.02131932500015,-6.196842381999886],[107.02131274100014,-6.1968394169999215],[107.02125467500014,-6.196812129999955],[107.02118694700005,-6.196757968999918],[107.02115814200005,-6.196725786999934],[107.02114020500005,-6.196712299999888],[107.02113158500009,-6.196706596999945],[107.02112295200016,-6.196700883999938],[107.02111236600018,-6.196682744999919],[107.0210869,-6.196667741999931],[107.02104052200008,-6.196646181999938],[107.02104335100006,-6.196635885999967],[107.02104618000004,-6.196625588999893],[107.02098204200007,-6.196604304999937],[107.02070832600015,-6.196530238999912],[107.02057464500018,-6.196489487999941],[107.02046138900005,-6.196458940999889],[107.02040593900006,-6.196584972999915],[107.02031884500013,-6.196560905999888],[107.02011881700014,-6.196505694999928],[107.0200110900002,-6.196461134999879],[107.01994552800011,-6.196442247999926],[107.0199157470002,-6.196530388999918],[107.01991340400008,-6.196542838999903],[107.01991106100019,-6.196555283999942],[107.01990400500011,-6.196585449999873],[107.01990405100014,-6.196597409999981],[107.019904096,-6.196609369999976],[107.01990324800016,-6.196637598999928],[107.01989906900008,-6.196670146999963],[107.01987565200017,-6.1967974919999165],[107.01987208300011,-6.196864482999956],[107.01986665200013,-6.196944874999929],[107.01986581800008,-6.196976931999927],[107.0198471610002,-6.197098995999909],[107.01981847300016,-6.197223012999871],[107.01981235800008,-6.19724934899989],[107.01977981600004,-6.1973705669998935],[107.01978849900013,-6.197373446999961],[107.01979718200005,-6.197376326999915],[107.01975415700014,-6.197531829999946],[107.01972693500005,-6.1976644519999695],[107.01970815400017,-6.197753985999839],[107.019705397,-6.197783178999941],[107.01967891200007,-6.197857910999971],[107.01967148900007,-6.197917261999919],[107.01963511400015,-6.198031260999926],[107.01959970200005,-6.19814717099996],[107.01957431200009,-6.198258788999965],[107.01956683500009,-6.198303734999911],[107.0195560570001,-6.19836070599996],[107.01955190800004,-6.198400907999883],[107.0195550200001,-6.198465001999978],[107.01959315700014,-6.19856292999998],[107.01969452899999,-6.198747228999935],[107.01968087500012,-6.198949685999935],[107.01961553900003,-6.198980241999948],[107.0195036090002,-6.199032589999945],[107.01939703400018,-6.199101178999911],[107.01934263400011,-6.199126501999956],[107.01917022500015,-6.199231929999883],[107.0189326740001,-6.199366310999835],[107.01886757600005,-6.199406744999976],[107.01886400700005,-6.199411063999889],[107.01886043799999,-6.199415382999973],[107.01883708400004,-6.199496561999865],[107.01880951300012,-6.199600002999887],[107.01880145500019,-6.199641057999941],[107.01877389200013,-6.199661135999975],[107.01854492700011,-6.199790459999917],[107.01834806900018,-6.199878040999977],[107.01826855700017,-6.199899153999979],[107.01825739700013,-6.199919818999888],[107.01825803000008,-6.19992852199988],[107.01825866300004,-6.199937224999928],[107.01826238700016,-6.199973808999914],[107.01826679300018,-6.200001060999966],[107.01826546300009,-6.200028335999889],[107.01825940900011,-6.200039122999897],[107.01825335500013,-6.200049909999905],[107.01822700500009,-6.200038222999922],[107.01820523100008,-6.200028564999911],[107.01819269999999,-6.200022740999884],[107.01812405999999,-6.199990840999817],[107.01806083200012,-6.199957353999878],[107.01802344200001,-6.199930226999868],[107.01800329400015,-6.199911645999919],[107.01798379400014,-6.1998751219999235],[107.01795562699999,-6.199822125999958],[107.0179288870001,-6.1997669719999635],[107.01791873300016,-6.199736870999857],[107.0179006250001,-6.199688859999981],[107.01787826800012,-6.1996552179999185],[107.01784299400003,-6.199618753999914],[107.01775153099999,-6.199514330999932],[107.01766937300016,-6.1994055669998716],[107.01759148700006,-6.199288892999903],[107.01749415700004,-6.199150047999979],[107.0174866050001,-6.1991436199999725],[107.01747905000013,-6.199137187999952],[107.01740511500014,-6.199116658999969],[107.0172687320001,-6.199079144999871],[107.01725938500016,-6.199072362999914],[107.01725003700005,-6.1990655809999],[107.01722909300014,-6.199026191999849],[107.01721674500016,-6.19898461799994],[107.01720510900009,-6.1989416059999485],[107.01718835500014,-6.198872778999942],[107.01718027900017,-6.198823293999851],[107.01716796700003,-6.198791048999908],[107.01713040300012,-6.198717995999914],[107.01708713700009,-6.1986542929998905],[107.01703314300005,-6.198597806999942],[107.01699790499998,-6.198570671999903],[107.01696631100003,-6.19855931099994],[107.01663395200018,-6.198463697999955],[107.01644650100019,-6.198384755999882],[107.01641131900016,-6.198372690999975],[107.01640054100011,-6.198366631999875],[107.01638976200002,-6.198360572999945],[107.01636888600007,-6.198339123999915],[107.0163465560002,-6.1983126579999634],[107.0163227330001,-6.198270408999917],[107.01631046200004,-6.198248927999941],[107.01630504500002,-6.198238542999945],[107.01629962700014,-6.198228157999893],[107.01629736100011,-6.198198026999876],[107.01629789300017,-6.19814922799992],[107.01629403500004,-6.198077480999871],[107.01627644700017,-6.197977799999876],[107.01626409400012,-6.197934790999966],[107.01626109500012,-6.197900356999867],[107.01626033400015,-6.1978888769999685],[107.01625957400012,-6.197877398999935],[107.01625611700007,-6.1977224079998905],[107.01625670600004,-6.1976886779998495],[107.01625559400014,-6.197678996999912],[107.01625448100015,-6.197669310999913],[107.01624934200015,-6.197637755999892],[107.01622250600008,-6.197557484999834],[107.01619636000004,-6.19747003599997],[107.01618188600008,-6.197434928999883],[107.01616528200014,-6.197405569999944],[107.01611128299999,-6.19734764899988],[107.01608530100015,-6.197303254999952],[107.0160535820001,-6.197258883999893],[107.01603985700012,-6.19723238499995],[107.0160354730001,-6.197210872999904],[107.01603831200009,-6.197203327999944],[107.01604115200013,-6.1971957819999375],[107.01605254900011,-6.197175644999959],[107.01605818100006,-6.197148354999911],[107.01605420100009,-6.197138682999821],[107.01605022000018,-6.19712900899998],[107.01602859200017,-6.197098233999952],[107.01600341100016,-6.197076083999946],[107.01597605699999,-6.197048200999973],[107.01593633900012,-6.196974438999973],[107.01592327700007,-6.196933583999964],[107.01589940200017,-6.196877701999881],[107.01587986000015,-6.196829695999895],[107.01585097600002,-6.196776702999955],[107.01583154000002,-6.196756682999933],[107.01581919800009,-6.196716543999969],[107.01585112600009,-6.1965077239999005],[107.01585816200009,-6.196459490999928],[107.0158494260001,-6.196425078999937],[107.01584651500013,-6.196413608999933],[107.01584360300006,-6.196402137999883],[107.0158248890001,-6.19638355099994],[107.01576888300008,-6.196363670999972],[107.0156296360002,-6.196326883999973],[107.01555919700013,-6.196282659999952],[107.01541300000002,-6.1961319999999205],[107.01539215100019,-6.196101021999937],[107.01539198800009,-6.196057965999842],[107.01540377400016,-6.1959847109998805],[107.0154199230002,-6.195916756999964],[107.01543142300005,-6.195868366999946],[107.01545132100011,-6.195820928999922],[107.015495391,-6.195718859999943],[107.015547852,-6.195560786999977],[107.01554614600008,-6.195489031999841],[107.01553718700012,-6.195395775999941],[107.01551978200018,-6.195344174999946],[107.01549811900009,-6.195304070999896],[107.01544639400015,-6.195278432999885],[107.01538182200011,-6.195268631999966],[107.0152320000002,-6.195237999999961],[107.01483350200004,-6.195138674999896],[107.01456978099998,-6.195114746999934],[107.01417945300005,-6.195112454999958],[107.01411774400015,-6.195101207999812],[107.01402728800014,-6.195072846999949],[107.01393539800017,-6.195044491999909],[107.01384930900008,-6.19503333699987],[107.01377475300012,-6.195037925999884],[107.01371744500017,-6.19505249499997],[107.01367452500017,-6.195079927999927],[107.01365608400016,-6.1951331009999535],[107.01364199900013,-6.195200609999972],[107.01361780400003,-6.195249498999829],[107.01358359900013,-6.195305602999952],[107.0135435910002,-6.195344505999969],[107.0134662700001,-6.19537637499991],[107.01344060899999,-6.1954166579998855],[107.01339088400005,-6.195540275999974],[107.01336100300017,-6.195602103999931],[107.01331820299998,-6.195661110999936],[107.01323068600016,-6.195651396999949],[107.01310155300018,-6.195634663999897],[107.01285901900019,-6.1955896579999035],[107.01263900000004,-6.195545999999922],[107.01236465000005,-6.195514064999941],[107.0123178820001,-6.195508620999931],[107.01226509200018,-6.195471751999833],[107.01217020000013,-6.1954080049998765],[107.01204748000009,-6.195317572999954],[107.0119170910001,-6.19522142999989],[107.01180872300017,-6.195133813999917],[107.01172436200005,-6.195073853999929],[107.01164861900008,-6.19501768899994],[107.01162449500004,-6.19497741899994],[107.01162159700016,-6.194969536999906],[107.01161905200019,-6.194960216999959],[107.0116168290001,-6.194941208999978],[107.01161733500015,-6.194885591999935],[107.01161643000017,-6.194855262999965],[107.01161750100016,-6.1948434849999785],[107.01161857200015,-6.1948317059998885],[107.01162356900011,-6.194791016999886],[107.01163427600005,-6.194723201999977],[107.01164498400004,-6.194649676999916],[107.01165783300013,-6.194566871999939],[107.01166996800015,-6.194505481999897],[107.01168638600006,-6.194434097999931],[107.01169281100016,-6.194401974999948],[107.011715654,-6.1942806229999405],[107.01172778900002,-6.194229939999843],[107.01173564100014,-6.1941664089999335],[107.01173849700007,-6.194134285999837],[107.01174278000013,-6.194078605999948],[107.01175205900012,-6.193998656999895],[107.01176490900008,-6.1938787319999165],[107.01179346200007,-6.193730252999956],[107.01180202800003,-6.193668862999971],[107.01182058799998,-6.1935489379998785],[107.01184414500005,-6.193416164999917],[107.01186341800019,-6.1933012369999005],[107.01186555900006,-6.193289101999881],[107.01186770100009,-6.193276965999928],[107.01187127000009,-6.193251981999936],[107.01187769500018,-6.193198443999961],[107.01189696900019,-6.193112068999881],[107.01190482100014,-6.193071380999925],[107.01190839000014,-6.1930456819999335],[107.01191410100017,-6.193009990999883],[107.01192213100012,-6.192966921999869],[107.0119338500001,-6.19288961999996],[107.01186663100015,-6.1928717739999115],[107.01179762600003,-6.19285392799992],[107.01171256000009,-6.192834891999951],[107.01165485800016,-6.192825373999881],[107.01153709500005,-6.192815175999954],[107.0114288100001,-6.192819424999925],[107.01130864700019,-6.192815855999925],[107.01131221600019,-6.192773025999827],[107.01132074200001,-6.192644455999925],[107.01120652800017,-6.192643860999965],[107.01098345399998,-6.192641778999871],[107.01096263400007,-6.1926411839999105],[107.01095906400013,-6.192639398999972],[107.01095460300019,-6.192636127999947],[107.01095103400019,-6.1926307739999515],[107.01094895199998,-6.192624229999922],[107.0109491390001,-6.19261993899994],[107.01094954700011,-6.192610547999948],[107.01094494200004,-6.192610062999904],[107.01094033599998,-6.192609576999871],[107.01083066600017,-6.192602561999934],[107.01071598200008,-6.1925841859999196],[107.01071775700012,-6.192556930999956],[107.01064912300012,-6.192562042999953],[107.0105733540002,-6.1925673149999625],[107.01048483800014,-6.192563506999875],[107.01045438100005,-6.1925577969999495],[107.0103296970002,-6.1925530379999145],[107.01032589000016,-6.19259967499994],[107.01032017900013,-6.192664871999909],[107.01025403000006,-6.192673913999954],[107.01020025500014,-6.1926767699999345],[107.01013267800016,-6.19267724599996],[107.01006414900007,-6.192680100999951],[107.00995326700013,-6.192680576999976],[107.0099218580001,-6.192680100999951],[107.00971056200001,-6.192705084999886],[107.00969699900008,-6.192859987999896],[107.00968771900017,-6.1929313719999755],[107.00966844499999,-6.193074139999965],[107.00966059300009,-6.19311125899992],[107.00963275300006,-6.193255454999928],[107.00958135700006,-6.193249029999947],[107.00942859500003,-6.193228328999908],[107.00932580300008,-6.193211910999878],[107.0092265790002,-6.193194777999906],[107.0090285600001,-6.193165510999961],[107.00902213600011,-6.193197990999977],[107.00892434000019,-6.193179787999895],[107.00890090000019,-6.193321152999943],[107.00875680500008,-6.193294180999942],[107.00866590900017,-6.193277524999928],[107.00857025500011,-6.193260868999971],[107.00855312300007,-6.193297511999958],[107.0085083890001,-6.193288945999882],[107.00840607200007,-6.19324849599991],[107.00838085000015,-6.193325589999972],[107.00837704300011,-6.19339838999997],[107.00833849500009,-6.193490248999922],[107.00816289100015,-6.193404111999882],[107.0080767550001,-6.193360805999873],[107.00806533600013,-6.1933558099999],[107.0080539120001,-6.193350811999949],[107.00802821400009,-6.193406015999869],[107.007959685,-6.19338079399995],[107.00793303500012,-6.1933546189998765],[107.0079040060001,-6.193327017999934],[107.00783833300011,-6.193307981999965],[107.00777456300017,-6.1932951329999355],[107.00766939100015,-6.193278952999947],[107.0075132980001,-6.193321306999962],[107.00743555200006,-6.193354862999911],[107.00736672300019,-6.193411726999898],[107.00728582200014,-6.19345217699987],[107.0071911190002,-6.193461218999914],[107.0071114010002,-6.193485106999958],[107.00702550900019,-6.193479778999858],[107.00688654800013,-6.193465977999949],[107.00689321100009,-6.193435044999887],[107.00692652300017,-6.193308457999876],[107.00688369300019,-6.1932951329999355],[107.00680802600004,-6.193286566999859],[107.00672046200009,-6.193276096999966],[107.00661100700017,-6.193264199999874],[107.00660339200016,-6.193295608999961],[107.0065353400002,-6.193274669999937],[107.0064139870002,-6.193227079999929],[107.00641089400006,-6.1932206559998235],[107.00640780100002,-6.193214230999899],[107.00641022800016,-6.193146257999956],[107.00641736600005,-6.1930729709999355],[107.00643735400007,-6.193006345999947],[107.00647066599998,-6.192908311999929],[107.00648589500014,-6.192873571999883],[107.00655955200006,-6.1926324019999015],[107.00657679000011,-6.192586608999932],[107.00655727800006,-6.192553771999883],[107.0065910670001,-6.19246858799994],[107.00660010900015,-6.192429087999869],[107.00661486100012,-6.192334385999857],[107.0066189060002,-6.192323441999918],[107.00662295200016,-6.192312494999896],[107.00664293900013,-6.1922339729998725],[107.00663247000006,-6.192232069999932],[107.0066220000001,-6.192230165999945],[107.00664747100018,-6.1921156479999695],[107.00662628300017,-6.191960810999944],[107.00663246900018,-6.191925594999873],[107.00663580100007,-6.191892281999969],[107.00663913200009,-6.191860396999971],[107.00664341499998,-6.191831843999921],[107.00665578800005,-6.191757604999907],[107.00666007100011,-6.191745945999912],[107.00666435400007,-6.191734285999928],[107.00666614400018,-6.191726994999954],[107.00669052800009,-6.19162768599989],[107.00669766600015,-6.191628637999884],[107.00670480500008,-6.191629589999877],[107.00671670200012,-6.191578192999884],[107.0067390690001,-6.191482062999967],[107.00679332100015,-6.191223653999884],[107.00680141100008,-6.19118843699988],[107.0068252060002,-6.191104204999931],[107.00685090400003,-6.191005694999944],[107.006864705,-6.190944780999814],[107.00687231900014,-6.190915274999952],[107.00689516200015,-6.190861499999926],[107.00690349000013,-6.190865544999895],[107.0069118180001,-6.190869589999977],[107.00693180600013,-6.190814861999968],[107.00694703400018,-6.190756802999886],[107.00697368400006,-6.190641160999917],[107.00698700900017,-6.19060118699997],[107.00703697800014,-6.190471743999922],[107.00707219400005,-6.190360860999817],[107.00708742200004,-6.190308512999934],[107.00710312700005,-6.190254736999918],[107.00712073500006,-6.190190966999978],[107.00716118600013,-6.1900634279999736],[107.0071735590002,-6.190019645999826],[107.00718450400012,-6.189990616999978],[107.00718735900006,-6.189978720999818],[107.00719021500015,-6.189966821999974],[107.00719878100011,-6.18992922699988],[107.00721401000004,-6.189864504999946],[107.00722781100006,-6.18980025999997],[107.00723923200019,-6.189747435999948],[107.00725588800015,-6.189681762999953],[107.0072715930001,-6.189591342999904],[107.00727302000013,-6.189564216999884],[107.00727188200005,-6.18951020399993],[107.00721596500011,-6.1895107989998905],[107.00716718600006,-6.189515259999837],[107.00714606800011,-6.189461424999934],[107.00716272400007,-6.189335907999919],[107.00716986300006,-6.189236565999977],[107.00716094000012,-6.1890027839999675],[107.00715856000011,-6.188832651999917],[107.00715737100006,-6.18876424299998],[107.00697448900002,-6.188733083999978],[107.00698205300012,-6.188664056999926],[107.00700632400009,-6.188434200999893],[107.00702631100006,-6.188194350999879],[107.00704915400007,-6.187975916999903],[107.00707199700014,-6.187801739999884],[107.00708770100016,-6.187656116999847],[107.00711482700012,-6.1873848589999625],[107.00712482100005,-6.1872449459999075],[107.0071390980001,-6.187132159999919],[107.00715623000008,-6.186932284999898],[107.00717336200006,-6.186849479999978],[107.00718621100015,-6.186816642999929],[107.00720619800012,-6.186785234999888],[107.0072276140001,-6.186758108999868],[107.00724617300011,-6.186738120999905],[107.00726045000016,-6.186713850999865],[107.00728043800007,-6.186675303999948],[107.00728757600012,-6.186632472999975],[107.00729614200009,-6.18656251699997],[107.0073147020002,-6.186342654999976],[107.00733611700014,-6.1861327859999165],[107.00736752600017,-6.1858458229999655],[107.00738180300016,-6.185714476999863],[107.007400362,-6.185558859999958],[107.0074260610001,-6.185340425999925],[107.00744176500018,-6.185186236999925],[107.00746460800019,-6.185012059999906],[107.00748031200004,-6.184815040999979],[107.00747602900014,-6.184789342999977],[107.00746746300013,-6.1847707829999194],[107.00746103800009,-6.184765071999891],[107.00745461400004,-6.184759360999976],[107.00732469600013,-6.184732235999945],[107.00709484000015,-6.184702253999944],[107.00696016199998,-6.184680362999927],[107.00682643600015,-6.18466370699997],[107.00675841399999,-6.18466127399995],[107.00676555300015,-6.1845242169998755],[107.00677364300014,-6.184436652999921],[107.00677649800008,-6.184300071999871],[107.0067798290001,-6.184254861999875],[107.00678411199999,-6.1842091769999],[107.00679981700017,-6.184094486999925],[107.00679791300018,-6.184086395999884],[107.00679458200017,-6.184080209999934],[107.00674746900006,-6.1840364279998425],[107.00673033700008,-6.18401739199993],[107.0067241500002,-6.1840107299999545],[107.00671986700013,-6.184005494999951],[107.00671510800015,-6.1839945489999195],[107.0067060660001,-6.183969326999886],[107.0067044720002,-6.183963639999945],[107.00670287800006,-6.183957952999833],[107.0066985950001,-6.1839265439999735],[107.00669645300013,-6.183896562999905],[107.00669577100007,-6.183787491999851],[107.00658772800011,-6.183774587999949],[107.00653775900014,-6.183769828999971],[107.00646923000005,-6.183760786999926],[107.0063583480001,-6.183748889999947],[107.0063270930001,-6.183747016999973],[107.00632749200008,-6.183738910999921],[107.00632789000008,-6.183730805999971],[107.00633360100011,-6.1836146879999205],[107.00633693200012,-6.183487624999884],[107.00633764600019,-6.183476679999956],[107.00633836000009,-6.183465733999981],[107.00634678300014,-6.183317492999947],[107.006349639,-6.183190786999944],[107.00635106600004,-6.183099772999981],[107.00635213700008,-6.183056228999931],[107.00623185500007,-6.1830555149998645],[107.00623419600015,-6.182994893999819],[107.00623855800018,-6.182995044999927],[107.00624291999998,-6.182995194999933],[107.00625362700009,-6.182853854999962],[107.00626933200004,-6.182784077999941],[107.0062889620001,-6.18263524199989],[107.006280753,-6.182634527999937],[107.00627254400013,-6.182633814999974],[107.00628119400017,-6.182562449999921],[107.00628539300004,-6.182527809999897],[107.00628140700007,-6.182527690999962],[107.00627742199998,-6.1825275719999695],[107.00628598800017,-6.182451190999927],[107.00629526800009,-6.18236124799995],[107.00629062800004,-6.182360176999964],[107.00628598800017,-6.1823591059999785],[107.0062959820001,-6.182264878999888],[107.00630594400008,-6.182162799999958],[107.00640849900009,-6.18219135399994],[107.0064556120002,-6.182203369999968],[107.00648535500005,-6.182215267999879],[107.00658529300017,-6.1822372779999455],[107.00659778500011,-6.182150426999954],[107.00660254400009,-6.182087371999955],[107.00660254400009,-6.182074284999942],[107.00659956900012,-6.1820683359998725],[107.00659362100015,-6.182062981999877],[107.0065858870002,-6.182059412999934],[107.00657339500009,-6.182057627999882],[107.00656209300018,-6.182057627999882],[107.00655079000006,-6.182057627999882],[107.00644599500004,-6.18205514999994],[107.00643930300015,-6.182049795999944],[107.00643261100015,-6.182044441999949],[107.00639288800016,-6.182039341999882],[107.00635617000012,-6.18203462699995],[107.00635610400013,-6.182031056999904],[107.0063560390002,-6.18202748799996],[107.00639399200008,-6.181806317999872],[107.0064124330001,-6.1817135189999135],[107.00642258500005,-6.181652048999979],[107.00643150800016,-6.181580069999882],[107.00643983600014,-6.181492624999976],[107.00643031900012,-6.181492624999976],[107.00642080000017,-6.181492624999976],[107.00623222800016,-6.181497978999971],[107.00607339900012,-6.1814985739999315],[107.00600617900005,-6.18150035899987],[107.00594371900019,-6.181503927999927],[107.00594788300003,-6.181412912999917],[107.00588185300006,-6.181407559999911],[107.00588542200006,-6.181349857999976],[107.00588839600016,-6.181309406999958],[107.0058973190001,-6.181201140999974],[107.00591278600001,-6.181173182999885],[107.00592825200005,-6.180991153999855],[107.00600677400018,-6.180996507999851],[107.0060544760002,-6.181020971999942],[107.00613191900015,-6.181020189999856],[107.00612352300016,-6.180745524999963],[107.006114368,-6.180243420999886],[107.00610294600011,-6.179968830999883],[107.00658074200004,-6.179972085999907],[107.00678066100016,-6.179972647999932],[107.0067775400002,-6.179543682999906],[107.00673451400019,-6.179542648999927],[107.00672877200003,-6.17928578599998],[107.00691572800008,-6.1792878559999735],[107.00696450700008,-6.1792914259999066],[107.00696391200012,-6.179252163999934],[107.00696450700008,-6.1790594279999596],[107.00672091600012,-6.179055951999942],[107.00672318400012,-6.1790196869998795],[107.00671073900008,-6.177848587999961],[107.00670919200019,-6.177644667999971],[107.00672085100018,-6.1776453819998665],[107.00673251100011,-6.177646095999933],[107.0067348610001,-6.177504038999871],[107.00666613200019,-6.177502858999958],[107.00666272700016,-6.177405940999961],[107.00699554099998,-6.177402507999943],[107.00688847700019,-6.1773022319998745],[107.00692559600014,-6.177266539999948],[107.00783074300017,-6.17726082899992],[107.00792925300016,-6.17726511199993],[107.00796637300004,-6.177285099999892],[107.00814483200014,-6.177267967999967],[107.00828321800003,-6.177274017999935],[107.00828802500018,-6.177051457999937],[107.00843010800014,-6.177049773999954],[107.00843030300007,-6.177022264999891],[107.00853367600018,-6.177022471999919],[107.00857819400011,-6.177014504999875],[107.00876989199998,-6.177010576999919],[107.00968761899998,-6.177005720999944],[107.00968924400001,-6.176636336999934],[107.0097964000002,-6.176634903999911],[107.0097964000002,-6.175932962999923],[107.0100914530002,-6.175934152999957],[107.01009740200004,-6.175850871999955],[107.01009383300004,-6.175617683999974],[107.00981305700009,-6.175624822999907],[107.0098059180001,-6.1747396629999685],[107.00980618700004,-6.1747309719999635],[107.00980645500005,-6.1747222809999585],[107.00981145200001,-6.174615205999885],[107.00992138300018,-6.1746194889999515],[107.00997492100015,-6.174626626999952],[107.01002988700009,-6.1746344789999625],[107.01008128300003,-6.1746409039999435],[107.01020192200019,-6.174655180999878],[107.01025617300013,-6.174661604999812],[107.01031399400006,-6.174667315999841],[107.01038252300009,-6.174675167999965],[107.01043534700005,-6.174678736999965],[107.01048674300006,-6.174684447999937],[107.0105431360002,-6.1746887309999465],[107.01059810200007,-6.174691585999881],[107.0107030580001,-6.174699493999924],[107.01075086300006,-6.174693727999966],[107.01072302400013,-6.174648041999944],[107.01071088800018,-6.174615919999951],[107.0106937560002,-6.174560953999901],[107.01068947300013,-6.174535255999842],[107.01068590400007,-6.17443603199996],[107.01068019300004,-6.174300402999961],[107.01067519600008,-6.174154065999915],[107.01067091300018,-6.174014867999858],[107.01066734400013,-6.173922782999966],[107.01066520300003,-6.173834979999981],[107.01066845500014,-6.173744798999962],[107.0106720240002,-6.173558010999898],[107.0106720240002,-6.173375387999954],[107.010669049,-6.173260697999979],[107.01067095300016,-6.173225480999918],[107.01066619400007,-6.17313125499993],[107.01066619400007,-6.1731036529999415],[107.01065762800005,-6.17301608899993],[107.01065191700019,-6.172936138999944],[107.01064906200003,-6.17288379099989],[107.01064811000015,-6.172804792999898],[107.0106462070001,-6.17270866299998],[107.0106462070001,-6.172552569999937],[107.01064573600013,-6.172514638999871],[107.01064481300017,-6.172440295999877],[107.01063500000015,-6.172439999999938],[107.01055088700019,-6.1724357259999465],[107.01051791500015,-6.172438720999935],[107.01028277900019,-6.172451090999971],[107.01027379200008,-6.172354150999922],[107.01014601500009,-6.172369140999933],[107.0096170600001,-6.172404118999964],[107.0083860000002,-6.172444999999925],[107.00838300000015,-6.172444999999925],[107.00838000000005,-6.172444999999925],[107.00829706500002,-6.172465906999946],[107.00808008000013,-6.172474858999976],[107.00798497400007,-6.1724800019998725],[107.0077962040001,-6.172492195999894],[107.00769585500007,-6.17250118599992],[107.00763806400016,-6.172514320999937],[107.00758693500006,-6.172519297999941],[107.00747272900003,-6.172529774999816],[107.00740821400012,-6.172534323999912],[107.00735324300013,-6.172534531999929],[107.00722463700015,-6.172529275999864],[107.0070864710001,-6.172524055999872],[107.00702813600014,-6.172519491999935],[107.00691913700007,-6.172516553999969],[107.00682544000006,-6.1725149939999255],[107.0066394540001,-6.172504690999972],[107.00643053300013,-6.172497345999886],[107.00626989000011,-6.172489339999913],[107.00614462100015,-6.1724816789999295],[107.00597730700014,-6.172479487999908],[107.00589339900012,-6.1724752909998415],[107.0057801320001,-6.172470693999969],[107.00562536800004,-6.172468885999933],[107.00556689500013,-6.1724912319999135],[107.0054808280002,-6.1724849789999325],[107.00531510400015,-6.172474127999919],[107.00509459200003,-6.172423361999961],[107.00518821600014,-6.172313502999941],[107.00525925100004,-6.172230149999962],[107.0052211790001,-6.172201595999923],[107.00521295700014,-6.172194962999981],[107.00520473500018,-6.1721883309999725],[107.005182778,-6.172204012999941],[107.00515065500014,-6.172220668999898],[107.00514085500004,-6.172224677999964],[107.00512448100011,-6.1722313759999],[107.0050495280002,-6.17225160199996],[107.0047604240001,-6.172303949999957],[107.00445109400005,-6.172340831999975],[107.00432855200006,-6.172351538999976],[107.0041881630001,-6.172359866999955],[107.00398947800005,-6.172372953999968],[107.00398709900014,-6.17233607299994],[107.00394783800016,-6.172337261999871],[107.00363850800017,-6.172352728999897],[107.00354095000006,-6.17235510799992],[107.00333869600001,-6.172362246999967],[107.00316737500015,-6.172359866999955],[107.00294608500013,-6.1723610569998755],[107.00267720600004,-6.17236581599991],[107.00252967900013,-6.17236581599991],[107.0021608630002,-6.172369384999968],[107.00192410600005,-6.17237533399998],[107.00171114400018,-6.172381281999947],[107.00156242800017,-6.172382471999981],[107.00144702400019,-6.172378902999924],[107.00131663000008,-6.172368908999829],[107.00105488900016,-6.172353442999963],[107.00084192700012,-6.17234035599995],[107.00065038100007,-6.172335596999915],[107.0004409880001,-6.1723236989998895],[107.00011738200016,-6.172296335999931],[106.99994011200005,-6.172284437999963],[106.99982470800006,-6.172266591999971],[106.99979496500004,-6.172266591999971],[106.99967837100013,-6.172249935999844],[106.99966171500017,-6.172286817999975],[106.99936309200007,-6.172291576999896],[106.99909897200007,-6.172286817999975],[106.99892705600007,-6.172283605999951],[106.99884524200002,-6.172270967999964],[106.99878071900014,-6.172261000999981],[106.99865103900004,-6.1722621899999695],[106.99854872200018,-6.1722657599999025],[106.99833695000007,-6.172284794999882],[106.99814141500013,-6.172301843999946],[106.99814123600004,-6.172329446999925],[106.99808127400007,-6.172332142999892],[106.99801750400013,-6.172354033999909],[106.99800731500005,-6.172361194999894],[106.99799712700013,-6.172368355999936],[106.99793764000009,-6.172378825999942],[106.99788243700004,-6.172389770999871],[106.99788232500003,-6.172398504999876],[106.9978822130002,-6.17240723999987],[106.99763853500014,-6.172467613999913],[106.99763259300016,-6.172395481999899],[106.99753979400003,-6.172423083999945],[106.99753931800018,-6.172501605999969],[106.99749506100017,-6.172513978999916],[106.99742129700007,-6.172544911999978],[106.99735990700015,-6.172562995999897],[106.9973332570001,-6.172566326999913],[106.99715527300009,-6.172589645999949],[106.99712719600018,-6.172589169999924],[106.99692080900007,-6.172588744999814],[106.99689591200007,-6.172588693999899],[106.99683547400019,-6.17258821799993],[106.99675980700005,-6.172590121999917],[106.9966474960001,-6.1726001159999555],[106.99658515500016,-6.172605349999856],[106.99649663900016,-6.172609632999922],[106.9964047910002,-6.172617723999963],[106.99612110000004,-6.1726245549999135],[106.99611785300004,-6.172643020999942],[106.99610206500017,-6.172732819999908],[106.99603306000006,-6.172717947999843],[106.99592301000018,-6.172696532999851],[106.99572373000007,-6.172644779999928],[106.99560654200013,-6.1726180109999405],[106.99517407500014,-6.172560308999948],[106.99508206100018,-6.172541042999967],[106.99495071500013,-6.172505350999927],[106.99495531900016,-6.172462627999948],[106.99479613300014,-6.172441212999956],[106.9947660000002,-6.172530793999897],[106.99468334700003,-6.1725832669998795],[106.99463067800019,-6.172579296999913],[106.99460000300007,-6.172576984999978],[106.99447728500002,-6.172547158999919],[106.9944124450002,-6.1725203899999315],[106.99435414800007,-6.172501353999962],[106.99429942100005,-6.172484102999931],[106.99415129900007,-6.172477558999958],[106.99415040700018,-6.172489753999969],[106.99414951500012,-6.1725019489999795],[106.99415308400012,-6.172569168999871],[106.99405552600007,-6.172624490999908],[106.99399901400017,-6.172624490999908],[106.99398830600018,-6.172622110999896],[106.99397759800019,-6.172619731999873],[106.99392644,-6.1726018859999385],[106.99386397900008,-6.172586419999959],[106.99371764200015,-6.172559650999972],[106.99365204900016,-6.172553194999978],[106.99362682600008,-6.172547959999974],[106.99357733300019,-6.1725458179998896],[106.99351427800019,-6.172553669999843],[106.993514232,-6.1725519049999775],[106.99351418700013,-6.172550140999817],[106.99351150100006,-6.1724818559999335],[106.99339488499999,-6.1724814789998845],[106.99339459200007,-6.172460201999911],[106.9933935310001,-6.17238326599994],[106.99328510700013,-6.1723881359998245],[106.99318739700004,-6.1723941549999495],[106.99318658600009,-6.172431232999941],[106.99312399500013,-6.172431904999883],[106.99306046300006,-6.172428335999939],[106.99301192200005,-6.172414058999834],[106.99291341300011,-6.172403351999947],[106.99282561100017,-6.172381936999841],[106.99279705700008,-6.172374084999888],[106.99270925500014,-6.172344102999887],[106.99261502800005,-6.172307697999827],[106.99252651199998,-6.172280571999977],[106.99247226100005,-6.17226914999992],[106.99237803400018,-6.172266294999929],[106.99236803700012,-6.172267722999891],[106.9923580460001,-6.17226914999992],[106.99231878500012,-6.172279857999911],[106.99222194100014,-6.172306031999938],[106.99214151500001,-6.17232744699993],[106.99197400100002,-6.17235885599996],[106.991874064,-6.172374559999923],[106.99179480500015,-6.172438665999891],[106.99176793300006,-6.172525979999932],[106.99174397100018,-6.172603836999883],[106.9917072020001,-6.1726601079999455],[106.9913933570001,-6.172695208999926],[106.9913757490001,-6.172647143999939],[106.99137399200004,-6.172639360999824],[106.99137241800008,-6.172632390999979],[106.99136765900016,-6.172618113999931],[106.99135718900015,-6.172583373999885],[106.99134730300005,-6.172542988999908],[106.99134490800014,-6.172533206999901],[106.99133090900011,-6.172534522999854],[106.991329657,-6.17253464099997],[106.99116064600014,-6.17255053699995],[106.99112599700004,-6.172547119999933],[106.99109380300001,-6.172543944999916],[106.99106900700014,-6.172541498999976],[106.9910592350002,-6.172542060999945],[106.99066574400007,-6.1725646769999685],[106.99066552300013,-6.1725689679999505],[106.9906653020002,-6.172573260999968],[106.99063127500011,-6.172577781999962],[106.990580593,-6.172571595999898],[106.99040960500008,-6.172576068999831],[106.99040956100009,-6.172581232999903],[106.99040951600017,-6.1725863979999644],[106.99016495500013,-6.172593678999931],[106.99002932600018,-6.172597248999978],[106.98969812400009,-6.172591496999928],[106.98953817400019,-6.172589241999958],[106.98943957600005,-6.172581722999951],[106.98917188700017,-6.172580532999916],[106.98888635200007,-6.172576963999973],[106.98885065700006,-6.172593594999967],[106.98865554399998,-6.172580532999916],[106.98813206300014,-6.17257458399996],[106.98809518100006,-6.172605516999965],[106.98782035300007,-6.17260432799992],[106.98775134900006,-6.172612655999899],[106.98759913100008,-6.17263710799989],[106.98703300000005,-6.172614999999951],[106.98696823000017,-6.1725936399999455],[106.98688291500014,-6.172596828999929],[106.98678615900013,-6.172608671999967],[106.98671082100014,-6.172595317999821],[106.98660537100011,-6.172582794999926],[106.98656020599998,-6.1725851159999365],[106.9863788720001,-6.172605168999837],[106.98617106600011,-6.172608773999968],[106.98617113600017,-6.172659765999981],[106.98613711100006,-6.172665339999924],[106.98612473400004,-6.172665173999917],[106.98611235900017,-6.1726650089999],[106.9860460320001,-6.1726825039999085],[106.9860352980001,-6.172688045999962],[106.98602456300017,-6.172693587999959],[106.98591902100014,-6.1727207729999805],[106.98585306000012,-6.172722453999938],[106.98570538000013,-6.172730180999963],[106.98564000000005,-6.1727509999998915],[106.98557177200013,-6.172761955999931],[106.98552803100011,-6.172761401999878],[106.98545000700005,-6.172758558999931],[106.98543770300012,-6.172757855999862],[106.98542536800005,-6.172757151999974],[106.98534598600008,-6.172757447999913],[106.98519970200005,-6.1727551239998775],[106.98498830000017,-6.172755911999957],[106.9847624360001,-6.1727563959998974],[106.98448333500005,-6.172749392999947],[106.98423234100005,-6.172740760999943],[106.98412956300007,-6.172739947999958],[106.9840678270001,-6.17275297599997],[106.98390291200008,-6.172753589999957],[106.98373511200003,-6.172749909999823],[106.98361535900017,-6.172747485999878],[106.98361125700018,-6.17274750099989],[106.98360711300018,-6.172747516999891],[106.98338361600008,-6.172737670999879],[106.98332590700016,-6.172736200999907],[106.98324144500015,-6.172734048999928],[106.98319385600018,-6.172732835999909],[106.98312070500009,-6.172730971999954],[106.98308870900007,-6.172730156999876],[106.98308002000016,-6.17273743599992],[106.98307992500008,-6.1727375149999375],[106.98307983000018,-6.172737594999944],[106.98307133000014,-6.1727447159998405],[106.98305764800011,-6.172757207999894],[106.9830502120002,-6.172762263999971],[106.9830427760001,-6.172767320999924],[106.98302195600019,-6.172769104999816],[106.98301124900007,-6.172767022999892],[106.98300054100008,-6.172764940999912],[106.98296722800006,-6.172754827999938],[106.98293510600007,-6.172742930999959],[106.98289525000018,-6.172739956999976],[106.9827959070002,-6.172739956999976],[106.98268803400009,-6.172735595999882],[106.98268494600018,-6.1727294539999775],[106.98268185800009,-6.172723311999846],[106.98267940600005,-6.172719314999938],[106.9826734410002,-6.172709588999965],[106.98266952600017,-6.172701230999962],[106.98266561100007,-6.172692872999903],[106.9826493760001,-6.172665424999934],[106.98263494900004,-6.172642155999881],[106.98262924500011,-6.17263500099989],[106.98262354200006,-6.172627845999955],[106.98260734300004,-6.172609965999868],[106.98258636300011,-6.172592102999886],[106.9825641540001,-6.172576071999913],[106.98255369800017,-6.172570712999914],[106.98254324100009,-6.172565352999925],[106.98251811400007,-6.17255707399994],[106.98249419100011,-6.172551182999882],[106.98248403100018,-6.17255062299995],[106.9824738710002,-6.17255006299996],[106.98243740700019,-6.172546011999827],[106.9823964420001,-6.172544036999909],[106.98223778400012,-6.172533000999977],[106.98191622900009,-6.172510277999891],[106.98155822300009,-6.172487091999926],[106.98137835200009,-6.172482977999948],[106.98131135600005,-6.172463491999906],[106.98103953700019,-6.172464973999979],[106.98062363900004,-6.172467397999981],[106.98027235300015,-6.172469387999968],[106.98027010900012,-6.172549631999971],[106.98007023500008,-6.17255201099988],[106.97903374200007,-6.172565495999947],[106.9790238670002,-6.172828028999959],[106.97902434600019,-6.172924625999883],[106.97902604600012,-6.173144480999952],[106.97902223900007,-6.173262501999943],[106.97901985900006,-6.1734224019999715],[106.97901748000015,-6.173595150999859],[106.97901414800003,-6.173821199999907],[106.97900986500014,-6.174010128999896],[106.97900272700008,-6.174175263999871],[106.9790032030001,-6.1742794839998965],[106.97900415499998,-6.174354674999904],[106.97899844400013,-6.17455502599995],[106.97899368500003,-6.174779170999955],[106.97899266200005,-6.174949658999935],[106.9791018790001,-6.174950015999968],[106.9791009990002,-6.174987587999965],[106.97909719200015,-6.175211256999887],[106.97909255200011,-6.175477518999912],[106.97909148500014,-6.1755590359999815],[106.97896279500014,-6.175556647999883],[106.97896288400005,-6.175554130999956],[106.97896297300014,-6.175551614999904],[106.97877095100006,-6.175548759999856],[106.9785789280001,-6.1755459039998755],[106.97843901600004,-6.1755459039998755],[106.97843901600004,-6.175581595999972],[106.97831195300012,-6.175580168999943],[106.97831123900005,-6.175672253999949],[106.97791434500004,-6.175668684999891],[106.97768104500011,-6.175605087999884],[106.97755968700005,-6.175559003999979],[106.97749098900005,-6.175545846999967],[106.97748908600016,-6.175655301999939],[106.97737219900017,-6.175654553999891],[106.97737106400012,-6.175702890999901],[106.97728659500018,-6.175694390999979],[106.97721973100016,-6.175687662999962],[106.9772263930002,-6.175604857999872],[106.97464919999999,-6.175286119999953],[106.97425245400007,-6.175237051999886],[106.97338951800003,-6.174953901999913],[106.97315798700015,-6.174964613999919],[106.97315754600004,-6.1749646339999344],[106.97300424700006,-6.174971725999967],[106.97300420900007,-6.174971727999889],[106.97300423500008,-6.174971816999971],[106.97300425400016,-6.174971879999816],[106.97302200000019,-6.175031999999817],[106.9729052630002,-6.175300046999951],[106.97276200000016,-6.175628999999901],[106.97293100000013,-6.17570499999988],[106.97301913700005,-6.176137671999925],[106.9730410000002,-6.176244999999881],[106.97307856200007,-6.17641707699994],[106.97314596000012,-6.176725839999904],[106.97315800000007,-6.176780999999949],[106.97316316400014,-6.177018093999834],[106.97316961600018,-6.1773143449999],[106.97316999999998,-6.1773319999999785],[106.97316336200015,-6.177485147999846],[106.97316068700002,-6.1775468659998864],[106.97312856500002,-6.177763396999865],[106.97310300000015,-6.17786499999994],[106.97308994400015,-6.1779281989998935],[106.97304254300019,-6.178157641999974],[106.97299888400005,-6.178368969999951],[106.97297856100005,-6.178520300999935],[106.97293225900012,-6.178865086999963],[106.97291322400008,-6.179003090999913],[106.9729084650001,-6.179037597999866],[106.97335507600002,-6.17921660199994],[106.97339100000016,-6.179230999999959],[106.97313240099999,-6.179863201999979],[106.97298400000005,-6.180225999999948],[106.9731530000002,-6.1803299999999695],[106.97313600000001,-6.180922999999893],[106.9731897150001,-6.181207941999958],[106.97320488800005,-6.181288429999938],[106.97326400000014,-6.181601999999941],[106.97317400000014,-6.182115999999951],[106.97318060700007,-6.1823054979998915],[106.97319900000008,-6.182832999999903],[106.97294400000015,-6.18374799999998],[106.97287780500005,-6.18385259799993],[106.97281300000014,-6.183954999999855],[106.97272100000015,-6.184380999999917],[106.97261400000019,-6.18487899999991],[106.97247200000015,-6.185359999999946],[106.97290489500017,-6.185445287999869],[106.97321065600016,-6.185583296999937],[106.97307925000013,-6.18635953699993],[106.9729641670001,-6.186862582999822],[106.97306616300006,-6.18692733599994],[106.97305722900018,-6.187029131999907],[106.97304003900018,-6.187219463999952],[106.97311689500015,-6.187228267999956],[106.97311376700009,-6.187277722999966],[106.97309976300016,-6.18754045299994],[106.97309214900002,-6.187692738999942],[106.97307882400008,-6.187947816999895],[106.97306454700009,-6.188177196999959],[106.97304456000012,-6.188448455999946],[106.97303123500018,-6.18861501799995],[106.9730271140001,-6.188766880999822],[106.97302679300014,-6.1887787249999064],[106.97301794500015,-6.188779656999884],[106.97301549100013,-6.188779914999941],[106.97301525500006,-6.188783403999935],[106.97301222200008,-6.188828221999927],[106.97300263,-6.189109469999835],[106.9730060830002,-6.189255113999877],[106.97300405900006,-6.189441713999884],[106.97284320600016,-6.18944354599995],[106.97275183500011,-6.189447352999878],[106.97253006900007,-6.189463533999913],[106.97233400100004,-6.189481617999888],[106.97211083300004,-6.189499416999922],[106.97202143900012,-6.189514612999972],[106.97200278000008,-6.189517784999964],[106.9719531390001,-6.1895606669999665],[106.97198897800018,-6.189605131999883],[106.97223323100002,-6.189907207999852],[106.97220075100017,-6.189929693999943],[106.97217489299999,-6.189950536999959],[106.9721179460002,-6.189996437999923],[106.972114869,-6.189999113999818],[106.97203585500006,-6.1900678219998895],[106.97212909200005,-6.19017882299994],[106.9721394610001,-6.190191166999966],[106.97213781000005,-6.190241876999892],[106.97212585800014,-6.190608910999913],[106.97212086100018,-6.19073954299995],[106.97213608900017,-6.190926948999845],[106.97213961900013,-6.190970390999951],[106.97212305000005,-6.191011743999923],[106.97209229999999,-6.191088493999871],[106.97207588900017,-6.191083454999898],[106.9719581060001,-6.191371369999956],[106.97189743000007,-6.191498670999977],[106.9719609610001,-6.191537614999902],[106.97199094200016,-6.191553318999979],[106.97193300000015,-6.191665999999884],[106.97187213600012,-6.19180107699998],[106.97186613200012,-6.191813506999836],[106.9718302240002,-6.191887841999858],[106.97181788400002,-6.191913386999943],[106.97170011500015,-6.192038821999915],[106.97163472200015,-6.192108471999973],[106.97154158600011,-6.19225718499996],[106.971499988,-6.192323605999945],[106.97146490000017,-6.192375120999941],[106.97140629699999,-6.192461158999947],[106.97133011500011,-6.192543705999924],[106.97125859600015,-6.192618659999937],[106.9708103850001,-6.192201226999941],[106.97066927500015,-6.192079824999951],[106.97063703500015,-6.192121590999932],[106.97061411499999,-6.192392098999903],[106.97060816600015,-6.19329748399997],[106.97060163700002,-6.193881157999954],[106.97059355400017,-6.194603694999955],[106.97058704300008,-6.195185696999943],[106.97058675100004,-6.195211759999893],[106.9704035330002,-6.195262918999958],[106.97009889800012,-6.195301883999889],[106.97009658200011,-6.195302179999942],[106.97001806000014,-6.195337871999925],[106.97005303800006,-6.195417429999964],[106.97008016400014,-6.195487385999968],[106.97009301300005,-6.195527360999904],[106.97010157900007,-6.195563052999944],[106.97010015100011,-6.195593033999899],[106.97009301300005,-6.19563158099993],[106.97008587500017,-6.1956715559999225],[106.97008873000016,-6.195712958999877],[106.97009015800006,-6.195754361999946],[106.97009301300005,-6.195838594999884],[106.97009444100019,-6.19591140599988],[106.97009872400008,-6.195972795999978],[106.97011014500004,-6.196034185999906],[106.97014155400007,-6.196111280999901],[106.97018724000014,-6.196192657999973],[106.97021436500017,-6.196259758999929],[106.97023578100016,-6.196319721999828],[106.97025862300006,-6.196368262999954],[106.97027575600015,-6.196415375999834],[106.9702900320001,-6.19646391699996],[106.97029431499999,-6.196499608999943],[106.97029574300012,-6.196552432999965],[106.97028860500006,-6.196609539999827],[106.97029146000006,-6.196672357999944],[106.97029717100008,-6.196742313999948],[106.97031002000017,-6.196816552999962],[106.97032572400002,-6.196916489999978],[106.97034428400013,-6.197062112999959],[106.97037712100013,-6.197264842999971],[106.9704071020002,-6.19740761099996],[106.97044850400005,-6.197601774999953],[106.97048705200007,-6.197744542999942],[106.9705184610001,-6.197898731999885],[106.97047277500002,-6.197900159999961],[106.96975951200011,-6.19793925099998],[106.96956138900015,-6.198092499999973],[106.96883745500008,-6.198526009999853],[106.96879453600019,-6.198551710999936],[106.96870550000011,-6.1986050279999745],[106.968584346,-6.198628564999979],[106.96852964400011,-6.198629703999927],[106.96849133200016,-6.198630501999958],[106.96821714700008,-6.198636212999929],[106.9677693860001,-6.19864553799988],[106.96756380100004,-6.198645536999948],[106.96744711100018,-6.1988630559999365],[106.96705801600001,-6.19954884099991],[106.96641600000004,-6.200551999999959],[106.9660877460002,-6.201086197999928],[106.9660641850001,-6.201124540999899],[106.96609633300011,-6.201164969999979],[106.96611685600016,-6.201199670999927],[106.96613232300007,-6.20141501199987],[106.96614303000018,-6.201601799999878],[106.9661542140002,-6.201741235999975],[106.96615706900019,-6.2017662209999],[106.96616563499998,-6.20178263899993],[106.96620132700014,-6.201834748999886],[106.96625557900018,-6.20189256999987],[106.9663462360001,-6.201999645999933],[106.9663890670002,-6.202063176999957],[106.96641690600012,-6.20210600799993],[106.9664483150001,-6.202173821999963],[106.96646116400001,-6.202213082999833],[106.96646187800008,-6.202225931999919],[106.96645830900007,-6.202254485999958],[106.96644760100008,-6.202308737999942],[106.96638001000008,-6.202482958999951],[106.9663312310002,-6.202580516999944],[106.96624104900019,-6.202814655999873],[106.96622962800006,-6.2028631969998855],[106.96623153100012,-6.202879376999874],[106.96624009700014,-6.202884135999909],[106.96625532600007,-6.202890797999942],[106.96628102400007,-6.202897460999964],[106.9663019570001,-6.202901646999976],[106.96631433700003,-6.2029041229998825],[106.96634479400018,-6.2029060269998695],[106.96636353300005,-6.202907998999933],[106.96638096200013,-6.202909833999911],[106.96640856300019,-6.202914592999946],[106.96643616500018,-6.2029260139999565],[106.96646471900004,-6.202941242999941],[106.96649612700014,-6.202963133999901],[106.96651326000006,-6.2029850249999186],[106.96652182600008,-6.203006915999879],[106.96652848800011,-6.203032613999937],[106.96652468100007,-6.203078299999902],[106.96651230800018,-6.203128744999901],[106.96648851300006,-6.203231536999965],[106.96648185100003,-6.203279125999927],[106.9664666220001,-6.203325763999885],[106.96644092400015,-6.20339334099998],[106.96638762400016,-6.2035008919999655],[106.96637334700011,-6.203527541999961],[106.96634764900011,-6.203545625999936],[106.96631338500015,-6.203566564999903],[106.96625437400013,-6.203589407999914],[106.96622201400015,-6.203608443999826],[106.9661848940001,-6.203640804999907],[106.96616871400016,-6.2036693579999564],[106.96615824399998,-6.203699814999936],[106.96614872600009,-6.203730271999973],[106.96614587100015,-6.203757873999905],[106.96614777400004,-6.203820691999965],[106.96614777400004,-6.203873991999956],[106.96615443700011,-6.203992964999941],[106.96616205100008,-6.204054830999894],[106.96616966500017,-6.204101467999919],[106.96618394199999,-6.204166189999967],[106.96619250800018,-6.204203308999922],[106.96619441200016,-6.204232813999965],[106.96618965300001,-6.204276596999932],[106.96616966500017,-6.204359401999966],[106.96615158200018,-6.204411749999963],[106.96612683500018,-6.204442206999886],[106.96608590800008,-6.20448789299985],[106.96602785000005,-6.2045202529999415],[106.96592505700016,-6.204585925999879],[106.9658650940001,-6.204622093999944],[106.96581369800009,-6.204668731999959],[106.96574041100018,-6.204752488999873],[106.96571471200008,-6.204789607999942],[106.96570329100012,-6.204810547999898],[106.96569948400008,-6.20482767999988],[106.96569567700004,-6.204847666999967],[106.9656947250001,-6.20486860599982],[106.96569662900009,-6.204890496999951],[106.96570233900002,-6.204918098999826],[106.96572327900014,-6.204973302999974],[106.96577181999999,-6.205057059999945],[106.96580513200013,-6.205093227999839],[106.96583273400006,-6.205118925999898],[106.96587366000011,-6.205147478999891],[106.9659060210002,-6.205168418999847],[106.96594599600002,-6.205191260999868],[106.96597740500005,-6.205208392999964],[106.9660145250001,-6.205227428999933],[106.96605164400006,-6.2052417059998675],[106.96608686000013,-6.205242657999861],[106.96611922100004,-6.205244560999915],[106.96618965300001,-6.2052302849999705],[106.9662362900001,-6.205225525999936],[106.96626294000015,-6.205225525999936],[106.96627816900008,-6.205228380999927],[106.96629434900018,-6.205237898999883],[106.96630291500014,-6.205252175999931],[106.96631148100016,-6.205272162999904],[106.96631433700003,-6.205291198999873],[106.96631624000014,-6.2053207039999165],[106.96631053000016,-6.205354015999944],[106.96630481900013,-6.205389232999892],[106.9662867350001,-6.20543586999986],[106.96624485600006,-6.205488217999914],[106.96618013500012,-6.205543421999948],[106.96614751800018,-6.205568742999901],[106.96610779899999,-6.205599576999816],[106.96606021000008,-6.205632888999901],[106.96601928400008,-6.205656683999905],[106.96597864100016,-6.205680165999979],[106.96597645300017,-6.205681429999913],[106.96594028499999,-6.205699513999889],[106.96591839400008,-6.205716645999928],[106.96590126200005,-6.205734729999961],[106.96588984100009,-6.2057480549998445],[106.9658622390001,-6.205771849999962],[106.96585462500019,-6.205789933999938],[106.96585272100003,-6.205808017999914],[106.96585652800007,-6.205825149999896],[106.96586319100004,-6.205843233999815],[106.96588603400005,-6.205861317999961],[106.9659136350001,-6.205887015999963],[106.96594694800012,-6.20592127999987],[106.9659821640002,-6.205953640999951],[106.96599929600018,-6.20597172499987],[106.96601357300005,-6.206001229999913],[106.96602309100012,-6.206024072999924],[106.96603831900012,-6.206056432999958],[106.9660554510001,-6.206089745999975],[106.96607924600005,-6.206122106999885],[106.9660963780002,-6.206144948999906],[106.96612112400015,-6.2061668399999235],[106.96613920800002,-6.206179213999974],[106.96616871400016,-6.206194441999912],[106.96619250800018,-6.206199200999947],[106.96622201400015,-6.206199200999947],[106.96625056700009,-6.206199200999947],[106.966282928,-6.206202055999938],[106.96630291500014,-6.206205863999969],[106.96631909600018,-6.206214429999875],[106.96633337200012,-6.206224898999949],[106.96633622800016,-6.206242982999925],[106.96632861300014,-6.206279150999819],[106.96632290300005,-6.206315318999884],[106.96631909600018,-6.206353389999833],[106.96631909600018,-6.206390509999949],[106.96632195100017,-6.206421918999979],[106.96632099900006,-6.206459989999928],[106.96632290300005,-6.206494253999949],[106.96631719200019,-6.206552312999861],[106.96630767400012,-6.206612274999941],[106.96627816900008,-6.206718874999979],[106.9662353390001,-6.20683689699996],[106.96623724200015,-6.206868304999887],[106.96624009700014,-6.206907328999932],[106.96623819400003,-6.2069292199999495],[106.96622231700007,-6.206958327999871],[106.96621535100019,-6.20697109799994],[106.96620708400013,-6.206980868999949],[106.96617347300014,-6.207020590999946],[106.96605354800005,-6.2071357569998895],[106.96591078000012,-6.207282331999977],[106.96583749300004,-6.207333727999924],[106.96580227700014,-6.207353715999886],[106.96573184500016,-6.207387979999908],[106.96562135800019,-6.207452192999881],[106.96552023100008,-6.207525956999973],[106.96542386300007,-6.207612806999919],[106.96531083900015,-6.207717502999969],[106.96525016200019,-6.207769851999956],[106.9652114340002,-6.207803484999886],[106.96520495300007,-6.207809112999939],[106.96516331200013,-6.207851942999923],[106.965119292,-6.207897152999919],[106.96508478999999,-6.207943551999961],[106.96504671800005,-6.208004227999822],[106.964965817,-6.208124390999899],[106.96491346900012,-6.208201723999821],[106.9648420850001,-6.208296901999972],[106.96480282400012,-6.208329024999955],[106.96478973700005,-6.208340921999877],[106.96477427000008,-6.208374234999951],[106.96473381900017,-6.208468222999954],[106.96470407600015,-6.208563401999925],[106.96467909200004,-6.2086585799999625],[106.96464221000014,-6.208732343999941],[106.9646100870001,-6.208797778999951],[106.96452561699999,-6.208947684999885],[106.96443757600008,-6.209108297999933],[106.9643816590002,-6.209199907999903],[106.96429837800014,-6.209345054999915],[106.96422342500006,-6.209481873999948],[106.9641722670001,-6.209602036999968],[106.96414609200014,-6.209649625999873],[106.96411278000005,-6.209699593999858],[106.96406043200017,-6.209779305999973],[106.96402949900016,-6.209807859999842],[106.96401046300019,-6.209836412999891],[106.96400332500014,-6.20985425899994],[106.96398666900018,-6.209885191999945],[106.963955736,-6.209917314999927],[106.96393313100003,-6.209950627999945],[106.96388078300015,-6.210016062999841],[106.96376894800005,-6.210183814999937],[106.96365711300012,-6.2103301519998695],[106.96358929899998,-6.210420570999929],[106.96352981200016,-6.210465780999925],[106.96350720700013,-6.210491954999952],[106.96347746400005,-6.210535974999971],[106.96345366900016,-6.210576425999932],[106.96342154700017,-6.210627583999894],[106.96334897300017,-6.210700157999952],[106.96325379500013,-6.2108060439999235],[106.96316932400015,-6.210895273999938],[106.9630658170002,-6.211002348999898],[106.96297896700014,-6.211115373999917],[106.96293970600016,-6.211176049999892],[106.96292186000011,-6.2112224489999335],[106.96289449600016,-6.211325955999939],[106.96288378800017,-6.2114425499999015],[106.96286118400008,-6.2116186299999185],[106.9628433380002,-6.211720946999947],[106.96282906100015,-6.21185776599998],[106.96282311200008,-6.211998153999957],[106.9628211010002,-6.212143987999866],[106.96282073300017,-6.212170664999917],[106.96254194400012,-6.212160999999924],[106.96238767100004,-6.2121373519999565],[106.9621663810002,-6.212117126999942],[106.9620952780001,-6.212096138999925],[106.96200576700005,-6.21207905499989],[106.96184515400017,-6.2120350349999285],[106.96174416700012,-6.211991527999942],[106.96163219200014,-6.211950564999938],[106.96149894200016,-6.211888698999871],[106.96141090200013,-6.211838729999897],[106.9613752100002,-6.211804227999892],[106.96133555600011,-6.211761555999942],[106.9613364270001,-6.211724825999909],[106.9613371390002,-6.21169477199993],[106.9613371390002,-6.211693582999885],[106.961194718,-6.211709891999931],[106.96104957100016,-6.2117313069999796],[106.9610304110002,-6.211733488999926],[106.9608905560001,-6.211749416999908],[106.96073310300011,-6.211752721999915],[106.96064149300014,-6.211756290999915],[106.96057397000015,-6.2117575819999615],[106.96053488900003,-6.211759678999954],[106.9604764120001,-6.211762816999965],[106.96041407000007,-6.211769954999909],[106.96038694500004,-6.211771858999896],[106.96036194400006,-6.211777971999936],[106.96032079600019,-6.211778045999949],[106.96031794000015,-6.21188797699989],[106.960320938,-6.2119336619999785],[106.9603230800002,-6.2120014769998875],[106.96032446500004,-6.212106689999871],[106.96032450800016,-6.21210997999998],[106.9603229330001,-6.212153273999945],[106.96032165200006,-6.2121885029998225],[106.9603166550001,-6.212214914999947],[106.96029666800013,-6.212287725999943],[106.96028491400006,-6.212320050999949],[106.96027953600014,-6.212334839999926],[106.96024677899999,-6.212336417999893],[106.96022028700014,-6.212337694999974],[106.96020044000016,-6.21233978399988],[106.96017959800002,-6.212341977999927],[106.96015027800013,-6.212340277999942],[106.96008751300013,-6.212348401999975],[106.95988335600003,-6.2123748139998725],[106.95975629200018,-6.212387663999948],[106.95960210300012,-6.212390518999939],[106.95960138900006,-6.212419785999941],[106.9595691670001,-6.212420221999878],[106.95935868400016,-6.212388376999911],[106.95927873400012,-6.21237766999991],[106.95923327100019,-6.212371896999969],[106.95920950200008,-6.212368877999893],[106.95918879100003,-6.212366247999967],[106.95906898700008,-6.2123454669999205],[106.95902318000009,-6.212338408999869],[106.9590124730002,-6.212445483999943],[106.95900105100014,-6.2125411389999385],[106.95905693900016,-6.212541316999875],[106.95905819600017,-6.212649344999932],[106.95905676800004,-6.212684322999962],[106.95903892200016,-6.212817572999825],[106.95905438900013,-6.2128580239999565],[106.95906985500017,-6.2128841979999265],[106.95901988700012,-6.212992462999978],[106.95893303600013,-6.213148317999924],[106.95887474000011,-6.213228029999925],[106.95883689700008,-6.213288445999979],[106.95880692500009,-6.21333629499992],[106.95876171500004,-6.213413627999955],[106.95873435100009,-6.213455267999905],[106.95870698800007,-6.2135028569999236],[106.95867605500007,-6.213567102999946],[106.958635604,-6.213662280999813],[106.95862683000018,-6.213701915999877],[106.95860110199999,-6.213818135999929],[106.9585487540001,-6.214021579999951],[106.95854919900006,-6.214031154999873],[106.95855113300007,-6.214072737999913],[106.9585487540001,-6.21410248199993],[106.95852257899998,-6.214151260999927],[106.95849997500005,-6.214211936999902],[106.958482129,-6.214285699999948],[106.95844881600004,-6.214411811999923],[106.9584250220002,-6.214558147999867],[106.95841431399998,-6.214661654999816],[106.9583940890002,-6.214743745999954],[106.9583036690002,-6.215074490999939],[106.95830247900005,-6.215107704999923],[106.95832389400016,-6.215138637999928],[106.95833698100012,-6.215171949999956],[106.95834412000005,-6.215238574999944],[106.95834531000014,-6.215304009999954],[106.95833817100004,-6.215405136999948],[106.95834531000014,-6.215507453999976],[106.95833817100004,-6.215659739999978],[106.95832032500016,-6.215815593999878],[106.95831641900014,-6.215846561999967],[106.9583036690002,-6.215947653999876],[106.95829967500003,-6.215994746999968],[106.9582751150001,-6.216284347999874],[106.95826797700005,-6.216406889999973],[106.95825132100009,-6.2165044479999665],[106.95823823400019,-6.216578211999945],[106.95821800800013,-6.216647215999956],[106.95815852200013,-6.216779275999954],[106.95813591700016,-6.21680425999989],[106.95803954899998,-6.21702911999995],[106.95795626800015,-6.217158799999936],[106.95790867900018,-6.217256357999929],[106.95785871000004,-6.217349156999944],[106.95779565400017,-6.21747526799993],[106.9577099940002,-6.217669194999871],[106.95766240400013,-6.217725111999869],[106.95761124600017,-6.217767941999966],[106.95736616100004,-6.217939262999948],[106.95725075799999,-6.218032061999963],[106.95718205100007,-6.218084806999968],[106.95713297400005,-6.218122481999899],[106.95709252300014,-6.218141517999868],[106.95705207300017,-6.218148655999926],[106.95703541600011,-6.21814984599996],[106.95693309900008,-6.2181331889999],[106.9567475020001,-6.2180772719999595],[106.95660235399998,-6.21801897499995],[106.95651907300015,-6.2179701959998965],[106.95640010000017,-6.2178809669998145],[106.95638553000003,-6.2178736819998335],[106.95635964900009,-6.217860740999981],[106.95632990600001,-6.217848843999889],[106.95628826600012,-6.217841704999955],[106.95624424600004,-6.217841704999955],[106.95620498400018,-6.217841704999955],[106.95615263600013,-6.217872637999903],[106.95612170300012,-6.217897622999942],[106.95608125200005,-6.217916657999922],[106.95604556100005,-6.217927365999913],[106.95594443300018,-6.217939262999948],[106.95587305000004,-6.217940452999926],[106.95584092700017,-6.217940452999926],[106.95575288700013,-6.217892863999907],[106.95559703200013,-6.217800064999949],[106.95549709500011,-6.2176632459999155],[106.95539358800016,-6.21762874399991],[106.95541976200002,-6.217535944999952],[106.95528651200004,-6.217489544999921],[106.95498432100015,-6.217412212999932],[106.95487472200006,-6.217433360999905],[106.95477373900013,-6.217434817999958],[106.95462026300004,-6.217427678999968],[106.95450138900014,-6.217482527999891],[106.95436209200011,-6.217482406999977],[106.95423003200017,-6.217484785999886],[106.9540646590001,-6.217481216999943],[106.95405038200005,-6.217577584999958],[106.9539849470001,-6.21757996499997],[106.95394925500011,-6.217578774999936],[106.9539147530001,-6.217578774999936],[106.95389214800014,-6.217588292999949],[106.95387906100018,-6.217600189999928],[106.95387549200018,-6.2176275539998755],[106.9538707330002,-6.217666814999859],[106.95386853000014,-6.217701615999886],[106.9536922740001,-6.21787620799995],[106.95362802800014,-6.2179535399999395],[106.95362564900017,-6.218054666999876],[106.95367442800006,-6.2180582359999335],[106.95366847900016,-6.218170070999918],[106.95363397700015,-6.218293802999938],[106.95361494100018,-6.218409206999979],[106.95360423400012,-6.218548404999979],[106.95359709500013,-6.218695931999832],[106.95368275600003,-6.21870306999989],[106.95367277800011,-6.2187906389999625],[106.95367026400004,-6.21887314199995],[106.95368953700012,-6.218891701999951],[106.95367811600016,-6.218991638999967],[106.9538137130001,-6.219009262999975],[106.95378991900009,-6.219205568999882],[106.95317125900004,-6.219112769999924],[106.9528872780001,-6.219080482999857],[106.95271083300014,-6.21906042199987],[106.95219418200014,-6.219010512999944],[106.95159799999999,-6.2189469999999005],[106.95158704800019,-6.2190197969998735],[106.95158100000003,-6.219059999999956],[106.95157525899998,-6.219079319999935],[106.95157517600006,-6.21907959899994],[106.95156292900003,-6.2191208139998935],[106.9515561820001,-6.219150068999909],[106.95154879600005,-6.219182092999915],[106.95153630600004,-6.219236249999938],[106.95149289400018,-6.219443847999969],[106.95110932500017,-6.219379126999968],[106.95100421500018,-6.219357799999955],[106.95091230600013,-6.219339151999918],[106.95085329500012,-6.219332488999896],[106.95082474200018,-6.219332488999896],[106.95080380200005,-6.219337247999874],[106.95079227600013,-6.219344706999948],[106.95078762200012,-6.219347717999938],[106.95077524900006,-6.219366753999907],[106.95073908100011,-6.219480967999971],[106.95069087299999,-6.219591482999931],[106.95063819199999,-6.219712250999976],[106.95060392800019,-6.219761743999925],[106.95057537400015,-6.219788393999977],[106.95053920600014,-6.219823609999878],[106.95047067800016,-6.219896896999899],[106.95039834200003,-6.219971136999902],[106.95033457300019,-6.22003585799996],[106.95029269400004,-6.220082494999872],[106.95023749100017,-6.220140553999897],[106.95022768000013,-6.220150548999925],[106.95009315100009,-6.220287606999875],[106.95005201100008,-6.220329519999893],[106.9499843160001,-6.220398487999944],[106.94995611300016,-6.220420459999957],[106.94990246200007,-6.2204622569999515],[106.94984154800017,-6.220517460999929],[106.9497787300001,-6.220585037999911],[106.94975017700017,-6.220619301999875],[106.94972166700012,-6.220662166999887],[106.94969021499998,-6.220715431999963],[106.9496388180001,-6.2208106109999335],[106.94958361500005,-6.220919113999912],[106.94954839900015,-6.22099430499992],[106.94949605000016,-6.221107566999876],[106.94943704000008,-6.221258900999885],[106.94941610100005,-6.221320766999952],[106.9493923060001,-6.221373114999835],[106.94933044000015,-6.221503509999877],[106.9492942720002,-6.221570133999876],[106.94927964400006,-6.221593907999875],[106.94927000000013,-6.221609582999861],[106.9492533450001,-6.221630096999945],[106.94923240600002,-6.221655794999947],[106.94921241900005,-6.221672926999929],[106.94918386500018,-6.22168625199987],[106.94911819200018,-6.22172622699992],[106.94899541200016,-6.221825212999931],[106.94891926900016,-6.221883271999957],[106.94887453500019,-6.221938474999888],[106.94885371600014,-6.221963659999915],[106.9488155250001,-6.222009858999911],[106.94870702100019,-6.222212588999923],[106.94869179300014,-6.222238286999925],[106.9486632390001,-6.222303007999926],[106.94862918600006,-6.222378756999888],[106.94857683700008,-6.222510817999819],[106.94857100000019,-6.222529999999892],[106.9484530000002,-6.222872999999936],[106.94837800000005,-6.223132999999962],[106.94825067800019,-6.223498939999956],[106.94823500000012,-6.223543999999947],[106.94821200900009,-6.223606620999874],[106.94808300000017,-6.223957999999925],[106.94785508600012,-6.2245817629999465],[106.94775007400011,-6.224874167999872],[106.94769989100018,-6.22507367399993],[106.94768236400006,-6.225143354999943],[106.94766851800011,-6.225167389999967],[106.94762634200004,-6.225240604999897],[106.94756824300009,-6.225361798999813],[106.947499618,-6.225554263999925],[106.94749904100007,-6.22555588299997],[106.947286039,-6.226210218999938],[106.94723654600011,-6.226396768999905],[106.94720894500006,-6.226522403999979],[106.94706427300014,-6.227229579999971],[106.9470208800002,-6.227495009999927],[106.94693007200016,-6.227982441999927],[106.9468777240001,-6.228263217999881],[106.94687867600015,-6.228551608999965],[106.9468824830002,-6.228598245999876],[106.94689009700011,-6.22864012499997],[106.94691103600019,-6.228706749999901],[106.94696052900008,-6.228809541999965],[106.94698337200009,-6.22887807099994],[106.94703191300016,-6.22904272999989],[106.94708235700006,-6.229286385999899],[106.9471025000002,-6.229521805999923],[106.9470930450002,-6.229616858999975],[106.94708426100004,-6.229705170999978],[106.94703286500004,-6.230062090999979],[106.94699574500015,-6.230289566999943],[106.94693810000012,-6.230533739999885],[106.94687232200016,-6.230790437999929],[106.94680911600011,-6.231096164999883],[106.94676450100002,-6.231284736999953],[106.94673832700016,-6.231412632999877],[106.94666634800018,-6.231752895999875],[106.94662034499999,-6.232003313999883],[106.94659745800016,-6.232124229999954],[106.94658251200019,-6.232203188999904],[106.94648384400017,-6.232650780999904],[106.94646900000004,-6.2327089809999165],[106.94646900000004,-6.232709429999886],[106.9464549600001,-6.232759020999879],[106.9464269880001,-6.232866336999905],[106.94637312900016,-6.233065530999966],[106.94634697100014,-6.233162272999948],[106.94634516000008,-6.233168969999895],[106.94633908100019,-6.233189410999898],[106.94633854800003,-6.233191203999979],[106.94632284000016,-6.23324402999998],[106.94629116000004,-6.2333530199999245],[106.94622258700014,-6.233587223999962],[106.9461720000001,-6.233759999999961],[106.94608361700017,-6.234113394999952],[106.94605896000019,-6.23421198099993],[106.94603486000017,-6.234288570999979],[106.94600892000011,-6.234371009999961],[106.9459277790001,-6.234714828999813],[106.94584354700004,-6.235047477999956],[106.94581750000009,-6.235176943999932],[106.94577216300019,-6.235432950999893],[106.94571320000017,-6.235716165999975],[106.94569896300015,-6.235850619999894],[106.94568333300009,-6.235998221999864],[106.94563900499998,-6.236192723999977],[106.94563560500006,-6.236207643999876],[106.94557183600006,-6.2365759839999555],[106.945543864,-6.236783301999878],[106.94553947500009,-6.236815833999913],[106.94553800300014,-6.236833203999936],[106.94553471600017,-6.236871988999951],[106.94546809100007,-6.236863422999932],[106.9454461110002,-6.236860443999888],[106.94536552700009,-6.236838963999958],[106.94526844500007,-6.2368218319999755],[106.94518183200012,-6.236801844999832],[106.94512380499998,-6.236784741999941],[106.94509141300017,-6.23677519499995],[106.94502478800007,-6.236745688999974],[106.9449143810001,-6.236697147999962],[106.94487059900018,-6.236680967999973],[106.94483443100006,-6.236670497999967],[106.94479921500016,-6.236663835999934],[106.9447620950001,-6.236660028999893],[106.94468214600016,-6.2366552699999716],[106.94462123100016,-6.236659076999899],[106.94456698000005,-6.236667642999919],[106.94451653500005,-6.23668001599998],[106.94442992300014,-6.236702858999877],[106.94430175200011,-6.2367455829999585],[106.94424146900019,-6.236765676999937],[106.94413663100005,-6.23681148799983],[106.94412820700006,-6.236815168999954],[106.94403493200008,-6.23685514399989],[106.94396069300007,-6.236890359999961],[106.94379984100004,-6.236962695999978],[106.94367610900014,-6.237016947999962],[106.9435611340001,-6.237066968999898],[106.9435295350001,-6.237080716999969],[106.94344809799998,-6.2371209199999385],[106.94337915300008,-6.237154956999916],[106.9432354330001,-6.237225388999946],[106.94306791900004,-6.237319614999933],[106.94294537400015,-6.237391278999951],[106.9429051640002,-6.237414793999903],[106.94288743600015,-6.237428331999979],[106.94285281600014,-6.237454768999953],[106.94279373600006,-6.237501074999955],[106.94278238400017,-6.237509971999884],[106.94277915000009,-6.237512329999902],[106.94273669800009,-6.237543284999958],[106.94269482000004,-6.237571837999951],[106.94269189200014,-6.2375733459999765],[106.94266341100018,-6.23758801799994],[106.94267312700009,-6.237655710999945],[106.94268358900007,-6.237728596999943],[106.94272213600016,-6.238046968999981],[106.94276068300007,-6.23839960499987],[106.94279780300008,-6.238670863999914],[106.9428020860002,-6.2386908509998875],[106.94280922400009,-6.238699416999964],[106.94283000000019,-6.2387076669999715],[106.94284539300014,-6.238707502999944],[106.94306763400016,-6.2387051279999355],[106.94322896100005,-6.238697988999945],[106.94322914600019,-6.238723938999954],[106.94322916700008,-6.23872694399995],[106.94324609300008,-6.238846467999963],[106.94325894200017,-6.238950687999818],[106.94325751500014,-6.239043486999947],[106.94326322500007,-6.239183398999955],[106.9433860060002,-6.239179115999889],[106.94359016300012,-6.239167694999935],[106.94361871700016,-6.239167694999935],[106.94362704500014,-6.239248834999955],[106.94362696400003,-6.23925995899998],[106.94362585500005,-6.239411827999959],[106.94362585500005,-6.239511764999975],[106.94361752700007,-6.23971877799994],[106.94361038900018,-6.239863924999952],[106.94360882700005,-6.239894305999883],[106.94360723300008,-6.23992531499988],[106.94359663500012,-6.240131510999902],[106.94358722200013,-6.240252332999944],[106.94358902100004,-6.240308542999969],[106.94359092400009,-6.240337095999962],[106.94359449300009,-6.240381591999892],[106.94360520100014,-6.240429180999911],[106.94362423700011,-6.240480339999976],[106.94364803100012,-6.2405065139999465],[106.94367063600009,-6.240531497999939],[106.94368848200014,-6.240548153999896],[106.94369562100013,-6.240564810999956],[106.94369919000019,-6.240593363999949],[106.94370055600012,-6.240667582999947],[106.94372060500007,-6.24085153599998],[106.94373194400004,-6.240946610999913],[106.9437360710001,-6.240977646999909],[106.9437360710001,-6.241003820999936],[106.94373488200011,-6.241027615999883],[106.94372774300012,-6.241100188999951],[106.94371980200009,-6.241134157999909],[106.94371472200004,-6.241155888999913],[106.94370632800002,-6.241231059999848],[106.94368491300014,-6.241344083999934],[106.94366706700009,-6.241408328999967],[106.94363970300014,-6.2415165949999505],[106.94360758000005,-6.241570132999925],[106.94360401099999,-6.241611772999818],[106.94353857600004,-6.241610583999886],[106.94353777800012,-6.241655249999951],[106.94353857600004,-6.241758109999921],[106.94355545200017,-6.241755372999876],[106.94358259600011,-6.241750971999977],[106.94359925200007,-6.241897308999967],[106.94360282200017,-6.241944897999929],[106.94355135600017,-6.241951947999894],[106.94351597100018,-6.241956794999851],[106.94350526400012,-6.241961553999886],[106.9435040740002,-6.241969881999978],[106.9435040740002,-6.241984158999969],[106.94353077900018,-6.242177258999959],[106.94353500700015,-6.242207827999948],[106.94354452500005,-6.2422589869999],[106.94356950899999,-6.242450532999953],[106.94357307800004,-6.2424648099999445],[106.94357783700013,-6.242477896999958],[106.94358616500011,-6.242487414999971],[106.9435945410001,-6.242494268999906],[106.94359925200007,-6.242498122999962],[106.94360333300011,-6.242529249999961],[106.9436057960001,-6.242541844999948],[106.94361947800013,-6.242541844999948],[106.94362661600019,-6.242566829999873],[106.94364089300007,-6.242606090999914],[106.9436545750001,-6.242647730999977],[106.94365814400015,-6.24265784399995],[106.94366349800003,-6.242691155999864],[106.94368015399999,-6.242755401999943],[106.94369681000012,-6.242819051999959],[106.94372060500007,-6.2429457589999515],[106.94370117100004,-6.242948997999974],[106.94366706700009,-6.2429546819998905],[106.94366721600016,-6.242959644999871],[106.94366885200014,-6.243014167999945],[106.94366742400018,-6.243074368999942],[106.94368527000006,-6.243074368999942],[106.94370238200008,-6.24319580599996],[106.94370739900006,-6.243231412999876],[106.94373523900003,-6.243374180999979],[106.94374227999998,-6.243420268999955],[106.94374309100016,-6.2434255769998686],[106.94376093700004,-6.243521230999875],[106.94376751600015,-6.243553517999885],[106.9437733100001,-6.243581954999911],[106.94377806900019,-6.243612411999948],[106.94377711700014,-6.243634302999908],[106.94377521300015,-6.243650483999943],[106.94376284000009,-6.2436619049999535],[106.9437200100001,-6.24368284399992],[106.94371144400009,-6.243689506999942],[106.94371062900012,-6.243720476999954],[106.94370826000005,-6.243810498999949],[106.94370763700005,-6.243834177999929],[106.94390751200018,-6.243835129999923],[106.94398555800007,-6.243831322999938],[106.94421113100015,-6.243837032999977],[106.94421874500006,-6.243896043999882],[106.94425277800013,-6.243886749999945],[106.94434335600016,-6.243867251999916],[106.94446704699999,-6.243840625999951],[106.944501425,-6.243833225999936],[106.94465561400006,-6.243798961999971],[106.94466037300003,-6.243831322999938],[106.9449144990001,-6.243798961999971],[106.94491830700002,-6.2439293569998995],[106.94492238600014,-6.243992994999928],[106.94492401800005,-6.2440184489998956],[106.94492782400005,-6.244077834999928],[106.94493068000008,-6.244329105999952],[106.94493163200019,-6.244382405999886],[106.94493734200012,-6.244449982999981],[106.944938294,-6.244490908999978],[106.94493353500008,-6.244526124999879],[106.94492782400005,-6.244554678999862],[106.9449192580002,-6.244583231999911],[106.94490878900012,-6.2446146409999415],[106.94489736700007,-6.24468126599993],[106.94489260800015,-6.244720288999872],[106.9448977580002,-6.244750326999963],[106.94489831900017,-6.244753601999889],[106.9449030780001,-6.244779299999948],[106.94490549500006,-6.244789370999911],[106.94492592100016,-6.244874477999929],[106.9449287760001,-6.244883995999942],[106.94485739200007,-6.244903983999961],[106.94486293300008,-6.244928053999956],[106.94487975100003,-6.24500110799994],[106.944887849,-6.24503628199983],[106.94491735500014,-6.245182856999975],[106.94496304000012,-6.245175241999959],[106.94497837500006,-6.245338113999935],[106.9449906420001,-6.245468391999964],[106.94498913500007,-6.245498451999879],[106.94470003100008,-6.245521056999962],[106.9446310260002,-6.24552581599994],[106.94460128300011,-6.245348545999889],[106.94443591100008,-6.245353304999924],[106.94440973600018,-6.245397324999942],[106.94425592800002,-6.245403428999907],[106.94413745200018,-6.2454081309999765],[106.9441099240002,-6.245409222999967],[106.94407557100016,-6.245370407999928],[106.94404366200007,-6.245338113999935],[106.94402619700014,-6.245320438999897],[106.94400894600005,-6.2453144899999415],[106.94400695800005,-6.245338113999935],[106.94399347900008,-6.245498303999966],[106.94398574600007,-6.245590507999964],[106.94398217700007,-6.245705911999892],[106.94397622800017,-6.245854627999961],[106.94407029600012,-6.245866167999907],[106.94408742900004,-6.246206906999873],[106.94407981400002,-6.246355385999891],[106.94406252100009,-6.2465614769998865],[106.94405999999998,-6.246591527999897],[106.94436750000006,-6.246653027999912],[106.94442721600018,-6.246670425999923],[106.94439857900005,-6.246822897999948],[106.94439200000011,-6.24685792799994],[106.94438438500009,-6.246921696999948],[106.94435478300016,-6.247028521999823],[106.94434060300006,-6.2470796929998755],[106.94426255700017,-6.24734048199997],[106.94424465999998,-6.24740922999996],[106.94422111900008,-6.2474996559998885],[106.94420259400005,-6.247570813999914],[106.94413882500004,-6.247839216999921],[106.94404697800019,-6.247833982999964],[106.94402318300007,-6.24784778399993],[106.94398558800003,-6.2478972759999465],[106.94396274500019,-6.247969135999938],[106.94395560600009,-6.24808287399992],[106.94397178700007,-6.2481771009998965],[106.94398416000013,-6.248251339999911],[106.94398749100014,-6.248285603999932],[106.94397416599998,-6.2484212339998635],[106.94396369700013,-6.248485002999871],[106.94394275700017,-6.24854401399989],[106.94389469200019,-6.248630149999826],[106.94388374700009,-6.248661558999913],[106.9438723250002,-6.248716286999922],[106.94385130800015,-6.24881000299996],[106.94384329600018,-6.2488457289999815],[106.9438233080001,-6.248964226999931],[106.94381283900009,-6.249031326999955],[106.94380189300006,-6.24908938599998],[106.94379965600012,-6.249097662999873],[106.94376858100014,-6.249212641999975],[106.94374811700004,-6.249294019999866],[106.94373288900005,-6.249356837999926],[106.9437447860002,-6.249396336999894],[106.94377619500005,-6.249466768999923],[106.94378325400004,-6.249498430999893],[106.94377730500014,-6.249613834999934],[106.94378588000006,-6.249654370999906],[106.94379308700019,-6.249688439999886],[106.94380004400017,-6.249721325999872],[106.9438034800001,-6.249737566999954],[106.94379567200014,-6.249901919999957],[106.94379365700007,-6.249944335999942],[106.94378833300016,-6.250056388999951],[106.94383405600013,-6.250164870999981],[106.94382480300015,-6.250225526999941],[106.94382120600011,-6.25024910399992],[106.94381264000015,-6.250383304999843],[106.94381235000009,-6.250396956999907],[106.94380978500016,-6.250517506999927],[106.94379122500004,-6.250723091999873],[106.94378123200005,-6.250890130999949],[106.94377837600013,-6.250927249999904],[106.94378123200005,-6.250964369999963],[106.94378694200014,-6.2509872129999735],[106.94379693600007,-6.251037180999958],[106.94379795200018,-6.2510630969998715],[106.94379979100006,-6.251109992999943],[106.94380978500016,-6.251188514999853],[106.94382263400007,-6.251249904999952],[106.94383976600005,-6.251305584999955],[106.94385118800011,-6.251349841999968],[106.94386430900005,-6.251406266999936],[106.94386546400005,-6.251411232999885],[106.94387805600002,-6.251461277999965],[106.94388068700016,-6.251503439999965],[106.94388116900001,-6.251511169999901],[106.94389627500004,-6.251691273999882],[106.94389972900012,-6.251732459999914],[106.94390513300004,-6.251781999999935],[106.94392542700012,-6.251968025999872],[106.943949697,-6.252132208999967],[106.9439711130002,-6.252252133999946],[106.94398496100007,-6.25231596999987],[106.94399250000009,-6.252350721999903],[106.94399408600003,-6.252357937999875],[106.9440013140001,-6.252390835999961],[106.94400252100013,-6.252396328999964],[106.94397314899999,-6.252395627999874],[106.94390249900005,-6.252393940999923],[106.94382583300006,-6.252392110999949],[106.94366897100008,-6.252390835999961],[106.94348998600009,-6.25238938099983],[106.94348989700018,-6.252390835999961],[106.94348189500005,-6.2525221549999515],[106.94347689800009,-6.252582593999932],[106.94343049900004,-6.25276581199995],[106.94326367400004,-6.252718063999907],[106.9430938050001,-6.252669443999821],[106.94308428699998,-6.252794365999932],[106.9428784640001,-6.252769380999894],[106.94264356400004,-6.252773057999946],[106.94263785600009,-6.252795123999931],[106.94254505700013,-6.252780846999883],[106.94254505700013,-6.252754672999856],[106.94251293400009,-6.25275824199997],[106.94250292800012,-6.252675187999955],[106.94250105500004,-6.252659644999881],[106.94250104600013,-6.252659569999878],[106.94250103700006,-6.252659494999875],[106.9424992490001,-6.252659709999875],[106.94244155000018,-6.252666632999933],[106.94238194400009,-6.252685971999938],[106.94231543900014,-6.2526892379999595],[106.9421441180001,-6.252690427999937],[106.94198945300019,-6.252682099999959],[106.94195245100013,-6.25268034599992],[106.94191304700007,-6.25267847799995],[106.94176583300015,-6.252671499999963],[106.94175663700008,-6.252708063999819],[106.94175239100014,-6.252724948999969],[106.94173319200002,-6.252801292999891],[106.94172853700007,-6.25281980099993],[106.94171085600016,-6.252890106999871],[106.94170272800017,-6.2529224249999515],[106.94168296100003,-6.2530059259999575],[106.94167761000006,-6.253028531999973],[106.94167637500004,-6.25303374899994],[106.94166972400012,-6.253061844999934],[106.94166728800008,-6.253072135999901],[106.94164258300009,-6.253176499999938],[106.94160636000004,-6.2532900519998975],[106.94159346300012,-6.253285852999909],[106.94150404300018,-6.253256739999927],[106.94146835100008,-6.253230564999967],[106.94145645400005,-6.25320439099994],[106.94144098700008,-6.253167509999969],[106.94142671000009,-6.253133007999963],[106.94135750000004,-6.253145888999882],[106.94135641600013,-6.2531461819999095],[106.94121540200018,-6.253184329999954],[106.94114478500012,-6.253203432999953],[106.94108406800012,-6.253219857999966],[106.94103528900013,-6.25324365299997],[106.94100435600012,-6.253261497999972],[106.94098294100002,-6.253278154999975],[106.94097577200006,-6.253284526999892],[106.94095081800015,-6.253306707999968],[106.94093416200019,-6.253334071999916],[106.94092226500015,-6.253367384999933],[106.94090917800008,-6.253398316999892],[106.94090084900017,-6.253436388999944],[106.94088454900009,-6.253498434999926],[106.94086396800003,-6.253576776999921],[106.94083422400007,-6.2535851049999],[106.94079615300006,-6.253582725999877],[106.94074142600005,-6.253574397999898],[106.94044161300019,-6.253520859999924],[106.94034762500007,-6.253511341999911],[106.94000855200017,-6.253504203999967],[106.93985388700008,-6.25350063399992],[106.93970636,-6.253485167999884],[106.93962605300004,-6.25347802899995],[106.93960344800001,-6.253464347999966],[106.93954931600018,-6.253454234999936],[106.93933278500009,-6.253421516999936],[106.93932712200007,-6.253420768999888],[106.93916383300018,-6.253399203999891],[106.93912597000013,-6.253394202999914],[106.93898439200012,-6.2533811159999],[106.93877618900007,-6.253375166999945],[106.93852396600005,-6.253365648999932],[106.9383643330001,-6.253360597999972],[106.93833598900005,-6.2533597009999085],[106.93825388900018,-6.253362443999947],[106.93808852500018,-6.253345423999974],[106.93787913199998,-6.253322818999948],[106.9377054320002,-6.253300213999978],[106.93740561900017,-6.253265711999859],[106.93736704900016,-6.253262072999917],[106.93715339700009,-6.253241917999844],[106.93681768300019,-6.253214366999941],[106.9367619750002,-6.253209794999918],[106.93625158100008,-6.253175292999913],[106.93608422900007,-6.253162759999952],[106.93598151200018,-6.253155066999852],[106.93593357700007,-6.25314650699994],[106.93591488700008,-6.25314316999993],[106.93588038500008,-6.253126513999973],[106.93585659000018,-6.2531277029999615],[106.93581851900012,-6.253265711999859],[106.9358173290002,-6.253335905999961],[106.93581614000004,-6.253414427999928],[106.93581580900008,-6.253479059999904],[106.93581569400015,-6.253501582999945],[106.93576498100015,-6.2535048479999205],[106.93554705100007,-6.253477435999969],[106.93538664700009,-6.253457258999902],[106.93537101000015,-6.253439582999931],[106.93535928300014,-6.253426325999897],[106.93538900000004,-6.253271777999828],[106.93516297700006,-6.253241917999844],[106.93515464900008,-6.2533037829999785],[106.93514668000006,-6.253339485999902],[106.93514027700013,-6.253368172999899],[106.93513977800018,-6.25337040799991],[106.93513297200013,-6.253370249999875],[106.93499976000015,-6.253351739999971],[106.93497143100001,-6.253347803999816],[106.93478404800004,-6.253341854999917],[106.93478226400009,-6.253496519999942],[106.93478301700009,-6.253661415999829],[106.9347094800001,-6.253664956999955],[106.93452603500015,-6.253673789999937],[106.93413390000012,-6.253691873999969],[106.93408726300004,-6.25369377699991],[106.93404728800004,-6.253699487999938],[106.93392971100019,-6.253705289999971],[106.9337957670001,-6.2537118989999385],[106.93375794500014,-6.253713764999873],[106.93351196900005,-6.253724570999964],[106.93336379400017,-6.253728353999861],[106.93330360700003,-6.253729890999978],[106.93323238200009,-6.253731709999954],[106.933233572,-6.253772160999915],[106.93312054699999,-6.253781677999939],[106.93297302100007,-6.253760262999833],[106.9327695770001,-6.253724570999964],[106.93257089200011,-6.253699586999971],[106.9324293140001,-6.253679361999957],[106.93242098600012,-6.2536853099999234],[106.93241146800005,-6.253710294999962],[106.93239005300012,-6.2537662119999595],[106.93231510000004,-6.253768590999812],[106.93216103500004,-6.2537768519998735],[106.93183682800009,-6.253765021999868],[106.93168454300019,-6.2537662119999595],[106.93165836800006,-6.253762642999959],[106.93164290200002,-6.253754314999981],[106.93163338400012,-6.253740037999933],[106.9316286250002,-6.253724570999964],[106.93161940900012,-6.253683097999954],[106.931616728,-6.253671032999932],[106.93160840000002,-6.253628202999835],[106.9315976920002,-6.253624633999891],[106.931454729,-6.253611177999915],[106.93139543799998,-6.253605597999979],[106.93134190000018,-6.253602028999978],[106.93120081200004,-6.253603814999963],[106.93115392300018,-6.25360440899982],[106.93111124400014,-6.253610758999969],[106.93111729200007,-6.253630471999941],[106.93111733600006,-6.253642432999925],[106.93111501200008,-6.253660381999907],[106.93109929600018,-6.253729606999968],[106.93108015900009,-6.253801903999886],[106.93102662200005,-6.254008916999965],[106.93101777800018,-6.254039971999873],[106.9310143150002,-6.254064586999959],[106.93100758600008,-6.254112422999924],[106.9309576170001,-6.254275416999917],[106.93063520000015,-6.254240913999979],[106.93059712900009,-6.254204032999951],[106.93046387900011,-6.2542194989998166],[106.93035166700008,-6.254223610999873],[106.93022391000005,-6.254219022999962],[106.9300272800001,-6.254178237999952],[106.93000595200016,-6.254173813999955],[106.9299971480001,-6.254169827999874],[106.92997250000002,-6.2541318059999185],[106.92993290200013,-6.254177560999892],[106.92993207500018,-6.254180395999867],[106.92992873800017,-6.25419183799994],[106.92990970300008,-6.254265005999855],[106.92988174400017,-6.254395281999962],[106.92972113000019,-6.2543589949999046],[106.92973487699999,-6.254184868999971],[106.92973540700007,-6.254178155999966],[106.92962124300004,-6.25417800699995],[106.9293838910001,-6.254157186999976],[106.92935474299998,-6.254156591999958],[106.92930477400006,-6.254150048999918],[106.92929942000012,-6.2541104899999596],[106.92930031300011,-6.254072418999897],[106.9291652780002,-6.254035536999936],[106.92909363300004,-6.254014942999959],[106.92908957100008,-6.254033008999841],[106.92908820200006,-6.254032689999974],[106.92899048300006,-6.254009945999883],[106.92898244100007,-6.254048402999956],[106.92897846700015,-6.254067409999948],[106.92881547400003,-6.253996620999942],[106.92872445900008,-6.253977584999973],[106.92868817300007,-6.254076927999904],[106.92860611100002,-6.254033055999912],[106.9285638460002,-6.254056701999957],[106.92855670700004,-6.254078711999966],[106.92854606400016,-6.254077281999969],[106.92847109100006,-6.254067209999903],[106.92844130400016,-6.254221479999956],[106.9283575460002,-6.254249914999946],[106.928345907,-6.2542531129999475],[106.92822762800006,-6.254285606999872],[106.92814910600015,-6.254302738999968],[106.92809628200007,-6.2543041659998835],[106.92808871700004,-6.254303672999924],[106.92806344500008,-6.254302024999959],[106.92802047100008,-6.254295187999958],[106.9280204440002,-6.254295182999954],[106.92802041700008,-6.254295178999939],[106.92800931200014,-6.254293412999971],[106.92800062700002,-6.254292030999977],[106.9278435830002,-6.254259907999938],[106.92768833300016,-6.254235555999969],[106.92760708800006,-6.254179634999957],[106.92760444700014,-6.254177816999913],[106.92758961000004,-6.254174390999879],[106.92750419700019,-6.254154670999981],[106.92750254900005,-6.254154290999907],[106.92750807900012,-6.254124992999891],[106.92736309300005,-6.254105731999971],[106.92721255000009,-6.254085731999851],[106.92721083300006,-6.254094860999885],[106.92718213400008,-6.254239366999968],[106.92716543700004,-6.254323439999894],[106.92713027800005,-6.2543220559998645],[106.92688357100019,-6.254307020999931],[106.92683400000004,-6.254303999999877],[106.92682947400004,-6.254348176999883],[106.92682713500011,-6.254371008999897],[106.92682654200013,-6.254376798999942],[106.92682225900006,-6.254437475999907],[106.92681095600011,-6.254515283999865],[106.92659966000019,-6.254496247999953],[106.92656254100007,-6.254482922999955],[106.92654540800015,-6.254475308999929],[106.92652827600017,-6.254470549999894],[106.92649686700014,-6.254467694999903],[106.9264673620001,-6.2544695979999005],[106.92643785700005,-6.254450562999921],[106.92640359300009,-6.254449610999927],[106.92634267800008,-6.254446755999879],[106.92623607900003,-6.254442947999905],[106.92623798200015,-6.254402021999908],[106.92607213100018,-6.254398529999889],[106.92599490300017,-6.254396903999918],[106.92596672400009,-6.25439631099988],[106.92597235500011,-6.25428741099995],[106.9257415470002,-6.254279082999972],[106.9257451160002,-6.254361173999882],[106.92573571500003,-6.25436102499998],[106.9257076400001,-6.254360578999922],[106.92570526000009,-6.2543944869998995],[106.92566718900008,-6.2543944869998995],[106.92564220500014,-6.254640760999962],[106.92569038900001,-6.254640760999962],[106.92568265599999,-6.254750810999894],[106.92558509800011,-6.254757354999981],[106.92550062700013,-6.254762113999959],[106.92550062700013,-6.254769846999977],[106.92549595600019,-6.254769948999979],[106.92541853500012,-6.254771630999926],[106.92539138900014,-6.2547784719998845],[106.9253743450002,-6.2547531979998325],[106.9253550040001,-6.254724517999932],[106.9253490550002,-6.254709051999896],[106.9253442960001,-6.254691205999961],[106.92534098800019,-6.254655205999882],[106.92532407100009,-6.254471104999936],[106.92532391300006,-6.254465998999876],[106.92531931200017,-6.254317629999946],[106.92531626900018,-6.254317686999968],[106.92525944400018,-6.254318749999925],[106.92513854800012,-6.254323988999943],[106.9250507800001,-6.25432779199997],[106.92504512300013,-6.254415096999935],[106.92499057900005,-6.254427491999877],[106.92480736100015,-6.254459614999973],[106.92461300000014,-6.254492999999968],[106.92445302900012,-6.254558983999914],[106.92445138800008,-6.254595079999888],[106.92439606500005,-6.254608166999901],[106.92433558200008,-6.2546191019999355],[106.92415065900019,-6.254652534999934],[106.9241489810002,-6.25465283799997],[106.92408019200013,-6.254665273999933],[106.92400547200015,-6.254666916999952],[106.92390946500012,-6.2546521869999765],[106.92387052900011,-6.254651221999836],[106.92364534500012,-6.254645643999879],[106.92344264000013,-6.254651068999976],[106.92340085600006,-6.2546521869999765],[106.92330751100002,-6.25465373399993],[106.92321093400011,-6.254625694999959],[106.92319686600001,-6.254621610999948],[106.9231147750001,-6.254646595999873],[106.92299627800014,-6.254692994999914],[106.92287278400005,-6.254725117999897],[106.92280782400019,-6.254741535999926],[106.92254584600016,-6.254750815999898],[106.92242235200007,-6.254747960999907],[106.92238309100014,-6.25474510499987],[106.92234954000008,-6.2547486749999734],[106.92234311600009,-6.254759381999975],[106.92234026000006,-6.2547765139999],[106.9223388330002,-6.254796501999863],[106.9223424020002,-6.25485931899982],[106.92235239600018,-6.254954259999863],[106.9222807230002,-6.254969199999948],[106.92226222200014,-6.254973055999926],[106.92221940800016,-6.254985346999945],[106.92200933900011,-6.255045651999978],[106.92190333300005,-6.255076082999892],[106.92184116500005,-6.255088043999933],[106.92182778800009,-6.25509061799994],[106.92176444400019,-6.255102805999968],[106.92174229000011,-6.254992475999927],[106.9217379640001,-6.2549709299998995],[106.92173292400008,-6.254945831999976],[106.92171891000015,-6.254876039999942],[106.9217044680002,-6.254804115999946],[106.92165069300012,-6.254672388999893],[106.92161244800002,-6.25455498599996],[106.92160976600019,-6.254546752999886],[106.92157264600013,-6.254436345999977],[106.92155491700015,-6.254441164999946],[106.9215185220001,-6.254451058999962],[106.92147461200017,-6.2544629959999725],[106.921427746,-6.254301092999981],[106.92142226400011,-6.2542821569999205],[106.92141721300015,-6.254283772999884],[106.92132708600008,-6.254312613999957],[106.9212214380002,-6.25405563299995],[106.92120779800013,-6.25402896199995],[106.92105555600017,-6.253731277999918],[106.92107616200008,-6.253669909999928],[106.92108222200005,-6.253651860999923],[106.92108533300001,-6.253643033999879],[106.9207598270001,-6.25367414599998],[106.92073813800016,-6.253676218999885],[106.92068161700018,-6.253681620999885],[106.92060055600018,-6.2534125829999425],[106.92050611100007,-6.2532135829998765],[106.92038805600015,-6.252981666999972],[106.92043382200006,-6.252933151999969],[106.92048555000008,-6.252878314999975],[106.9204054710001,-6.252450917999965],[106.92057311400004,-6.252410988999941],[106.92062189300003,-6.252407181999956],[106.92063498000016,-6.252383386999952],[106.92060999600005,-6.251980068999956],[106.92060166800007,-6.251777813999922],[106.92054099100011,-6.251779003999957],[106.92053980200012,-6.2517254659998684],[106.92052465699999,-6.251374457999873],[106.92051795600008,-6.25121914399989],[106.9204893650001,-6.251218423999944],[106.9204305560001,-6.251216943999964],[106.92020975300005,-6.2512387169999215],[106.92020247699998,-6.251239433999956],[106.91991342400013,-6.251295509999977],[106.9197177330002,-6.25138712699993],[106.91954531700014,-6.2513068559998715],[106.919496487,-6.251284122999948],[106.91940164300019,-6.251239966999947],[106.91939493100017,-6.251237348999894],[106.91924364100004,-6.251178346999893],[106.91908656700019,-6.251247797999952],[106.91906446400009,-6.251257570999883],[106.91897633000008,-6.251296539999885],[106.91896335200005,-6.25130244099995],[106.91890938200004,-6.25132698099992],[106.91888086600017,-6.251339946999963],[106.91874546900004,-6.251389142999926],[106.91869464900009,-6.251407607999965],[106.918678575,-6.251412322999897],[106.91849644400014,-6.251465742999869],[106.91849119100016,-6.251467277999893],[106.91846935000001,-6.251473657999895],[106.91843463200019,-6.251483800999949],[106.91829683500004,-6.251524058999905],[106.91819794200012,-6.251552950999894],[106.91813978800013,-6.251568549999945],[106.91807136600016,-6.251586902999975],[106.91809112700008,-6.251761458999908],[106.91782105800002,-6.251779189999979],[106.91777384000005,-6.251942029999952],[106.91770043100007,-6.2521336719999],[106.91762058300009,-6.252262332999976],[106.91760545500006,-6.252311038999892],[106.91765057700007,-6.252321478999875],[106.91785013800012,-6.252367652999965],[106.91807980800013,-6.252417289999926],[106.91808260900012,-6.252417909999963],[106.9181404320002,-6.2524307089999525],[106.91820467800017,-6.252462830999946],[106.91828043900011,-6.252508287999888],[106.91828795900005,-6.252512799999977],[106.91833554800013,-6.252538973999947],[106.91837480900011,-6.25255206099996],[106.91842596800018,-6.252560388999939],[106.91844939100008,-6.25256152299994],[106.91849973100017,-6.252563958999872],[106.91857360800014,-6.252577596999856],[106.91857706300016,-6.25257823499993],[106.91854375100007,-6.2527900069999305],[106.9184854720001,-6.252986429999908],[106.91847950600015,-6.253006537999909],[106.91864902700007,-6.2530639279999605],[106.91870793400005,-6.2530838709998875],[106.9187119300002,-6.253085407999947],[106.91872340000009,-6.2530898189999675],[106.9187427380001,-6.253145899999879],[106.91874719500004,-6.253158823999968],[106.91874814700009,-6.253200422999953],[106.91874980600016,-6.253272888999902],[106.91874738500002,-6.253290080999932],[106.91874659100017,-6.2532957209998585],[106.91872934900016,-6.25341818499993],[106.91872205000016,-6.253450735999877],[106.91872135500017,-6.253453836999881],[106.91872088900016,-6.25345591699994],[106.9187126930002,-6.253543106999871],[106.91871651300016,-6.253555075999884],[106.91872017700007,-6.253566555999953],[106.91872395700005,-6.25357840099997],[106.91873053900008,-6.253599023999925],[106.91870079500006,-6.253601403999937],[106.91870079500006,-6.253694042999939],[106.91870079500006,-6.2537211689999594],[106.91870079500006,-6.253734652999924],[106.91870079500006,-6.253813094999941],[106.91870079500006,-6.253813134999859],[106.91870079500006,-6.253813175999937],[106.91835715100007,-6.2537950889999365],[106.91831793700004,-6.253793024999879],[106.9183165130001,-6.253792949999877],[106.91830459700014,-6.253891887999885],[106.91830400900011,-6.253896772999951],[106.91829763600003,-6.253949684999952],[106.91828447300009,-6.254058977999932],[106.91828211400019,-6.254078563999883],[106.91827725100006,-6.254118935999941],[106.91825569000014,-6.2542103129999305],[106.9182545500002,-6.2542151449998755],[106.91825226700013,-6.254224821999969],[106.91824455000011,-6.254345427999908],[106.91824393900015,-6.254354978999913],[106.9182436690001,-6.254365525999901],[106.91824123800018,-6.254460329999915],[106.91824108400016,-6.2544663379998156],[106.91824680700017,-6.254503534999969],[106.91825925700016,-6.25458446399989],[106.91826202300018,-6.254602442999953],[106.9182726620001,-6.254637226999932],[106.91827660300015,-6.2546501099998295],[106.91828676900013,-6.2546833439998295],[106.91829733300011,-6.25471230799991],[106.91829763600003,-6.254713138999875],[106.91831508900015,-6.254760992999934],[106.91831627500005,-6.254764245999922],[106.91830986000014,-6.2547837219999565],[106.9183049630002,-6.254798587999858],[106.91829763600003,-6.254820829999915],[106.9182961520001,-6.254825333999918],[106.91829457700004,-6.25483011599988],[106.91828962500017,-6.2548451479999585],[106.91827788500007,-6.254858418999902],[106.91826773400004,-6.254869893999967],[106.91826399600012,-6.254871518999948],[106.91823596100016,-6.254883707999966],[106.91821227900016,-6.254894004999926],[106.91820206000011,-6.254898447999949],[106.91820153700019,-6.2548985379999635],[106.91818973600016,-6.254900559999953],[106.9181687480002,-6.254904157999874],[106.91813594900009,-6.254904679999925],[106.91809262300006,-6.254905368999971],[106.91804508600012,-6.254906124999877],[106.91804454500016,-6.2549061339999525],[106.91804311200013,-6.25490615699988],[106.91802990700018,-6.254840133999835],[106.91802550400007,-6.254818116999957],[106.91802520400006,-6.254818153999963],[106.91799180600015,-6.254822305999937],[106.91787131500018,-6.2548247799999785],[106.91778540500019,-6.254824041999939],[106.9177604320002,-6.2548238279998145],[106.91772350700006,-6.254824367999959],[106.9177167360001,-6.254824466999935],[106.91766503100018,-6.254825222999841],[106.91766287500019,-6.254825254999844],[106.91757020900013,-6.254827705999958],[106.91755361200012,-6.254828144999976],[106.91746313900018,-6.254825721999964],[106.91745207000008,-6.254828261999933],[106.91743272400004,-6.254832701999931],[106.917386195,-6.254843378999908],[106.91726587800014,-6.254841017999979],[106.9171703450001,-6.254839143999902],[106.9171291900002,-6.254838335999864],[106.91709535800004,-6.255394638999974],[106.91703868100007,-6.255421757999898],[106.917033947,-6.255762659999959],[106.91695702800013,-6.2559752459999345],[106.9169611390002,-6.2562832229999685],[106.91685406300007,-6.256300430999943],[106.91681006600004,-6.256307500999981],[106.91680882800011,-6.2563076999999225],[106.91674919700006,-6.256248913999968],[106.91672530600016,-6.256225360999963],[106.91667295900015,-6.256189428999903],[106.91660271900002,-6.256141215999946],[106.91657349000019,-6.256121151999935],[106.91657207499998,-6.256120180999972],[106.9165730630001,-6.256143191999911],[106.91657396700015,-6.256164240999965],[106.91657485100006,-6.2561848249998775],[106.91657199600007,-6.256336158999886],[106.91656905200017,-6.256350172999873],[106.91656747200005,-6.256357693999973],[106.91656645900008,-6.256358985999896],[106.91654629800007,-6.256384699999899],[106.91645778200007,-6.25643895099995],[106.91626720699998,-6.256517666999969],[106.91626076200009,-6.2565203289999545],[106.91618512700012,-6.256675879999932],[106.91618511100012,-6.256675912999924],[106.91618509500012,-6.256675945999916],[106.91593193000006,-6.256665061999911],[106.91593049300019,-6.256664999999941],[106.91593525200017,-6.256789921999939],[106.9156214210002,-6.256933760999971],[106.9156211630002,-6.256933878999973],[106.91561164500013,-6.256962432999842],[106.91554300000018,-6.256954999999948],[106.91524536100019,-6.256947776999937],[106.91496681100006,-6.256941017999907],[106.91479192100013,-6.256933878999973],[106.91477407500008,-6.256932689999928],[106.91476455700018,-6.256929119999938],[106.91475166700019,-6.2569131669999365],[106.91474944800007,-6.256903302999831],[106.91475251700007,-6.256615851999925],[106.91476155900011,-6.256481650999945],[106.9147637370001,-6.25637707899989],[106.9147644140001,-6.25634459399987],[106.91476418500014,-6.256314131999943],[106.9147634630001,-6.256218006999973],[106.9147634630001,-6.256214198999942],[106.91476340200018,-6.256214144999831],[106.91476333999998,-6.256214089999901],[106.91475918000003,-6.256210391999957],[106.9147539450002,-6.256208964999928],[106.9145455040001,-6.256190880999952],[106.91443462100005,-6.2561846939999555],[106.91427597500007,-6.256177523999895],[106.91411689600017,-6.256170926999971],[106.91391334500008,-6.256162485999823],[106.91385305600016,-6.256160110999872],[106.9137954950001,-6.25615757099996],[106.91379375600008,-6.256157493999922],[106.91371275600011,-6.256153919999974],[106.91358640700003,-6.256144639999945],[106.91352866300008,-6.256140734999974],[106.91349112400007,-6.2561381969999275],[106.91346158300018,-6.256136199999958],[106.91338581800005,-6.256131076999964],[106.9132715450001,-6.256121873999916],[106.9131884200001,-6.256115178999892],[106.91306673200012,-6.256105378999962],[106.91306527000017,-6.256105134999871],[106.91304960000014,-6.2561025229999245],[106.91303746500012,-6.256098953999981],[106.91303318199999,-6.2560932429999525],[106.91303203600012,-6.256085116999884],[106.91303318199999,-6.256064689999903],[106.9130430690002,-6.255951980999896],[106.91304448200009,-6.2559358689998135],[106.91304677800008,-6.255909694999957],[106.91304745900004,-6.25590193499994],[106.91289013699998,-6.255853488999833],[106.9128226000002,-6.255832691999956],[106.91271919200017,-6.255798016999961],[106.91270734800008,-6.255794044999959],[106.91270338900017,-6.255792717999952],[106.91253219800012,-6.25570179399989],[106.91253135400007,-6.255701345999967],[106.91246538900003,-6.255666282999869],[106.91237288200011,-6.255617112999971],[106.91232658200016,-6.25559203399996],[106.91225563900008,-6.2555536069999675],[106.91220156000014,-6.255524313999956],[106.91217239100013,-6.255503872999952],[106.91215617400013,-6.255492507999975],[106.91215614600009,-6.2554924889998915],[106.91215554600006,-6.255492067999967],[106.91215324800004,-6.255490457999883],[106.91214328600012,-6.255483475999938],[106.91212564100016,-6.255471110999906],[106.91211090299998,-6.255460782999933],[106.91210322800015,-6.255455375999929],[106.91201829400006,-6.255395537999959],[106.91196166300011,-6.255350803999875],[106.91195166900013,-6.255322250999939],[106.91195262100007,-6.2553055939998785],[106.91196950200009,-6.255149625999934],[106.9119745120002,-6.255103339999948],[106.9119755930002,-6.25509067299987],[106.91171182000011,-6.255097628999977],[106.91169583300012,-6.2552072499998985],[106.91143989500006,-6.255470633999948],[106.9113905280002,-6.2554668359999255],[106.91125868600011,-6.2554566939999745],[106.9112278550001,-6.255454321999935],[106.91116768500012,-6.255449693999822],[106.91112055800005,-6.255444427999919],[106.911089247,-6.255440928999974],[106.91083551200006,-6.255412574999923],[106.91074859500009,-6.255407070999922],[106.91047478600007,-6.255389731999912],[106.91042900000019,-6.255409999999927],[106.9100900000002,-6.255396999999903],[106.91004703700014,-6.255609554999978],[106.91003305600015,-6.255678721999914],[106.91007450600017,-6.255787921999911],[106.91007500000006,-6.255789221999919],[106.91008915300006,-6.25588219499997],[106.91011627500018,-6.2560603699998865],[106.91012862800005,-6.256141523999929],[106.91015195200004,-6.256294746999913],[106.9101798440002,-6.256477974999882],[106.91018907900013,-6.256538640999963],[106.91023095200018,-6.256813720999958],[106.91023127600016,-6.256815848999963],[106.91027409400016,-6.257097137999949],[106.91028995300013,-6.257201320999968],[106.91031483600017,-6.25736478399989],[106.91032925300004,-6.257459492999942],[106.91036747600009,-6.257710588999942],[106.91038014400004,-6.257793806999871],[106.9103820000002,-6.257805999999903],[106.91039637600016,-6.257929822999927],[106.9104028910001,-6.257985933999976],[106.91040949199999,-6.258042787999955],[106.91011160800002,-6.258053337999968],[106.91003931600011,-6.2580558979998955],[106.90999267900008,-6.258058753999933],[106.90995936700017,-6.258097776999875],[106.90990987400005,-6.2581291859999055],[106.90985515600016,-6.258158390999938],[106.90975473300011,-6.258211990999939],[106.90958284900006,-6.258287319999965],[106.9095658330001,-6.258294777999936],[106.90956469800011,-6.258295278999981],[106.90927027500015,-6.258425190999901],[106.9090605950002,-6.258516567999891],[106.90902595500017,-6.258531663999918],[106.90902581400007,-6.2585317259998305],[106.90902577600008,-6.258531741999832],[106.9090256660001,-6.258531789999836],[106.90902455800017,-6.258532313999979],[106.90902223200015,-6.258533413999885],[106.90902139000008,-6.2585338119998255],[106.90902026000015,-6.258534345999976],[106.90901885200003,-6.258535010999935],[106.90901729600012,-6.258535746999883],[106.90901612599998,-6.258536299999946],[106.90901478600006,-6.2585369329999025],[106.90901354300007,-6.258537519999948],[106.90901212,-6.258538192999936],[106.90901165200017,-6.258538413999929],[106.90901056200005,-6.258538928999883],[106.90900933500006,-6.258539508999945],[106.9090078500002,-6.258540210999911],[106.90900640400008,-6.258540893999964],[106.90900558800018,-6.2585412799999744],[106.90900309600016,-6.2585424579999085],[106.909002381,-6.258542795999858],[106.90899953200005,-6.258544142999881],[106.90899907800019,-6.2585443569998915],[106.90899617200012,-6.258545729999923],[106.90899515400002,-6.258546210999953],[106.90899285200004,-6.258547298999872],[106.90899202700007,-6.258547688999897],[106.90898887100013,-6.258549180999921],[106.90898851400004,-6.258549349999953],[106.90898555300004,-6.25855074999987],[106.90898466100015,-6.258551170999908],[106.90898252900013,-6.258552178999935],[106.90898077300017,-6.258553008999968],[106.90897900500005,-6.258553844999881],[106.90897795900014,-6.258554339999932],[106.9089764040001,-6.25855507499989],[106.90897486000011,-6.258555804999958],[106.90897272300003,-6.258556814999963],[106.90897207500018,-6.258557120999967],[106.9089687070001,-6.258558712999843],[106.90896865500008,-6.25855873699993],[106.90896860300006,-6.25855876199995],[106.90896572700018,-6.2585601209999595],[106.90896430900005,-6.258560790999923],[106.90896237900006,-6.2585617029998275],[106.90896179300006,-6.258561979999911],[106.90896150200012,-6.25856211699994],[106.90895940900003,-6.25856310599994],[106.90895812100007,-6.25856371499998],[106.90895592300006,-6.258564753999963],[106.90895518100018,-6.258565104999946],[106.90895459300015,-6.2585653829999615],[106.90895278200009,-6.258566238999947],[106.9089515550001,-6.2585668189998955],[106.90895045600007,-6.25856733899991],[106.90894866200011,-6.25856818699998],[106.90894813000006,-6.25856843899993],[106.90894695900005,-6.25856899199988],[106.90894373300011,-6.258570516999953],[106.90894344500009,-6.258570652999936],[106.9089337970002,-6.258575212999972],[106.90892500400008,-6.2585793689999605],[106.90891939200014,-6.2585820209998815],[106.90881624200017,-6.258630774999858],[106.90879876700006,-6.258639034999931],[106.9087820090001,-6.25864695599995],[106.9087041690002,-6.258682157999942],[106.9086801420001,-6.258693023999854],[106.90863257900014,-6.258714532999932],[106.90858304200003,-6.258738643999891],[106.90855926000006,-6.258750218999978],[106.90847500000018,-6.258791230999975],[106.90844504600017,-6.258805809999956],[106.90841747600001,-6.258819228999926],[106.90834082500015,-6.258850560999917],[106.90830432100017,-6.258865481999976],[106.90828708100014,-6.258872528999973],[106.90822473000009,-6.258901169999945],[106.90822125700004,-6.258902764999959],[106.90812055100008,-6.258949024999879],[106.90811525300018,-6.258951458999832],[106.90806939700008,-6.258972521999965],[106.90805294200004,-6.258980080999891],[106.90802245400005,-6.258993979999957],[106.90796472700015,-6.259020295999846],[106.90793929100016,-6.259031891999825],[106.90782336300015,-6.259084741999914],[106.90779405700005,-6.259098101999882],[106.90773501800004,-6.2591269019999345],[106.907726158,-6.259131223999873],[106.90767822900006,-6.259154603999946],[106.90755991800012,-6.259212315999832],[106.9075562590001,-6.259214047999876],[106.90753708300008,-6.2592231219999235],[106.90740872700013,-6.259283861999961],[106.9073467180001,-6.2593132049998985],[106.90727199600013,-6.259345180999901],[106.90713542200018,-6.259403624999948],[106.90682250000003,-6.259557916999938],[106.90654563300012,-6.25969233099994],[106.9065129550001,-6.259708195999906],[106.90643730500005,-6.259741781999935],[106.90618416700005,-6.259854166999901],[106.90578027800012,-6.260035805999848],[106.90562784500003,-6.260111293999955],[106.90561923000013,-6.260115559999974],[106.90560113300018,-6.260123486999817],[106.90546583800005,-6.260182752999924],[106.90540412600012,-6.260209785999962],[106.90536904000004,-6.260229433999882],[106.90535653700016,-6.2602364359999],[106.90534892300008,-6.260344939999925],[106.90532036900004,-6.2604463049999595],[106.90526469000014,-6.260569084999929],[106.90522043200019,-6.260707569999909],[106.90516903600019,-6.260781808999923],[106.90510193500006,-6.260840343999973],[106.90506866000004,-6.260873618999881],[106.90504911100015,-6.260893167999882],[106.90496773300015,-6.261037362999957],[106.90492487800009,-6.2611005189999105],[106.90485923000011,-6.261197262999929],[106.90473930500008,-6.261377149999873],[106.90464936100011,-6.261517061999939],[106.90460224800017,-6.26159415699982],[106.90459270600013,-6.261617058999946],[106.90458083300013,-6.26164555299988],[106.90456084500005,-6.261702659999912],[106.90454371300007,-6.261759766999944],[106.9044637630002,-6.261921094999934],[106.90442236100012,-6.261978201999966],[106.90438524100011,-6.262008182999978],[106.90434954900013,-6.26205244099998],[106.9043481220001,-6.262099553999974],[106.90436525400014,-6.262132390999966],[106.90439523500004,-6.262159516999873],[106.90442623500013,-6.262180977999947],[106.90445091400011,-6.262198063999961],[106.90449395400009,-6.262227511999981],[106.90455941800019,-6.262272302999975],[106.90459511000012,-6.262325126999883],[106.904693619,-6.26248645499993],[106.90475500900016,-6.262569259999964],[106.90482816200006,-6.262617698999975],[106.90486065800008,-6.262639215999968],[106.90500057000008,-6.262729159999935],[106.90519473400019,-6.262819102999913],[106.90532179700011,-6.262881920999973],[106.90535606100013,-6.2629204679999475],[106.90539318100019,-6.26298043099996],[106.90550454000004,-6.263206003999869],[106.90555879100003,-6.263327355999877],[106.9055630740001,-6.263363047999974],[106.90554879800015,-6.263395884999966],[106.90551310600006,-6.263414443999977],[106.90548026900012,-6.263418726999873],[106.90543886700004,-6.263418726999873],[106.90538747000016,-6.26340730599992],[106.90535320600014,-6.263390173999937],[106.90532036900004,-6.263345915999878],[106.90528753300015,-6.263310223999952],[106.90525041300009,-6.26328880899996],[106.90520152400006,-6.263287810999884],[106.90518045700014,-6.263287380999941],[106.90510907300012,-6.263307368999904],[106.90506767100004,-6.263340204999963],[106.90505053900006,-6.263377324999908],[106.90503626200007,-6.26343443199994],[106.90503626200007,-6.263482972999952],[106.90505910500008,-6.263562922999824],[106.90506277100019,-6.263574031999951],[106.90510621800013,-6.263705689999824],[106.90512049500018,-6.263767080999912],[106.90511050100008,-6.263817048999954],[106.90507909200005,-6.263902709999968],[106.90501770200012,-6.264064036999969],[106.90501484700013,-6.2641082949999145],[106.90502198500019,-6.264159691999907],[106.90504197200016,-6.264211087999968],[106.90510193500006,-6.264278188999924],[106.90514097900007,-6.264305371999967],[106.90518138200014,-6.264333500999896],[106.90521472100016,-6.264356710999948],[106.9052732560001,-6.264418100999876],[106.90529752700007,-6.264480918999936],[106.9052989540001,-6.264526604999958],[106.90528325000002,-6.26455944099996],[106.9052461300002,-6.264589421999915],[106.9052075830001,-6.264600843999972],[106.90516332500016,-6.264600843999972],[106.90502198500019,-6.264599415999953],[106.90492633100007,-6.264599415999953],[106.904866368,-6.264603698999963],[106.90482211000011,-6.264609409999878],[106.90479355700012,-6.264629396999965],[106.90478305700015,-6.264642521999974],[106.90477071400011,-6.264657950999833],[106.90476214800009,-6.264716485999884],[106.90473738200018,-6.264836004999893],[106.90472931100015,-6.26487495799995],[106.90470932400018,-6.264964900999928],[106.90471075200008,-6.265004875999921],[106.90471503500004,-6.265039139999942],[106.90473645000009,-6.265084825999963],[106.90475206300005,-6.2651051589999724],[106.90479784000001,-6.265164775999949],[106.90494754500008,-6.265338851999957],[106.9049820100002,-6.265378926999972],[106.90500342500007,-6.265423184999975],[106.9050038220002,-6.2654281459999766],[106.90500582900012,-6.265453232999903],[106.90500628100011,-6.265458876999844],[106.90500485300004,-6.265500279999969],[106.90500057000008,-6.265543109999953],[106.90498629300009,-6.2655930789999275],[106.90496059500009,-6.265631625999902],[106.90491490900001,-6.265671600999951],[106.90485653899998,-6.265712607999944],[106.9046893360001,-6.265830072999904],[106.9046365120002,-6.265891462999946],[106.9046108140002,-6.265940003999958],[106.90459511000012,-6.2659856899999795],[106.90458226100003,-6.2660256649999155],[106.9045722670001,-6.266072777999909],[106.90456655600008,-6.2661227469998835],[106.90456655600008,-6.266165576999981],[106.9045722670001,-6.26621840099989],[106.90459082700005,-6.266282646999969],[106.90459168900014,-6.266283809999891],[106.90461937999999,-6.266321193999943],[106.90465650000004,-6.266354030999935],[106.90468790900007,-6.266369734999955],[106.90472502800003,-6.266386866999881],[106.90477642500014,-6.266394005999928],[106.90483353200017,-6.266394005999928],[106.90483389700006,-6.2663939449999475],[106.90490206000015,-6.266382583999871],[106.90494203500015,-6.266378300999975],[106.90494674400009,-6.266378928999927],[106.90498486500013,-6.266384011999833],[106.90502055700006,-6.2664011439999285],[106.90505339400005,-6.266422558999977],[106.90507623700006,-6.266462533999913],[106.90508623000011,-6.266518212999927],[106.90508480300008,-6.26655676099989],[106.9050748090001,-6.266605301999846],[106.9050605320001,-6.266649559999962],[106.90503911700017,-6.266700955999852],[106.90500057000008,-6.266808031999915],[106.90499057600016,-6.266846578999889],[106.9049834380001,-6.266892264999967],[106.9049834380001,-6.266942232999895],[106.9049834380001,-6.266980780999916],[106.90498486500013,-6.267022182999938],[106.90499343100015,-6.267083572999979],[106.9050119910001,-6.267166378999889],[106.90502055700006,-6.267209208999873],[106.90502198500019,-6.267247755999961],[106.90502198500019,-6.267286302999878],[106.9050119910001,-6.267326277999814],[106.90498629300009,-6.26739052399995],[106.90495488400006,-6.267460479999897],[106.90494114000018,-6.267498478999926],[106.9049306140002,-6.2675275809999675],[106.9049113980002,-6.267600323999943],[106.90491062600012,-6.267603247999887],[106.90490986400005,-6.267609850999918],[106.90490634300005,-6.267640366999956],[106.90490634300005,-6.267656453999962],[106.90490634300005,-6.267670347999967],[106.90491919200014,-6.267708895999931],[106.90496345000008,-6.267757436999943],[106.90503626200007,-6.267827392999948],[106.90509051300018,-6.267864511999846],[106.90514333800019,-6.2678859279999415],[106.90517331900008,-6.267887354999971],[106.90520472800011,-6.26788449999998],[106.90521592600015,-6.267874592999874],[106.90524184700007,-6.267851662999931],[106.90527611100009,-6.267787417999955],[106.90530752000012,-6.267728882999904],[106.90532039900017,-6.267715467999949],[106.90534178500019,-6.267693190999978],[106.9053803320001,-6.267671775999872],[106.90542601700002,-6.26767463099992],[106.9054745580001,-6.267693190999978],[106.90550311200013,-6.267723171999876],[106.9055373760001,-6.26776885799984],[106.90556164700007,-6.267833103999976],[106.90556164700007,-6.2678745059999414],[106.90555450800014,-6.267921618999935],[106.90553023800004,-6.267977298999938],[106.90547313100006,-6.268074380999963],[106.90544315000011,-6.268152902999816],[106.90542887300012,-6.268229997999981],[106.90542459,-6.2683213689999775],[106.90542459,-6.268384186999924],[106.90543172800005,-6.268438437999976],[106.90545457100012,-6.26848412399994],[106.90548455200019,-6.2685083949999125],[106.90549847699998,-6.2685311809999575],[106.90551596100005,-6.268559790999973],[106.90554879800015,-6.268614042999957],[106.905597339,-6.268696847999877],[106.90560789000011,-6.268726103999882],[106.9056287480002,-6.268783935999977],[106.9056287480002,-6.2688296219999415],[106.90562018200006,-6.268863885999849],[106.90559448300013,-6.268898149999927],[106.90554879800015,-6.268926703999966],[106.90550025700014,-6.268950973999949],[106.9054460050001,-6.268975244999979],[106.90516332500016,-6.269095169999957],[106.9050748090001,-6.26912800599996],[106.90503911700017,-6.269136571999923],[106.90499057600016,-6.269145137999942],[106.9049563120002,-6.26915513199998],[106.90492490300016,-6.269176546999972],[106.90489634900013,-6.269216521999965],[106.90488350000004,-6.26926220799993],[106.90488350000004,-6.269302182999979],[106.90488350000004,-6.269314313999814],[106.90488350000004,-6.269339779999939],[106.90488350000004,-6.269346440999868],[106.90487636200015,-6.269389270999966],[106.9048620850001,-6.269452088999913],[106.90482496600015,-6.269500629999925],[106.90477928000007,-6.2695463149999],[106.90451516000007,-6.269707642999947],[106.90444234800009,-6.269764749999865],[106.90439523500004,-6.269823284999916],[106.90436668100017,-6.269874680999976],[106.90433241700015,-6.269931787999894],[106.90429387000006,-6.269994605999955],[106.90425104000008,-6.270080266999969],[106.90423248000013,-6.2701459399999635],[106.90422105800008,-6.270201618999863],[106.90421963100005,-6.270255870999904],[106.90422819700007,-6.270295845999954],[106.90424104600015,-6.2703358209999465],[106.90427959300007,-6.270377222999912],[106.90430957400014,-6.2703972109998745],[106.90436382600018,-6.270398637999904],[106.90437065100014,-6.270395224999959],[106.90441236700019,-6.270374367999921],[106.90444663100004,-6.270342958999834],[106.90448232300014,-6.270297272999869],[106.90450631500016,-6.270267949999948],[106.90450802100014,-6.270265863999953],[106.90454085800008,-6.2702387389999785],[106.90456941200011,-6.270218750999959],[106.90459368200004,-6.2702073299998915],[106.90463080200004,-6.270194480999976],[106.90466792100005,-6.2701887699999475],[106.90469933000003,-6.2701887699999475],[106.90472645600016,-6.270195907999835],[106.90479070100008,-6.270218750999959],[106.90513477100012,-6.270361518999948],[106.90517331900008,-6.2703629459999775],[106.90521614900007,-6.270357235999938],[106.90526754500007,-6.270331537999937],[106.9052697960002,-6.2703306569998745],[106.90530038200006,-6.270318688999964],[106.9053346460002,-6.270302983999898],[106.90537033800013,-6.270290134999925],[106.90539458300009,-6.270289201999901],[106.90540745800018,-6.270288706999963],[106.90545742600005,-6.270290134999925],[106.9054974010001,-6.270307266999964],[106.90552595500014,-6.270330109999918],[106.90554451500009,-6.270370084999968],[106.90555593600004,-6.27040720399998],[106.90557164000012,-6.270475732999898],[106.90558163400004,-6.270565676999979],[106.90558163400004,-6.270624210999927],[106.90557735100015,-6.270708443999979],[106.905567357,-6.2707684069999345],[106.9055659300002,-6.270802670999956],[106.90556450200006,-6.2708711989999415],[106.90557021300009,-6.270946865999974],[106.90557896100012,-6.270983401999956],[106.90559448300013,-6.271048230999838],[106.90566158400009,-6.271253816999945],[106.90569156500015,-6.271312350999949],[106.90572868500004,-6.271352325999942],[106.90576294900006,-6.271375168999953],[106.90581291799998,-6.271395156999915],[106.90585432000006,-6.2714165719998505],[106.90589572300019,-6.2714379869998425],[106.90594997500006,-6.271467967999911],[106.90597995600012,-6.271505087999969],[106.90600137100006,-6.271547917999953],[106.9060299250001,-6.271635005999883],[106.90605419500014,-6.271689257999924],[106.90607132700018,-6.271713528999896],[106.90609988100005,-6.271737798999936],[106.90612986200011,-6.271754930999975],[106.90616698200017,-6.271754930999975],[106.90618288100012,-6.271749630999977],[106.90620981200016,-6.271740653999927],[106.90623551000016,-6.271719238999935],[106.90628119600018,-6.2716835469998955],[106.90633116400005,-6.271649282999931],[106.90639683799998,-6.271607879999976],[106.90644325700003,-6.271590999999887],[106.90644395100009,-6.271590747999937],[106.90647964300018,-6.271586464999871],[106.90651533500011,-6.271586464999871],[106.90656244800005,-6.271602169999937],[106.90659528500015,-6.271632150999835],[106.90661670000009,-6.271669270999951],[106.90662669400018,-6.271702106999953],[106.90663383200007,-6.271754930999975],[106.90663383200007,-6.271807754999884],[106.90663811500013,-6.271901981999974],[106.90665239200018,-6.2719376739999575],[106.90667380700006,-6.271969082999931],[106.9067166370001,-6.272006201999943],[106.90685940500015,-6.27210042899992],[106.90693221600009,-6.272160390999943],[106.9069907510002,-6.27221464299987],[106.90703358100018,-6.272247479999919],[106.90707783900012,-6.27227032199994],[106.90712352500015,-6.272276032999969],[106.90715778900017,-6.272271749999902],[106.90720347500002,-6.272253189999958],[106.90723349700005,-6.272231114999897],[106.90725201600003,-6.272217497999861],[106.90733482100006,-6.272158963999971],[106.90740049400006,-6.272116132999884],[106.9074589830002,-6.2720893259999],[106.90746902300015,-6.272084723999967],[106.90755611100008,-6.272049032999973],[106.90761892900014,-6.272037610999973],[106.90767175300005,-6.272034755999925],[106.90776597900003,-6.272043321999945],[106.90787448300011,-6.272060453999927],[106.9080272440001,-6.272081868999919],[106.90810005600008,-6.272080440999957],[106.90815288100009,-6.272070447999965],[106.90820570400007,-6.272053315999926],[106.90824425100016,-6.272031899999945],[106.90830992400004,-6.272004774999914],[106.90835132700016,-6.272003346999895],[106.90838844600012,-6.272007629999905],[106.908414145,-6.272021906999839],[106.908439843,-6.272056170999917],[106.90845269200008,-6.272096145999853],[106.90845840300011,-6.272141831999818],[106.90845554700007,-6.272197510999888],[106.90842984900007,-6.27227032199994],[106.9084098620001,-6.272350271999926],[106.90839415700015,-6.272447353999951],[106.90839415700015,-6.272561567999901],[106.90840557900003,-6.272622958999932],[106.90842413800004,-6.27268006599985],[106.90845412000004,-6.272731461999911],[106.90849266700013,-6.272774291999895],[106.908556912,-6.2728313989999265],[106.90860688100014,-6.272847103999879],[106.90866256000004,-6.272861380999927],[106.90871395700015,-6.272862807999957],[106.90878534100017,-6.272857097999918],[106.90897807700014,-6.272812839999915],[106.90914368700015,-6.272762870999941],[106.90927503400013,-6.272728606999976],[106.90940495200005,-6.2726629329999355],[106.90946634200014,-6.27259868799996],[106.90950489000011,-6.272530159999974],[106.90952915999998,-6.272453064999979],[106.9095434370002,-6.272408806999977],[106.9095591410001,-6.272351699999945],[106.90957770099999,-6.272294592999913],[106.90960339899999,-6.272256045999939],[106.90964623000008,-6.272233202999928],[106.9096804940001,-6.272230346999947],[106.90972189600012,-6.272244623999882],[106.90977472000009,-6.272283171999959],[106.90982183400007,-6.272361693999869],[106.90986894700012,-6.272435932999883],[106.9099189160001,-6.272500177999973],[106.9099803060002,-6.272557284999891],[106.91002028100002,-6.272610108999913],[106.91004883400018,-6.27265293999983],[106.91006311100006,-6.272701480999956],[106.9100588280001,-6.272731461999911],[106.91003741300005,-6.272774291999895],[106.90997602300013,-6.272817122999925],[106.9099189160001,-6.272839964999946],[106.90983611100006,-6.272868518999815],[106.90978185900019,-6.272897071999864],[106.90973046200014,-6.272925625999903],[106.90969334300019,-6.272962745999962],[106.90966336200006,-6.273026990999938],[106.9096547960001,-6.273095518999924],[106.90965765100003,-6.273176896999928],[106.9096547960001,-6.2732539919999795],[106.9096547960001,-6.273323947999927],[106.90963909100014,-6.273381054999959],[106.90960197200013,-6.273415318999923],[106.909534871,-6.2734467279999535],[106.90948918500015,-6.273472425999955],[106.90943207800012,-6.273503834999872],[106.90936497700017,-6.273546664999969],[106.90932071900005,-6.273583784999914],[106.90929644900018,-6.273619476999954],[106.9092693230001,-6.27368800499994],[106.90921364399998,-6.273970684999881],[106.90913797700006,-6.274387566999906],[106.90912941100004,-6.274454667999976],[106.9091322660002,-6.2745032089998745],[106.90915225300017,-6.274571736999974],[106.90917509600018,-6.274647403999893],[106.90922078200003,-6.274734491999936],[106.90928931000002,-6.274823007999942],[106.90933642400006,-6.274891536999974],[106.90936926000006,-6.274958636999884],[106.90938924800014,-6.275028593999934],[106.90939210300013,-6.275062857999899],[106.90938924800014,-6.2751028329999485],[106.90937782600008,-6.275151373999961],[106.90935641099998,-6.275198486999955],[106.90931215300009,-6.275282719999893],[106.90927788900007,-6.275344109999935],[106.90926075700008,-6.275384084999928],[106.90924790800017,-6.275422631999845],[106.90924790800017,-6.2754668899999615],[106.90925790100005,-6.275533990999975],[106.90927360600017,-6.275601091999931],[106.90929050100004,-6.275646145999929],[106.90929502100005,-6.275658198999963],[106.90931187900003,-6.275698002999889],[106.90934641700005,-6.27577955199996],[106.90935641099998,-6.275819525999907],[106.90935070000018,-6.275869494999938],[106.90934356200012,-6.275932312999828],[106.90932500200017,-6.275993702999926],[106.90931072600006,-6.276050809999958],[106.90929930400017,-6.276112199999943],[106.90928931000002,-6.276167879999946],[106.90926504000015,-6.276282093999896],[106.90924648000004,-6.27641201199998],[106.90924058600012,-6.27647266799994],[106.90922690100012,-6.276613492999957],[106.90919454000004,-6.2767674439999155],[106.90917169800008,-6.2768987899999615],[106.90916218000018,-6.276973029999965],[106.90914885500007,-6.277047268999979],[106.9091298190001,-6.277106278999952],[106.90911649400016,-6.277140543999963],[106.9091012660001,-6.277169096999842],[106.90907080800008,-6.277199553999935],[106.90903273700002,-6.277230010999972],[106.90898895500015,-6.277258564999954],[106.90894517300006,-6.277290925999978],[106.90890900500011,-6.277315671999872],[106.90887474100009,-6.277353742999935],[106.90883666900015,-6.277416560999882],[106.90880811600005,-6.277485089999971],[106.90880050200008,-6.277528871999948],[106.90879669500004,-6.2775707499999385],[106.90878908000002,-6.277618338999957],[106.90878908000002,-6.277656410999839],[106.90879288700012,-6.277690674999917],[106.90880050200008,-6.277745878999951],[106.90881763400012,-6.277816310999924],[106.90884047700013,-6.277905777999933],[106.90886141600015,-6.277987631999963],[106.9088766440002,-6.278061870999977],[106.90889568000017,-6.278134206999937],[106.9089013910002,-6.278189409999868],[106.9089013910002,-6.278236998999887],[106.90889377700012,-6.278280780999978],[106.90887474100009,-6.278343598999925],[106.90885570500012,-6.278394995999918],[106.90875291200007,-6.278659591999883],[106.90867486600018,-6.278819490999979],[106.90861395200011,-6.278954644999942],[106.90860253100016,-6.278992715999891],[106.90860253100016,-6.279034594999928],[106.90860824100008,-6.279078376999962],[106.90863298800008,-6.27916594099986],[106.90869390200015,-6.279371525999977],[106.90871103400013,-6.27944195799995],[106.90872435900013,-6.279493354999943],[106.90872626200019,-6.279542847999949],[106.90872816600017,-6.279605664999906],[106.90872626200019,-6.279674193999881],[106.908714841,-6.279735107999954],[106.9086977090002,-6.279790310999829],[106.90867867300005,-6.279843610999876],[106.90865963800019,-6.27989881499991],[106.90865202300017,-6.279931175999934],[106.90865202300017,-6.279978764999953],[106.90867677000017,-6.280129146999968],[106.9086824800001,-6.280176259999962],[106.90869390200015,-6.280247643999928],[106.9087124620001,-6.280296184999941],[106.90874101500009,-6.280333303999896],[106.90878670100011,-6.280366140999945],[106.90883809700011,-6.280394694999927],[106.90888806600009,-6.280418964999967],[106.90893517900014,-6.28044323599994],[106.90896516000004,-6.280466077999961],[106.90898657600002,-6.280493203999981],[106.90900941800015,-6.280534606999936],[106.90900941800015,-6.280576009999891],[106.90900513500009,-6.2806145569999785],[106.90898657600002,-6.28069165099987],[106.90896516000004,-6.280761606999874],[106.90895373900008,-6.280820141999925],[106.90895088400009,-6.280872965999947],[106.90893089600007,-6.280952915999933],[106.90889234900015,-6.281088544999932],[106.9088252480002,-6.281361231999938],[106.90878670100011,-6.28153255299992],[106.908765286,-6.2815696719998755],[106.90874672600012,-6.281601080999906],[106.90871103400013,-6.2816339179999545],[106.90852258100011,-6.28181665999989],[106.90838124100014,-6.281929446999868],[106.9082056360001,-6.282050798999876],[106.90804145400017,-6.282173579999949],[106.90801432800009,-6.282197849999875],[106.907985774,-6.2822278309998865],[106.90797435300004,-6.282253529999878],[106.90795151000003,-6.282342044999837],[106.90793437800005,-6.282439126999975],[106.90793723300015,-6.282466252999882],[106.90794865500004,-6.282491951999873],[106.90796578700002,-6.28251193899996],[106.90798863000009,-6.282536208999829],[106.90801861100016,-6.282551913999953],[106.90833412700016,-6.282661844999893],[106.9084440580001,-6.282700391999981],[106.90847261200014,-6.282718951999925],[106.90848974400012,-6.2827460779999456],[106.90850259300004,-6.282778914999938],[106.90851687000008,-6.28282031699996],[106.90852400800014,-6.282858863999877],[106.90855684500008,-6.283098713999891],[106.90856279200017,-6.28314277599992],[106.90857059000007,-6.2832005489999005],[106.90858825400011,-6.283331424999972],[106.90865107200017,-6.283678350999935],[106.9086824800001,-6.283899640999948],[106.90869459000004,-6.283993825999971],[106.90872102800012,-6.284199452999928],[106.90873575800009,-6.28434675799997],[106.90873673200014,-6.284356496999976],[106.90873745600004,-6.284359946999928],[106.90873746300014,-6.2843599819998985],[106.90873747100011,-6.284360017999916],[106.90873761700016,-6.2843607149998775],[106.90873981600004,-6.284371189999945],[106.90876100300011,-6.284472138999945],[106.90883809700011,-6.284703422999883],[106.90887521700017,-6.28480478799986],[106.9088909210002,-6.284850472999892],[106.90890091500017,-6.284881881999922],[106.90891233600013,-6.284981819999928],[106.90894089000017,-6.285308756999882],[106.90896516000004,-6.285478650999835],[106.90898800300005,-6.285537185999885],[106.90902226700007,-6.2855785879999075],[106.909055104,-6.285612852999918],[106.90912220500019,-6.285645688999978],[106.90919501600007,-6.2856685319999315],[106.90923172100014,-6.2856810109999515],[106.90926640000009,-6.285692801999971],[106.90937775900017,-6.285727066999868],[106.90946986300014,-6.285753072999967],[106.90949911100006,-6.2857613309999465],[106.90951522800009,-6.285763763999967],[106.9097261120001,-6.285795594999968],[106.90990885500008,-6.285819865999827],[106.90997024500018,-6.285835569999961],[106.91000308100001,-6.285849846999895],[106.9100444840002,-6.285866978999877],[106.9100744650001,-6.285885538999935],[106.91008731400018,-6.285904098999936],[106.91009017000005,-6.285925513999928],[106.91009017000005,-6.285956922999958],[106.91008386600004,-6.285995376999949],[106.910075893,-6.286044010999888],[106.91005162200008,-6.286111111999958],[106.91002449600012,-6.286153941999942],[106.9099830940001,-6.286195344999896],[106.90985032000009,-6.286279577999949],[106.9098496000002,-6.286279917999877],[106.90966900500013,-6.286365237999917],[106.90966827600016,-6.286365729999943],[106.90951053300012,-6.28647231399998],[106.90949625600012,-6.286492300999953],[106.90949911100006,-6.286517999999944],[106.90951481600007,-6.286545124999975],[106.90954479700014,-6.286572250999882],[106.90967400500017,-6.286622049999949],[106.90968185400004,-6.286625074999904],[106.90968572900005,-6.286626877999879],[106.90982604900012,-6.286692175999974],[106.90988743900004,-6.286710735999975],[106.91003877300017,-6.286732150999967],[106.91016583600009,-6.2867564219999394],[106.91025149700016,-6.286782119999941],[106.91033287500017,-6.286812100999953],[106.91038141600018,-6.286833515999945],[106.9104428060001,-6.286862069999813],[106.91047992500006,-6.286886339999967],[106.91049286600014,-6.2869006439999],[106.9105070510002,-6.286916320999865],[106.91052132800019,-6.286942018999923],[106.91052846600007,-6.286973427999953],[106.91051990000005,-6.287003409999954],[106.91051376400009,-6.287018749999902],[106.91050983000014,-6.287028583999927],[106.91050562300006,-6.287039101999881],[106.91049893600012,-6.287044161999972],[106.9104527990001,-6.287079075999827],[106.91032288100001,-6.287160453999888],[106.91025006900003,-6.28721756099992],[106.91022579900016,-6.28725325299996],[106.91021902900013,-6.287267313999962],[106.91020723900004,-6.2872917999999345],[106.91017297500008,-6.287314642999945],[106.91017248100019,-6.287314802999958],[106.91012443400007,-6.287330347999898],[106.9100716100001,-6.287330347999898],[106.91003163500011,-6.28732463699987],[106.90999166000006,-6.287331774999927],[106.90999144800003,-6.287332441999922],[106.90998166600014,-6.2873631839999575],[106.90998166600014,-6.287388881999959],[106.90999451500005,-6.287420290999819],[106.91001164700003,-6.287454554999897],[106.91007303700013,-6.287528794999901],[106.91009941400011,-6.28756498599995],[106.91013442800016,-6.2876130269999635],[106.91015156000014,-6.287657284999966],[106.91015274100016,-6.287666144999889],[106.91015727000007,-6.2877001159999395],[106.91015727000007,-6.287741517999905],[106.91013728300015,-6.287792914999898],[106.91012871700013,-6.287828606999938],[106.91012871700013,-6.28785002199993],[106.9101330000002,-6.2878957069999615],[106.9101330000002,-6.287969946999908],[106.9101230060001,-6.28802705399994],[106.9101001630001,-6.2880755949999525],[106.91007303700013,-6.288094154999953],[106.91007203100008,-6.288094645999934],[106.91001450300007,-6.288122707999946],[106.91001391000015,-6.288123119999966],[106.90994883000008,-6.2881683939999675],[106.90986174100004,-6.288286890999927],[106.90970612500018,-6.288518173999876],[106.90970041400016,-6.288552438999943],[106.9096989860002,-6.288585274999946],[106.90970469700005,-6.288609545999975],[106.90971469100015,-6.288640954999892],[106.90973467800012,-6.288676646999932],[106.90979178500015,-6.288738036999973],[106.90986888000003,-6.288795143999948],[106.90990027800012,-6.2888248889999545],[106.9099502570001,-6.2888722379999535],[106.90995668300013,-6.2888798889998725],[106.90998023800017,-6.28890792999988],[106.90999879800012,-6.288942193999958],[106.91001735800006,-6.288979313999846],[106.91003020700015,-6.289015005999943],[106.91007874800016,-6.289142068999979],[106.91009873600007,-6.289213452999945],[106.91010587400012,-6.2892448619999755],[106.91010587400012,-6.289276270999892],[106.91010587400012,-6.289309106999951],[106.91010587400012,-6.289404761999947],[106.91009588000014,-6.2895061269999815],[106.9100897900002,-6.2895900599999095],[106.91008933700004,-6.28959630799983],[106.91008068100007,-6.289621409999938],[106.91005916200015,-6.289683816999968],[106.91003223000007,-6.289761918999943],[106.91002968200019,-6.289767508999944],[106.90998797200012,-6.289859000999968],[106.90994085800014,-6.289934667999944],[106.90989231700013,-6.289988918999882],[106.90984805900018,-6.29002603899994],[106.90983581500006,-6.290033345999916],[106.90975954300012,-6.290078862999962],[106.90967531100011,-6.290133114999833],[106.90966493800005,-6.290141205999873],[106.90960392700003,-6.290188793999903],[106.90955824100018,-6.290231623999887],[106.90949970600002,-6.290320139999949],[106.9094919480001,-6.290339068999913],[106.9094640140001,-6.290407228999868],[106.90944402700012,-6.29048003999992],[106.90942118400011,-6.290555706999896],[106.90941547300008,-6.290624234999882],[106.90941975599998,-6.290671348999979],[106.9094340330002,-6.290727027999935],[106.90946687000019,-6.290774140999929],[106.90946733800001,-6.2907744529998695],[106.90951826600013,-6.29080840599994],[106.90957822800016,-6.29080840599994],[106.90964961200018,-6.290802694999968],[106.90971688200005,-6.290769060999935],[106.9097181410001,-6.29076843099989],[106.9098066570001,-6.290699901999915],[106.90991801600018,-6.290604247999909],[106.90998368900006,-6.290508593999903],[106.91004079600003,-6.290415794999944],[106.910156438,-6.290194504999931],[106.91020926200014,-6.290101705999973],[106.91025494700011,-6.290016044999902],[106.9102934940002,-6.289968931999908],[106.91033775200009,-6.289918962999877],[106.9103944850001,-6.289874994999877],[106.91039486000005,-6.2898747049999315],[106.91045767700018,-6.289843295999901],[106.91046516900008,-6.289840651999953],[106.9105062180002,-6.289826163999919],[106.91059901700015,-6.289794754999889],[106.9106047630001,-6.289794013999938],[106.9106432750001,-6.289789044999964],[106.91070054800008,-6.289795407999975],[106.91070752100006,-6.289796182999908],[106.91074464000019,-6.289819025999975],[106.91076034500014,-6.289841868999872],[106.91076320000013,-6.2898747049999315],[106.9107574890001,-6.289918962999877],[106.9107389300001,-6.289991774999862],[106.91070323800017,-6.2900645859999145],[106.91061043900004,-6.290254466999841],[106.9105890240001,-6.290334416999883],[106.91057474700011,-6.29040151799984],[106.91057408100005,-6.290428166999902],[106.91057387500018,-6.290436393999869],[106.91057331900015,-6.290458624999928],[106.91057388200011,-6.290482838999878],[106.91057474700011,-6.29052001499997],[106.91058791300009,-6.290554449999945],[106.910593307,-6.290568555999869],[106.91067611200003,-6.290697046999867],[106.910736074,-6.290752725999937],[106.91080174700005,-6.290794128999892],[106.91084743300007,-6.290816971999902],[106.91086964900018,-6.290821137999899],[106.91091596100006,-6.290829820999932],[106.91096534400015,-6.290818532999879],[106.9109659300002,-6.290818398999932],[106.91101732700014,-6.290779851999957],[106.9110544460001,-6.2907255999999165],[106.91118150900019,-6.290510020999932],[106.91135425800019,-6.290237334999915],[106.91137384300015,-6.2902135539999335],[106.9113742460001,-6.290213064999875],[106.9114027990002,-6.290203070999951],[106.91144848500011,-6.290201642999818],[106.9114666700001,-6.290206087999934],[106.91151273000014,-6.290217347999942],[106.91152899900015,-6.290217660999815],[106.91158696900015,-6.290218774999971],[106.91165407000011,-6.290198787999941],[106.91170403900009,-6.290191648999951],[106.91173973100018,-6.290191648999951],[106.91177685000014,-6.29020449799998],[106.91180540400006,-6.2902259139999614],[106.91180556000006,-6.290226504999907],[106.91181254200012,-6.290253038999879],[106.91181254200012,-6.290297296999938],[106.91180254900007,-6.290322995999929],[106.91177114000004,-6.2903801029999045],[106.91150273700015,-6.2907013299999335],[106.9113671070001,-6.290858373999981],[106.91129144000013,-6.290966877999892],[106.91127002500008,-6.290988292999884],[106.91123718900019,-6.291009707999876],[106.91123600200018,-6.291010336999932],[106.91116437700003,-6.291048254999964],[106.91106872300008,-6.2910982239999385],[106.91089597400008,-6.291165324999952],[106.91072608000007,-6.2912309979998895],[106.91063185400009,-6.291256695999891],[106.91056047000006,-6.291279538999902],[106.91055942400016,-6.291280270999891],[106.91051764000008,-6.291309519999913],[106.91048194800015,-6.291348066999888],[106.91045196700003,-6.2913966079999],[106.91044340100007,-6.291443721999826],[106.91043911700007,-6.29149083499982],[106.91043911700007,-6.291557935999947],[106.91044911100016,-6.291617897999913],[106.91045625000015,-6.291659300999811],[106.9105062180002,-6.291803495999943],[106.91055618700017,-6.291923420999979],[106.9105918790001,-6.292004798999869],[106.9106175770001,-6.292079037999883],[106.91064755800016,-6.292121867999981],[106.91068325000009,-6.292151848999879],[106.91071751400011,-6.292178974999899],[106.91074749600006,-6.292204672999901],[106.91079460900016,-6.292214666999939],[106.91083417500005,-6.292209721999882],[106.9108517160002,-6.292207528999938],[106.91089882900008,-6.29220181799991],[106.91095022600018,-6.29220181799991],[106.91099305600017,-6.292211811999948],[106.91103445900012,-6.2922246609999775],[106.9110772890001,-6.292258924999942],[106.91108219000006,-6.292262373999961],[106.91111583600019,-6.292286050999962],[106.91114439000006,-6.292300327999897],[106.91118436500005,-6.292310320999945],[106.91122148400007,-6.292311748999964],[106.91125750800018,-6.292300664999857],[106.91125860400007,-6.292300327999897],[106.9112757360001,-6.2922817679999525],[106.9112857300002,-6.292257496999923],[106.91129715100016,-6.2922289439998735],[106.91129715100016,-6.29220610099992],[106.9112885850002,-6.2921746919998895],[106.91128001900017,-6.292151848999879],[106.91125432100017,-6.292119012999933],[106.91123290600012,-6.292089031999922],[106.91118293700015,-6.292043345999957],[106.91115581100019,-6.292014791999918],[106.91113296800017,-6.291973389999953],[106.91111869200006,-6.291937697999913],[106.91110869800013,-6.2918891569999005],[106.91110869800013,-6.29186203099988],[106.9111129810002,-6.291824910999935],[106.9111415340002,-6.2916992759999175],[106.91117865400003,-6.291605048999941],[106.91122576700013,-6.291499400999896],[106.91125146500013,-6.291448004999893],[106.91127430800015,-6.291416595999976],[106.91130170600013,-6.291400157999931],[106.91130286200018,-6.2913994639998805],[106.91132998800015,-6.291386614999965],[106.91135140300003,-6.291382331999898],[106.9113742460001,-6.291382331999898],[106.9114027990002,-6.291392324999947],[106.91142135900014,-6.291410884999948],[106.91142329500013,-6.291413618999911],[106.91144562900018,-6.2914451489998555],[106.91148703200014,-6.291482268999971],[106.91152272400012,-6.291526526999917],[106.91155270500019,-6.291565073999834],[106.91157697600016,-6.291603621999911],[106.91158125900006,-6.291630746999942],[106.91158125900006,-6.291666438999869],[106.91156983700017,-6.291703558999927],[106.91155556100006,-6.291733539999825],[106.91154699500004,-6.291764948999912],[106.91154271200014,-6.291800640999952],[106.91155270500019,-6.291822055999944],[106.91158125900006,-6.291833476999898],[106.91164550400015,-6.291837760999897],[106.91169119000017,-6.291850609999926],[106.91172117100007,-6.29186631399989],[106.91173402000015,-6.291890584999919],[106.91173544800012,-6.29191342699994],[106.9117268820001,-6.291946263999932],[106.91171403300001,-6.291990521999935],[106.91162551700018,-6.292133289999924],[106.91156412700008,-6.29223322699994],[106.91148132100011,-6.292360289999976],[106.91137995600019,-6.292555881999931],[106.91126717000009,-6.292762894999896],[106.91120435200003,-6.292875680999828],[106.91116009400014,-6.2929299329998685],[106.91113011300001,-6.292961341999899],[106.9110872830002,-6.293005599999901],[106.91103705900014,-6.2930531799999585],[106.91103303100016,-6.293056995999905],[106.91099162800003,-6.293089832999954],[106.91099013700017,-6.293090639999946],[106.91095736400001,-6.293108392999898],[106.91090168500011,-6.29312124199987],[106.91084457800014,-6.293122668999899],[106.91080317500018,-6.293112675999964],[106.91074606800015,-6.293085549999944],[106.91069609900018,-6.293049857999847],[106.91061043900004,-6.2929799019998995],[106.91056903600008,-6.292944209999973],[106.91053619900009,-6.2929299329998685],[106.91050193500013,-6.292921366999963],[106.9104705260001,-6.292924221999954],[106.91043626200008,-6.292931360999887],[106.91043488600013,-6.292932226999881],[106.91039771499999,-6.29295563099987],[106.91037772700014,-6.293002744999967],[106.91037454900004,-6.293009244999951],[106.91034657900002,-6.293066458999874],[106.91034631900004,-6.293066989999943],[106.91032633100014,-6.293119813999965],[106.91031205400009,-6.293178348999902],[106.91030919900015,-6.293222606999905],[106.91030594100005,-6.2932478019998825],[106.91028778400005,-6.293388216999972],[106.91026351300007,-6.293488154999977],[106.91025066399999,-6.293573814999945],[106.91026208600005,-6.293703733999962],[106.9102677960002,-6.293796532999977],[106.91027493500013,-6.293856494999886],[106.91027779000012,-6.293905035999899],[106.91028635600014,-6.293937872999948],[106.91028492800018,-6.29396642599994],[106.91027493500013,-6.294000690999894],[106.91027065200007,-6.294030671999906],[106.9102692240001,-6.294070646999842],[106.91027493500013,-6.294103482999958],[106.91028492800018,-6.29413631999995],[106.91028596000007,-6.294138612999973],[106.9102977780002,-6.294164872999886],[106.91033632500006,-6.294200564999926],[106.91037201699999,-6.294200564999926],[106.91041056400007,-6.294182004999925],[106.91045143000008,-6.29416368699998],[106.91045196700003,-6.2941634459999705],[106.9105108490001,-6.2941269949998855],[106.91051192900005,-6.294126325999912],[106.91054333800008,-6.294112048999978],[106.91057046400016,-6.294112048999978],[106.91059759000012,-6.294124897999893],[106.91061931000013,-6.294141963999948],[106.91063756500012,-6.29415630699998],[106.91072179700018,-6.294241967999881],[106.91083743900015,-6.294373313999927],[106.91087455900004,-6.294401867999966],[106.91093166600007,-6.294440414999883],[106.91100733300016,-6.294473251999932],[106.9111415340002,-6.294530358999964],[106.91128001900017,-6.294571760999929],[106.91139137800008,-6.294600314999968],[106.91143849100013,-6.294597458999931],[106.91148417700003,-6.294581754999854],[106.91157182500018,-6.294554785999935],[106.91161368900009,-6.294541904999846],[106.91161409500012,-6.294541779999918],[106.91176296100019,-6.294445371999927],[106.91176400100005,-6.29444469799995],[106.91182253600005,-6.29442042699992],[106.91187250500019,-6.294406150999976],[106.911929612,-6.294396156999937],[106.91200385100001,-6.294391873999928],[106.91208094600012,-6.29438901899988],[106.91217088900015,-6.294400439999947],[106.91225797700008,-6.294428993999929],[106.91228112000016,-6.294441490999873],[106.9123162250001,-6.294460446999949],[106.91232936100016,-6.294467540999904],[106.91235199500005,-6.294484725999894],[106.91239761500009,-6.294519363999939],[106.91240645600004,-6.294526075999954],[106.91244500300013,-6.294578899999976],[106.91245997300013,-6.294612921999942],[106.91246070800008,-6.294614591999903],[106.91246356300007,-6.294643144999952],[106.91246614000016,-6.294680511999957],[106.91246641800018,-6.294684547999907],[106.91246626500009,-6.294686591999891],[106.91246213500011,-6.294741654999939],[106.91245356900009,-6.294810182999925],[106.91243643700011,-6.294863006999947],[106.912434212,-6.29486920699992],[106.91241645000014,-6.294918686999949],[106.91239075100009,-6.2949600889999715],[106.91236933600015,-6.294972937999887],[106.9123690180001,-6.29497306899998],[106.91231365700008,-6.294995780999898],[106.91220515300017,-6.295027189999928],[106.91205810300005,-6.295045749999872],[106.91193104000013,-6.295058598999958],[106.91187964300008,-6.295071447999874],[106.91187831800005,-6.29507229099994],[106.91184823400005,-6.295091434999904],[106.91180825900017,-6.295131409999954],[106.9117268820001,-6.295232774999874],[106.91167834100008,-6.2952970209999535],[106.91161980600015,-6.29539553099994],[106.91158411400005,-6.295452637999972],[106.91154699500004,-6.2954897569999275],[106.91150559200008,-6.295536870999911],[106.91145847900003,-6.295571134999932],[106.91145684700007,-6.295572059999813],[106.91136282400004,-6.295625386999973],[106.91129429600005,-6.2956724999999665],[106.91120578000016,-6.295735317999913],[106.91114867300013,-6.295790996999813],[106.91112297500013,-6.295855241999959],[106.91112297500013,-6.295908066999971],[106.9111265960002,-6.295954243999972],[106.91112868500011,-6.295980877999966],[106.91114439000006,-6.296053689999951],[106.91116295000018,-6.296100802999945],[106.91119007500004,-6.296159337999825],[106.91122862300017,-6.296210733999885],[106.91126717000009,-6.296232148999877],[106.91133855400011,-6.296257846999879],[106.91141850399998,-6.296266412999955],[106.91152986200018,-6.296272123999927],[106.91164836000019,-6.296289255999909],[106.91174401400013,-6.296310670999901],[106.9117782780001,-6.296329230999845],[106.91181968100005,-6.296353501999874],[106.91184537900006,-6.296390620999944],[106.91186251100004,-6.29643059599988],[106.91187107700006,-6.296474853999882],[106.91188963700017,-6.296593350999956],[106.91188963700017,-6.296654740999941],[106.9118853540001,-6.2967703829999095],[106.91186393900017,-6.296850332999952],[106.91183681300004,-6.29694741499992],[106.9117782780001,-6.297123018999969],[106.91175115200019,-6.29722723999987],[106.91174258600017,-6.29729148499996],[106.9117482970002,-6.297368579999954],[106.91176114600012,-6.29746851699997],[106.91178541700009,-6.297616994999885],[106.91182396400018,-6.297843995999926],[106.91183110200001,-6.297909668999978],[106.91183681300004,-6.297983907999878],[106.91184109600016,-6.298061002999873],[106.91185394500008,-6.298132386999896],[106.91186810400006,-6.298178727999925],[106.9118696490001,-6.2981837829998994],[106.91187075500005,-6.29818535499993],[106.91189677500006,-6.298222329999874],[106.91195388200009,-6.298253738999904],[106.91202098300005,-6.298270870999829],[106.91212092100011,-6.2982694439999705],[106.91219658700015,-6.29825088399997],[106.91225512200015,-6.29823803499994],[106.91230937400019,-6.298232323999912],[106.91234792100005,-6.298232323999912],[106.9124135940001,-6.298249455999894],[106.91242889700004,-6.298264307999887],[106.91246213500011,-6.298296568999888],[106.91251495900002,-6.298362242999929],[106.91257206600005,-6.2984407649999525],[106.9126477330002,-6.298517858999901],[106.91273624900003,-6.2986192239999355],[106.9128247650001,-6.298730582999951],[106.9128861550002,-6.298807677999832],[106.91294040700006,-6.298847652999939],[106.9129975140001,-6.298889054999904],[106.9130846020002,-6.298933312999907],[106.9131631240001,-6.2989590109999085],[106.91322879800003,-6.2989732879999565],[106.91328590500007,-6.298974715999975],[106.91336014400008,-6.298969004999947],[106.9134044020002,-6.298957583999879],[106.91352718200005,-6.2989304579999725],[106.91358428900003,-6.298911897999915],[106.9136194830001,-6.298895004999963],[106.91361998100018,-6.298894765999933],[106.91366281100017,-6.298869067999931],[106.91368708200014,-6.29884194199991],[106.91370849700019,-6.2988048219999655],[106.91372848400016,-6.298757708999972],[106.91373134000003,-6.298730582999951],[106.91373134000003,-6.298687752999967],[106.91372277400006,-6.298640639999974],[106.9136942200002,-6.298570682999923],[106.91366281100017,-6.298522141999911],[106.91361712600019,-6.29843933699982],[106.91358571700016,-6.298369380999873],[106.9135771510002,-6.298317984999926],[106.9135771510002,-6.298275153999896],[106.91358571700016,-6.298229468999864],[106.91360284900014,-6.298180927999908],[106.91362854700014,-6.298150945999851],[106.9136567290002,-6.298126992999926],[106.91365710100001,-6.298126675999981],[106.91368993700007,-6.298110971999904],[106.91375275500013,-6.298110971999904],[106.91376130900011,-6.298112513999968],[106.91383984300006,-6.298126675999981],[106.9139883220002,-6.298139524999954],[106.9141282340002,-6.298143807999963],[106.91422388800015,-6.2981409529999155],[106.91427671200006,-6.298136669999906],[106.91436510400007,-6.298113858999955],[106.9143651660001,-6.298113842999953],[106.91436522800012,-6.298113826999952],[106.91441376900013,-6.298085272999913],[106.91446231000015,-6.298046725999939],[106.91449800200007,-6.298006750999889],[106.91452370000007,-6.297965347999934],[106.91455225400011,-6.297913951999874],[106.91457366900005,-6.297865410999918],[106.91458366300014,-6.297821152999916],[106.91458651800014,-6.2977711839999415],[106.91458509000017,-6.297714076999853],[106.91457224100009,-6.297622705999913],[106.91457366900005,-6.297559887999967],[106.91457795200012,-6.29747279999998],[106.91459222900016,-6.297391422999965],[106.91460650500005,-6.297328604999848],[106.91462649300013,-6.297275780999826],[106.91464933600014,-6.297220100999937],[106.91467360600001,-6.297180125999887],[106.91471358100006,-6.297147289999941],[106.91476372900013,-6.297115250999866],[106.91476497800011,-6.297114452999892],[106.91482351200017,-6.297095892999948],[106.91487348100014,-6.297083043999976],[106.91493915400014,-6.297077333999937],[106.91495671600018,-6.29707595699989],[106.91501196600012,-6.297071622999965],[106.91509905400005,-6.297071622999965],[106.91525467100007,-6.2970858999998995],[106.91538601700012,-6.297115880999911],[106.9155159350002,-6.297158710999895],[106.91559445800004,-6.297215817999927],[106.91565299200005,-6.29728720199995],[106.91572580400003,-6.297372862999964],[106.9157886220001,-6.29743710799994],[106.9158657160001,-6.297501353999905],[106.91595994300013,-6.297561315999928],[106.91607986800005,-6.297625560999904],[106.91622977399999,-6.2976869519999354],[106.91629116400009,-6.297704083999918],[106.9163382770002,-6.297711221999975],[106.91643535900005,-6.297714076999853],[106.9164724790001,-6.297719787999881],[106.91651388100013,-6.297739775999958],[106.9165667050001,-6.2977797509999505],[106.91665950400005,-6.29786683899988],[106.9168022720001,-6.298023882999928],[106.91696360000014,-6.298178071999871],[106.91700214700006,-6.2982023429998435],[106.91706639200015,-6.298225185999968],[106.91711207800017,-6.298232323999912],[106.91717061300011,-6.298230895999893],[106.91721201500019,-6.298225185999968],[106.91726548500014,-6.298202671999945],[106.91726626700006,-6.2982023429998435],[106.91731766300006,-6.298166650999974],[106.91740332400013,-6.2981052609998756],[106.91753618500019,-6.298023282999964],[106.91753752600005,-6.298022455999956],[106.91756465100008,-6.298013889999879],[106.91760605400003,-6.298008178999851],[106.91764745700016,-6.298016744999927],[106.91767743800006,-6.298033876999909],[106.91770599100005,-6.298068140999931],[106.91773454500009,-6.298112398999933],[106.91774453900018,-6.298150945999851],[106.91775024900011,-6.298198059999947],[106.91774025600012,-6.298572110999885],[106.91773597299999,-6.298624934999964],[106.91773597299999,-6.29866919299991],[106.91773597299999,-6.298712022999894],[106.91774168300014,-6.298773412999935],[106.91774739400017,-6.298829092999938],[106.9177531050002,-6.298903331999952],[106.917761671,-6.298998985999958],[106.91777309200017,-6.299104633999889],[106.9177830860001,-6.299178873999892],[106.91778451400006,-6.299227414999905],[106.91778594100009,-6.299293087999956],[106.91778594100009,-6.299351621999961],[106.91778736900017,-6.299445848999881],[106.91778925700015,-6.299460322999835],[106.91779165200012,-6.299478685999929],[106.91779736300015,-6.29950581199995],[106.917810212,-6.299531509999952],[106.91783019899998,-6.299562918999868],[106.91786589100013,-6.299598610999908],[106.9178973000001,-6.299634301999902],[106.91801579700007,-6.299727100999974],[106.91806719400017,-6.29973423999985],[106.91812650499998,-6.299735651999981],[106.91812715600014,-6.299735666999879],[106.91816142000016,-6.299729956999954],[106.91819717900017,-6.299712076999981],[106.91819853999999,-6.299711396999896],[106.91822281000009,-6.299689981999904],[106.91824850900014,-6.29964857899995],[106.91825707500016,-6.299621452999929],[106.91826421300004,-6.299581477999823],[106.91826992400007,-6.299554352999962],[106.91827563400017,-6.299525798999923],[106.91829276600015,-6.299472974999901],[106.91829687000018,-6.299460322999835],[106.91830989900006,-6.299420150999879],[106.91833131400017,-6.299391596999897],[106.91865539600013,-6.299137470999938],[106.9189357460001,-6.2989453539999545],[106.91893664900005,-6.298944734999964],[106.91898519000006,-6.298924746999944],[106.91902088200004,-6.298920463999934],[106.91904657999999,-6.298920463999934],[106.91907370600012,-6.298924746999944],[106.91910368700019,-6.298936168999887],[106.91913652300008,-6.298957583999879],[106.91916507700012,-6.298987564999948],[106.91919077500012,-6.2990289679998455],[106.91921361800013,-6.299073225999962],[106.91922932200004,-6.299121766999974],[106.91924359900008,-6.299180300999922],[106.91925216500005,-6.299238835999972],[106.91924209200005,-6.29935484299989],[106.91922876700005,-6.299457634999953],[106.91922833700005,-6.299460322999835],[106.91921353900005,-6.299552813999924],[106.9192078280002,-6.299608016999969],[106.9192078280002,-6.299670834999915],[106.91921544200011,-6.299748880999971],[106.91922115300014,-6.299834541999871],[106.91922686400017,-6.299903069999971],[106.91923067100004,-6.299948755999935],[106.91923067100004,-6.2999944419999565],[106.91922876700005,-6.3000401269999315],[106.91921544200011,-6.300080101999868],[106.91920211700017,-6.300110558999961],[106.91917356400006,-6.300150533999897],[106.91911264900006,-6.30020193099989],[106.91905744600018,-6.300251423999896],[106.91901176000016,-6.300304723999886],[106.91899082100008,-6.300350408999918],[106.91898701400004,-6.300394190999896],[106.91898701400004,-6.300436069999932],[106.9189888640002,-6.300442675999932],[106.91900033899998,-6.300483658999951],[106.91902889200014,-6.300527440999929],[106.9190917100002,-6.300571222999906],[106.91913886100008,-6.3005987279999545],[106.91916023900006,-6.300611197999842],[106.9192078280002,-6.300649268999962],[106.91925541700016,-6.3006873409999],[106.91930110300018,-6.300717797999937],[106.9193194360002,-6.300727446999872],[106.91933727100019,-6.300736833999849],[106.91938676299998,-6.300748254999974],[106.91944751700004,-6.300748254999974],[106.91944759800015,-6.300748254999974],[106.91944767800015,-6.300748254999974],[106.91949336300013,-6.300719701999924],[106.91955237400009,-6.300677822999944],[106.91960757700014,-6.300618811999925],[106.91978841600013,-6.300481754999964],[106.92001874800013,-6.300299012999858],[106.92012915500015,-6.30021144899996],[106.92021671900011,-6.300121980999961],[106.92027192300003,-6.300076294999883],[106.92034072500007,-6.300037244999942],[106.920342355,-6.300036319999947],[106.92039184800012,-6.300013476999936],[106.92043943700008,-6.300007766999897],[106.92048702600016,-6.300013476999936],[106.92052700100004,-6.300026801999877],[106.9205443780001,-6.300040377999949],[106.92058791500011,-6.300074391999942],[106.92066976900009,-6.3001562449999255],[106.92072497200013,-6.300234290999924],[106.92080872900004,-6.3003770589999135],[106.92085822200016,-6.300455104999969],[106.92088313400006,-6.300501606999944],[106.9208867760002,-6.30050840499996],[106.92090771500006,-6.300571222999906],[106.92092865400014,-6.3006359439998505],[106.92094197900008,-6.300696858999913],[106.92095911100006,-6.300773000999925],[106.92096802999998,-6.300820141999964],[106.920972436,-6.3008434329999545],[106.92103525400006,-6.301060439999958],[106.92105809700007,-6.301142293999931],[106.92106951800008,-6.3011917869999365],[106.92107522900011,-6.301239375999955],[106.92107522900011,-6.301281253999946],[106.92106571099998,-6.301319325999884],[106.92105048200006,-6.301368817999901],[106.92102764000015,-6.301395467999896],[106.92099337500008,-6.301422117999948],[106.92099248300019,-6.301422460999902],[106.92096862900013,-6.301431635999961],[106.92093055800012,-6.301439250999977],[106.9208867760002,-6.301439250999977],[106.92079159700006,-6.301444960999902],[106.92070117800012,-6.301452575999917],[106.92069967999998,-6.301453484999968],[106.92066120300012,-6.301476845999957],[106.92063550400019,-6.301502543999959],[106.9206226550001,-6.301535380999837],[106.92061266200011,-6.301586776999898],[106.92061123400015,-6.301621040999976],[106.9206119600002,-6.301642809999919],[106.92061266200011,-6.301663871999892],[106.92063122100012,-6.301703846999942],[106.92064549800017,-6.301728116999868],[106.92067405200004,-6.301752387999954],[106.92070117800012,-6.301773802999946],[106.92073544200014,-6.301792362999947],[106.92079254900017,-6.301836620999893],[106.92083209600014,-6.30186178699995],[106.92087107100008,-6.301886588999935],[106.92091247400003,-6.301916569999946],[106.92094816600013,-6.301963683999929],[106.92097957500016,-6.302015079999933],[106.9209938510001,-6.302046488999849],[106.92099670700014,-6.30207361499987],[106.92100241700012,-6.302107878999948],[106.92100670000019,-6.302167840999857],[106.92101241100005,-6.302200677999906],[106.92102240500014,-6.302233514999955],[106.92104810300015,-6.302309180999828],[106.92106500700015,-6.302352044999907],[106.92106541700014,-6.30235308399989],[106.92106577300018,-6.30235398699989],[106.9210880780002,-6.302410546999965],[106.92111092100004,-6.302487640999914],[106.92113519100008,-6.302567590999956],[106.9211666000001,-6.302637546999904],[106.92118658800013,-6.302708930999927],[106.92122799000003,-6.302804584999933],[106.92124369500016,-6.302864547999945],[106.92126796500003,-6.302914515999817],[106.92127367600006,-6.302948780999884],[106.92127367600006,-6.303004459999954],[106.92127795900018,-6.3030387239999754],[106.92128509700007,-6.30308012699993],[106.92131079600011,-6.3031500829999345],[106.9213279280001,-6.3031929129999185],[106.92134506000014,-6.303228604999958],[106.92135648100009,-6.303262868999866],[106.9213609480002,-6.303269817999819],[106.92136933000018,-6.303282856999829],[106.92138075200006,-6.303294277999953],[106.92139931100007,-6.303298560999963],[106.9214307200001,-6.303304271999934],[106.9214921100002,-6.303311409999878],[106.92154350700008,-6.303311409999878],[106.92159204800015,-6.303317120999907],[106.92163630600004,-6.303324259999954],[106.92168341900015,-6.303331397999955],[106.92171768300011,-6.3033371089998695],[106.92174338200005,-6.303351384999814],[106.9217620450001,-6.303362049999976],[106.92176336900019,-6.303362806999871],[106.92177907300004,-6.303389932999892],[106.92177764600001,-6.303422768999951],[106.92177193499998,-6.303472737999925],[106.92175337500004,-6.303514140999937],[106.92171340000004,-6.303559825999912],[106.921673425,-6.303596945999971],[106.92165201000012,-6.303632637999897],[106.92164487200006,-6.303666901999975],[106.92164201600019,-6.303705448999892],[106.92164201600019,-6.303775404999897],[106.92164772700005,-6.303852499999891],[106.92165629300018,-6.303928166999924],[106.92167485300013,-6.304029531999959],[106.92169198500011,-6.304135179999832],[106.92169198500011,-6.304186575999893],[106.92169198500011,-6.304217984999923],[106.92168770200004,-6.304242255999895],[106.9216691420001,-6.304269380999926],[106.92161489100016,-6.304346475999978],[106.92153494100012,-6.304420714999935],[106.92146498500017,-6.304473538999957],[106.92142072700005,-6.30451779699996],[106.92139931100007,-6.304554916999905],[106.92139360100015,-6.304576331999897],[106.92139586100012,-6.304588760999877],[106.92139645600008,-6.304592035999974],[106.92140787800014,-6.304606312999908],[106.92142929300007,-6.304622017999975],[106.92149353800016,-6.304676268999913],[106.92158490900016,-6.304743369999869],[106.92167057000006,-6.30479762199991],[106.92171482800018,-6.304820464999864],[106.92174202100017,-6.3048372979999385],[106.92174480900007,-6.304839023999875],[106.92175480300017,-6.304859011999952],[106.92176336900019,-6.304891847999897],[106.92176765200009,-6.304928967999956],[106.92176765200009,-6.304961804999834],[106.92176194100006,-6.304997496999931],[106.92174909200014,-6.3050388989998964],[106.9217305320002,-6.305088867999871],[106.92170961100015,-6.305135358999962],[106.92170483400002,-6.305145974999959],[106.92165772100014,-6.305210219999935],[106.92160632500014,-6.305265899999938],[106.9216002760001,-6.3052716459998805],[106.92158811600018,-6.30528319799987],[106.92152066400007,-6.305347276999953],[106.92146212900013,-6.305412949999948],[106.92144270300014,-6.305447231999949],[106.9214378590001,-6.305455780999921],[106.92142786500011,-6.305497182999886],[106.92142501000018,-6.305524308999907],[106.92142582100013,-6.305527389999895],[106.92142701000017,-6.305531909999843],[106.92143214800006,-6.305551434999927],[106.92143901000009,-6.3055636339998955],[106.92144499700015,-6.305574277999881],[106.92146926800007,-6.305598547999921],[106.92153922400018,-6.305667076999839],[106.92158386600016,-6.305721639999888],[106.92159062000019,-6.305729894999956],[106.92160489700001,-6.305769869999892],[106.92160775200017,-6.305801277999933],[106.92161060800004,-6.30585981299987],[106.92161489100016,-6.30592691399994],[106.92160918000013,-6.305991158999916],[106.92160061400011,-6.306062542999939],[106.92158633700012,-6.306118222999942],[106.92156206700002,-6.306199599999843],[106.92153636800015,-6.306280977999904],[106.9215220920002,-6.306343795999965],[106.92151209800011,-6.306392336999977],[106.92150353200009,-6.306456581999953],[106.92150210400013,-6.306507977999956],[106.92150210400013,-6.306542242999967],[106.92151209800011,-6.3066007769999715],[106.92153208500002,-6.3066550289999554],[106.92154350700008,-6.30670071499992],[106.92154779000003,-6.306764959999896],[106.92154921800011,-6.3068420549998905],[106.9215520730001,-6.306923431999962],[106.921556356,-6.307049067999969],[106.92156206700002,-6.307218960999876],[106.92156063900012,-6.307366011999875],[106.92155921100016,-6.307425973999955],[106.92154636200007,-6.307455955999956],[106.92151638100017,-6.3074673769999094],[106.92149967900019,-6.30746904699987],[106.92148782700013,-6.3074702319999005],[106.92144499700015,-6.307465948999891],[106.92139502800018,-6.307451672999946],[106.92124940500008,-6.307338885999968],[106.92117873200004,-6.30728198099996],[106.92113947400014,-6.307250369999906],[106.92113625200005,-6.307249534999926],[106.92110092700005,-6.307240375999868],[106.9210787250002,-6.307238844999858],[106.9210595240001,-6.307237520999934],[106.92102240500014,-6.307233237999924],[106.9209752920001,-6.307240375999868],[106.92095815900018,-6.307254652999916],[106.92094531000009,-6.307281778999936],[106.92093960000017,-6.307321753999872],[106.92093817200004,-6.30735601799995],[106.920946738,-6.307393137999895],[106.92095815900018,-6.307427401999917],[106.92102370900011,-6.307554403999916],[106.92102668800004,-6.307560175999981],[106.92115375100019,-6.30773006999982],[106.92117121400014,-6.30775432299987],[106.92117944900019,-6.307765760999928],[106.92118373200009,-6.307792886999948],[106.9211765940002,-6.30782572399994],[106.92115660600018,-6.307854276999876],[106.92093531700004,-6.307961352999939],[106.9208910590001,-6.307977057999892],[106.92081539200018,-6.308024170999886],[106.9207040330001,-6.308112686999948],[106.9206783350001,-6.308148378999874],[106.9206526370001,-6.308205485999963],[106.92064692600007,-6.308241177999832],[106.92064692600007,-6.308321127999875],[106.92065977500016,-6.308379661999936],[106.92068975600006,-6.308438196999873],[106.92072490400017,-6.308516927999904],[106.92072544799998,-6.308518146999916],[106.92077679300007,-6.308595164999815],[106.92078255500019,-6.308603807999816],[106.92082993800011,-6.308681849999971],[106.9208735850001,-6.30875373799995],[106.92087963700004,-6.308763706999969],[106.92092267300006,-6.308819734999929],[106.92095530400019,-6.308862216999955],[106.92100670000019,-6.308913612999959],[106.92103883200019,-6.308944740999948],[106.92105238600004,-6.308957870999961],[106.92109093300013,-6.308993562999888],[106.92112091500013,-6.30902639999988],[106.92114200200018,-6.309051208999961],[106.92114518500017,-6.309054952999929],[106.92116374500011,-6.309087789999978],[106.9211808770001,-6.309134902999972],[106.92118832900019,-6.309163312999942],[106.92120372000016,-6.309221991999891],[106.921212836,-6.309363952999831],[106.92121371300016,-6.309377607999977],[106.92121286100013,-6.3094091359999425],[106.92121068400019,-6.309489687999928],[106.92120943000009,-6.30953607999993],[106.92119465400009,-6.309642677999875],[106.92118944300012,-6.309680275999881],[106.92114946800012,-6.309820187999833],[106.92112203800014,-6.309913250999955],[106.92112203100004,-6.309913275999975],[106.92110949300007,-6.3099558169999455],[106.92108379500007,-6.310070030999896],[106.92106975100018,-6.310116035999954],[106.92106430100006,-6.31013389099985],[106.92104239200012,-6.310205660999941],[106.92103192700006,-6.310253061999958],[106.92103112100017,-6.310256710999965],[106.92101812200008,-6.310315591999938],[106.92101654700019,-6.3103227489999085],[106.92101000700018,-6.310352475999821],[106.92100241700012,-6.310386975999904],[106.92099032900018,-6.310449430999938],[106.92098380400006,-6.310483143999875],[106.9209776400001,-6.310514993999959],[106.92097671900012,-6.310519749999969],[106.92095805200006,-6.3105992589999005],[106.92094623900005,-6.310649572999978],[106.92093817200004,-6.310683931999961],[106.9209254430001,-6.310744104999969],[106.9209120980002,-6.3108071949999385],[106.92091054600007,-6.310814529999959],[106.92090676300018,-6.3108324109999785],[106.92089534200005,-6.310889517999954],[106.92089178600008,-6.310904204999815],[106.92088098200009,-6.310948830999962],[106.92086439600013,-6.311017334999917],[106.92086277800018,-6.311024019999934],[106.92086250500006,-6.3110251469999525],[106.92085254300014,-6.311064665999936],[106.92083200600013,-6.311146136999923],[106.92083022100007,-6.311153216999969],[106.92081714100004,-6.311205105999932],[106.92080313600002,-6.311260664999907],[106.92078519400013,-6.311331839999923],[106.9207730330001,-6.31138008399995],[106.92077009000013,-6.3113917579999],[106.92074542000006,-6.3114896239999325],[106.92073258600004,-6.311540537999974],[106.92072591300013,-6.311564845999953],[106.9207256160002,-6.311565928999926],[106.9206953690001,-6.31167611799998],[106.92066875800009,-6.311773057999915],[106.92066821400005,-6.3117750399999295],[106.9206526370001,-6.311831783999935],[106.92064714500003,-6.311859239999876],[106.92064129100004,-6.311888510999893],[106.92063550400019,-6.311917444999892],[106.92062731200008,-6.31195123699996],[106.9206244360002,-6.311963099999957],[106.92062408300006,-6.311964557999886],[106.9206233390002,-6.311971500999903],[106.92061980000017,-6.312004532999822],[106.92062225600017,-6.312022541999966],[106.92062408300006,-6.312035941999909],[106.92062966600008,-6.312052691999895],[106.9206344860001,-6.312067150999951],[106.92063550400019,-6.31207020599993],[106.92064002600006,-6.312076309999895],[106.92066405800006,-6.312108753999894],[106.9206683760001,-6.312114948999977],[106.9206936180002,-6.312151164999875],[106.92072973100011,-6.312202979999881],[106.92073441100013,-6.312208716999919],[106.92073815300006,-6.312213303999954],[106.92077398900005,-6.312257231999922],[106.92078446900018,-6.3122688139999354],[106.92079145300005,-6.3122765339999205],[106.92080111500013,-6.312287212999934],[106.9208282410001,-6.312311483999906],[106.92084669000008,-6.312320707999959],[106.92085965000012,-6.31232718799987],[106.92089676900008,-6.312331470999936],[106.92093674400007,-6.312332898999898],[106.92097296300017,-6.312329183999964],[106.92098239800015,-6.312328215999969],[106.92099242400008,-6.31232718799987],[106.92103637600013,-6.312313251999967],[106.92105095800014,-6.312308627999926],[106.92108237300016,-6.312299184999972],[106.92115244100006,-6.312278123999874],[106.92127782200004,-6.31224043799989],[106.92127961600005,-6.312239898999906],[106.92129794600015,-6.3122343889999115],[106.92136219200012,-6.312224394999873],[106.92139931100007,-6.312224394999873],[106.9214040020002,-6.312225535999971],[106.9214138710002,-6.312227936999932],[106.92145213499998,-6.312237244999892],[106.92148782700013,-6.312252948999856],[106.92150801200012,-6.3122618679999505],[106.92154921800011,-6.312280074999876],[106.92155556500006,-6.3122858849999375],[106.92162056500007,-6.312345387999869],[106.92164254600004,-6.31236550999995],[106.92168589300019,-6.312405189999936],[106.92174051600017,-6.3124551929998916],[106.92175581300006,-6.312469196999871],[106.9218030130001,-6.312512404999893],[106.92181680300018,-6.312525028999971],[106.92183618000007,-6.312542766999854],[106.92187381100007,-6.312583437999933],[106.9218974050001,-6.312608938999915],[106.92196101600013,-6.312677690999919],[106.92197752000004,-6.312695528999882],[106.92198600900014,-6.312705254999969],[106.9220426130002,-6.312770112999942],[106.92204604900013,-6.312774050999963],[106.92204995800017,-6.312779154999873],[106.92208341100019,-6.312822828999913],[106.92209495800017,-6.312837904999924],[106.92209744500013,-6.312841151999919],[106.92212171600005,-6.312881126999969],[106.92214170300002,-6.312928239999962],[106.92215883500006,-6.312971069999946],[106.92217025700012,-6.31300961799991],[106.92219881000005,-6.313130969999918],[106.92221451500001,-6.313196642999969],[106.92223450200015,-6.313269454999954],[106.92224496400013,-6.313397327999951],[106.92224735100007,-6.313426498999945],[106.92225591700009,-6.3135721219999255],[106.92226162800011,-6.31370489599982],[106.92227115500009,-6.313769198999978],[106.92227305000017,-6.313781990999871],[106.92227703600014,-6.313802389999978],[106.92227936200015,-6.3138142929998935],[106.92228095300004,-6.313822436999942],[106.92228124900004,-6.313823951999893],[106.92229732000004,-6.313906198999973],[106.92230612700013,-6.313925574999871],[106.92232449900007,-6.313965991999908],[106.92232587400008,-6.31396901599993],[106.92235299900011,-6.314007563999894],[106.92236229600007,-6.314015827999981],[106.92239154700013,-6.314041827999972],[106.92242866600009,-6.314064670999926],[106.92249005600019,-6.314078946999928],[106.92249414500009,-6.314078946999928],[106.92251852700014,-6.314078946999928],[106.9225385970002,-6.314078946999928],[106.92258285500014,-6.314064670999926],[106.92264139000008,-6.31405182199984],[106.9226468170001,-6.314051218999964],[106.92266683400004,-6.3140489949999505],[106.92269278600008,-6.314046110999811],[106.92273418900004,-6.314056104999906],[106.9227670260002,-6.314074663999861],[106.92278891000001,-6.314102307999917],[106.922794151,-6.314108928999929],[106.9227985190002,-6.314117663999866],[106.92281128400009,-6.31414319299995],[106.92281842200015,-6.314188877999811],[106.92281699400007,-6.314253123999947],[106.92279986200003,-6.314310230999979],[106.92276988100014,-6.314367337999897],[106.9227127740001,-6.314452998999968],[106.92261712000004,-6.31456150199989],[106.9224872010002,-6.314769942999931],[106.92241439000014,-6.3149069999998915],[106.92229874800017,-6.315135427999962],[106.92225020700016,-6.315223943999911],[106.92218596100014,-6.3152896169998485],[106.9221359930001,-6.315332446999946],[106.92208174100006,-6.315383843999825],[106.92203891100007,-6.315445233999924],[106.92201178500011,-6.315485208999974],[106.9219489670001,-6.315610843999934],[106.92192041300001,-6.315680800999871],[106.9219075640001,-6.315750756999876],[106.92190899200006,-6.315799297999831],[106.92192612400004,-6.315844982999977],[106.92195989300012,-6.31590287299997],[106.92196609900009,-6.315913511999952],[106.9220246340002,-6.315977756999928],[106.92207745800016,-6.3160177319999775],[106.92212457100004,-6.31606198999998],[106.92215938000015,-6.316106169999898],[106.9221616910001,-6.316109103999963],[106.92219024400003,-6.316156216999957],[106.92221023200011,-6.31621189599997],[106.92222450900016,-6.316278996999927],[106.92223735800007,-6.31634181499993],[106.92224449600013,-6.316397493999943],[106.92224164100014,-6.316448890999936],[106.9222273640001,-6.31650028699994],[106.9222130870001,-6.316541689999951],[106.92217168400015,-6.316607362999889],[106.92211743300015,-6.31669016799998],[106.92205318700019,-6.316771544999881],[106.92200321900015,-6.3168300799999315],[106.92197466500005,-6.316875765999896],[106.9219589610002,-6.316915740999832],[106.92194753900014,-6.31698569699995],[106.92194325600008,-6.317034237999962],[106.92194182900005,-6.317092772999899],[106.92195039500018,-6.317147023999951],[106.92196609900009,-6.317201275999935],[106.9219860870001,-6.31726266599992],[106.92200179100018,-6.317315489999942],[106.92202035100013,-6.317372596999974],[106.92203605499998,-6.317426848999844],[106.92204747700004,-6.317481100999885],[106.92204319400014,-6.317522502999964],[106.92202606100005,-6.317576754999891],[106.92200179100018,-6.3176138749999495],[106.92195467800013,-6.317652421999924],[106.9219075640001,-6.317682402999935],[106.92181048200007,-6.317739509999967],[106.92174766500011,-6.317772346999902],[106.92170483400002,-6.317800899999952],[106.92167628100009,-6.317832308999925],[106.92164201600019,-6.31789798199992],[106.92160489700001,-6.317949378999913],[106.9215777710001,-6.317980787999943],[106.92154207900018,-6.31801219599987],[106.92146498500017,-6.318072158999939],[106.92140787800014,-6.318119271999933],[106.92135505300013,-6.318137831999877],[106.92134901900016,-6.318138186999818],[106.92130651200011,-6.318140686999925],[106.92127510400019,-6.318130693999819],[106.92124655000015,-6.3181035679999695],[106.9211765940002,-6.318022189999965],[106.92113376400005,-6.317975076999971],[106.92109949900015,-6.317949378999913],[106.92106603000013,-6.317935179999893],[106.92105238600004,-6.31792939099995],[106.92101098300009,-6.31792939099995],[106.9209752920001,-6.317947950999951],[106.92092104000005,-6.317986497999868],[106.92087535400015,-6.318016478999937],[106.92084537300008,-6.318035038999881],[106.92081681900004,-6.3180821529999776],[106.920799687,-6.318140686999925],[106.92078112700011,-6.318199221999976],[106.92075971200018,-6.318262039999922],[106.92073115900001,-6.318323429999964],[106.92071688200019,-6.318363404999957],[106.92071259900013,-6.318407662999903],[106.92071259900013,-6.3184619149999435],[106.92071973700018,-6.318511882999928],[106.92074543600006,-6.318580411999903],[106.9207954040001,-6.318666071999871],[106.92083325600004,-6.318727894999938],[106.92083823500019,-6.318736027999876],[106.92089534200005,-6.31881740599988],[106.92095530400019,-6.318901638999932],[106.92110806500011,-6.319110079999916],[106.9211437570001,-6.319148626999947],[106.92116407900016,-6.319178093999881],[106.92117231100013,-6.319190029999959],[106.92118658800013,-6.319251419999887],[106.92118658800013,-6.319294249999814],[106.92118373200009,-6.319339935999949],[106.92117802200016,-6.319382765999933],[106.92115375100019,-6.319431306999945],[106.9211152040001,-6.319474136999929],[106.92106809000012,-6.31950840199994],[106.92101526599998,-6.319556942999952],[106.92091390100006,-6.319625470999938],[106.9208896310002,-6.319669728999884],[106.92087963700004,-6.319713986999886],[106.92087963700004,-6.31976538299989],[106.92088392000016,-6.319826772999818],[106.92089227700006,-6.319900594999979],[106.92089248600013,-6.319902439999964],[106.92091831000016,-6.3199376539999434],[106.92092389500016,-6.319945270999938],[106.92095102100012,-6.319996666999941],[106.92095991800005,-6.3200263239999686],[106.92096387000004,-6.320039496999925],[106.92096387000004,-6.320073230999981],[106.92096387000004,-6.320089465999956],[106.92096387000004,-6.3201394349999305],[106.92094531000009,-6.3202008249998585],[106.92091818400013,-6.320269352999844],[106.92089391400009,-6.320325032999904],[106.92087508200012,-6.320349889999932],[106.92085822200016,-6.320372145999897],[106.92081824700011,-6.320402126999909],[106.9207502550002,-6.320438737999893],[106.9207440080001,-6.320442101999902],[106.92067976200013,-6.320472082999913],[106.9206226550001,-6.320509202999972],[106.92060552300012,-6.32053918399987],[106.9205969570001,-6.320589152999901],[106.92058553600015,-6.32071193299987],[106.92058515600013,-6.3207252389998985],[106.92058125300008,-6.320861838999917],[106.92054556100015,-6.321181637999928],[106.92055555500008,-6.32126587099998],[106.92057786600003,-6.321320532999948],[106.92058080500004,-6.321327733999908],[106.92058410800001,-6.321335827999974],[106.92060261800015,-6.321353874999943],[106.92064121500005,-6.321391506999873],[106.92069975000004,-6.321407210999951],[106.9207440080001,-6.3214100669998174],[106.92080397000012,-6.321415776999913],[106.92085965000012,-6.32143148199998],[106.92090533500004,-6.321452896999972],[106.92092837300004,-6.321469731999969],[106.92097957500016,-6.321507148999956],[106.92099621300014,-6.321519297999885],[106.92101565500013,-6.32153349299989],[106.92106951800008,-6.3215728219999505],[106.92109292900011,-6.321604400999888],[106.92109530200008,-6.321607600999926],[106.92111108600011,-6.321628890999875],[106.92112957900014,-6.321653833999903],[106.92113090800018,-6.3216556269998705],[106.92113268200012,-6.32165843599995],[106.92113346500008,-6.321659674999864],[106.92118230500006,-6.321737004999932],[106.92121228600013,-6.321801249999851],[106.92121537100013,-6.321811188999959],[106.92122513500004,-6.321842652999976],[106.9212351290002,-6.321884054999941],[106.92124302400003,-6.321896973999969],[106.92125083300004,-6.3219097539999325],[106.92129651900012,-6.321935451999934],[106.92134792500008,-6.32195986999983],[106.9213536260001,-6.321962577999955],[106.92136362000008,-6.32199969699991],[106.92136504700011,-6.322055376999913],[106.92137075800014,-6.322119621999889],[106.92135933700013,-6.32220528299996],[106.9213393490001,-6.322259533999954],[106.92132507200006,-6.322316640999929],[106.92130365700018,-6.322376603999942],[106.9212957810002,-6.322423856999933],[106.9212936630002,-6.322436565999908],[106.9212879530001,-6.322496528999977],[106.92129509100016,-6.322530792999885],[106.92131253899998,-6.32256568899993],[106.92131793400017,-6.322576478999963],[106.92139074500005,-6.322632157999919],[106.92146926800007,-6.322682126999894],[106.92154207900018,-6.322716390999972],[106.92159633100005,-6.322752082999898],[106.9216280980001,-6.322792085999936],[106.92163487800013,-6.3228006239998535],[106.92163765100008,-6.322808017999932],[106.92165629300018,-6.322857730999942],[106.92166200400004,-6.322914837999974],[106.92165343800008,-6.323087586999975],[106.92163773300007,-6.3232931719999215],[106.92163630600004,-6.3234031029999755],[106.92163345000017,-6.32346449299996],[106.92162345700012,-6.323584417999939],[106.92161917400006,-6.323635814999932],[106.92160489700001,-6.323688638999954],[106.9215777710001,-6.323750028999882],[106.92154493400011,-6.323805707999952],[106.92153494100012,-6.323847110999907],[106.92152923000009,-6.32390707299993],[106.92153494100012,-6.323961324999971],[106.92154207900018,-6.324014148999879],[106.92153779600005,-6.324059834999957],[106.92153351300016,-6.324106947999951],[106.9215249470002,-6.324142639999934],[106.92150781500015,-6.324185469999861],[106.92148354400001,-6.324219733999939],[106.92141358800012,-6.324303966999878],[106.92136647500018,-6.324342513999966],[106.92131507900001,-6.324373922999882],[106.921266538,-6.32439676599995],[106.92120603300009,-6.324418767999873],[106.92115660600018,-6.324436740999943],[106.92112332100015,-6.324439514999938],[106.9210880780002,-6.324442451999971],[106.92102526000014,-6.324448162999943],[106.92099099600011,-6.324456728999905],[106.92096672500014,-6.324486709999917],[106.92093960000017,-6.324528111999939],[106.9209134300001,-6.324567763999937],[106.92089248600013,-6.324599495999905],[106.92088389400016,-6.324606297999935],[106.92085822200016,-6.324626621999926],[106.92081681900004,-6.3246494649998795],[106.92078826600005,-6.324683728999958],[106.92076256800004,-6.324719420999884],[106.92073115900001,-6.324777955999934],[106.92072259300005,-6.32481793099987],[106.92070831600017,-6.324866471999883],[106.92068690100012,-6.3249164399999245],[106.92064835400004,-6.324964980999937],[106.92059838500006,-6.325013521999892],[106.92056269300014,-6.325039220999884],[106.92050273100017,-6.325057779999895],[106.92044847900007,-6.325057779999895],[106.92036852900003,-6.325053496999828],[106.92030999400009,-6.325044930999979],[106.92024860400016,-6.325044930999979],[106.9201072640002,-6.3250563529999795],[106.91995731000003,-6.32506346699995],[106.91984309600019,-6.325073460999874],[106.91974530099998,-6.325097731999847],[106.91974322499999,-6.325098018999938],[106.91973631400003,-6.325098972999967],[106.91961609600008,-6.325115577999895],[106.91954542600007,-6.325111294999886],[106.91949883000012,-6.3251044199999455],[106.919489048,-6.325102976999915],[106.91948014200017,-6.325101662999884],[106.91945833800014,-6.3250984449999805],[106.91940979700013,-6.325102727999877],[106.91936054200005,-6.325110580999933],[106.91935992800018,-6.325110669999958],[106.91934455300009,-6.3251129059999585],[106.91933944500016,-6.325113648999832],[106.91932128100007,-6.325116290999972],[106.91930129300005,-6.325122715999953],[106.91928130600007,-6.325141275999897],[106.9192634600002,-6.325164118999908],[106.9192538330002,-6.325175058999946],[106.91924775500007,-6.325181964999956],[106.91921848800018,-6.325201951999929],[106.91919064800004,-6.325216228999977],[106.91916972400008,-6.325220627999954],[106.91915381700011,-6.325223972999879],[106.91911679100002,-6.325231757999916],[106.91911202200009,-6.325232760999825],[106.91910492800002,-6.325234252999962],[106.9190656670001,-6.325241391999896],[106.91903830300015,-6.325262806999888],[106.91900737000014,-6.3253103959999635],[106.91898119600012,-6.325361553999926],[106.91896335000007,-6.325410332999866],[106.91895026300011,-6.325463870999954],[106.91894312500006,-6.325515029999906],[106.91893598600012,-6.325585223999951],[106.91893717600004,-6.325644709999892],[106.91893773700014,-6.325646289999952],[106.91895026300011,-6.32568159199991],[106.91897167800005,-6.32571133499988],[106.91901212900007,-6.325737508999907],[106.91902851900005,-6.325746496999955],[106.91905579600007,-6.325761455999952],[106.91908589200006,-6.325777959999925],[106.9191418100001,-6.325810082999965],[106.91917393200009,-6.32584101599997],[106.91919610400015,-6.325876287999961],[106.919200107,-6.325882655999862],[106.91920604000006,-6.325892860999886],[106.91921047900018,-6.325900495999917],[106.91921449300014,-6.325907399999949],[106.91922985000008,-6.325933814999928],[106.91925007500004,-6.325995680999881],[106.91926078300008,-6.326034941999922],[106.91926078300008,-6.326073012999871],[106.91926078300008,-6.326153016999854],[106.91926078300008,-6.326181278999968],[106.91924888500012,-6.326277646999927],[106.919234609,-6.326339512999937],[106.91920486500004,-6.326389481999968],[106.9191763120001,-6.3264346909999745],[106.91916560400011,-6.326457295999887],[106.91915489700017,-6.32648941899987],[106.91914596800007,-6.326503704999823],[106.91913110200005,-6.326527489999933],[106.91908375300017,-6.326566754999874],[106.91908232300005,-6.326567940999894],[106.91896335000007,-6.3266524119998735],[106.91890198100003,-6.326693900999942],[106.91885623700017,-6.326724825999975],[106.91879440800011,-6.3267666259998805],[106.91876041500007,-6.3267885649999585],[106.9185442430001,-6.326928081999938],[106.91845144400014,-6.32700541499986],[106.91837292200006,-6.327086316999953],[106.9183404630001,-6.327150219999851],[106.91833485000012,-6.327161269999976],[106.91831938400009,-6.327251688999979],[106.91835050900005,-6.327252648999888],[106.91870637700003,-6.327263621999975],[106.91907329000009,-6.327262193999957],[106.91920749200017,-6.327263621999975],[106.91924175600019,-6.327267904999815],[106.91927602000015,-6.327276470999891],[106.91936881900011,-6.327307879999921],[106.91943592000007,-6.32734499999998],[106.91944390400005,-6.327352983999901],[106.91946875700006,-6.3273778359999255],[106.9195187250001,-6.327420666999842],[106.91955013400013,-6.32745207499994],[106.91960438600017,-6.327480628999922],[106.91981425400013,-6.327534880999963],[106.91982071700005,-6.327537863999964],[106.91990705300009,-6.327577710999947],[106.91992386500004,-6.327585621999901],[106.9199555940001,-6.327600553999957],[106.91998700300013,-6.327623396999911],[106.92001412900004,-6.327651949999961],[106.92003697200005,-6.327679075999981],[106.92005410400009,-6.327709056999879],[106.92006695300017,-6.327737610999975],[106.92007980200003,-6.327770446999921],[106.92008551300006,-6.327814704999923],[106.92008551300006,-6.32785753599984],[106.920078375,-6.327911786999891],[106.92006838100008,-6.32796889399998],[106.92002412300013,-6.328205888999889],[106.91998763300018,-6.3284402649999265],[106.91998700300013,-6.328444310999885],[106.91998243100011,-6.328464334999865],[106.92004100000003,-6.328487999999936],[106.92020945300004,-6.328578273999881],[106.92028297800016,-6.328618248999874],[106.92028940200015,-6.328622443999961],[106.92030219700007,-6.328630799999871],[106.92031795600002,-6.328641091999941],[106.92034294100006,-6.328664648999904],[106.92036578400007,-6.328690346999906],[106.92039433700006,-6.328740315999937],[106.92044644700013,-6.3288159819999805],[106.92045009400016,-6.328822772999956],[106.92046714900005,-6.328854529999887],[106.92049356100011,-6.328923057999873],[106.9205035540001,-6.328958749999913],[106.9205035540001,-6.328992300999914],[106.92049855800008,-6.329014429999972],[106.92048608200008,-6.329025123999884],[106.92046857600008,-6.329040127999974],[106.92041718000007,-6.329064397999957],[106.92041227200019,-6.329067702999964],[106.92040859700018,-6.329070177999881],[106.92038220200004,-6.3290879549998635],[106.92035007900012,-6.3291186499998275],[106.92032438100011,-6.329146489999971],[106.9203079630002,-6.329172187999973],[106.92030225200017,-6.32919574399989],[106.92029939700018,-6.329220728999928],[106.92029725500004,-6.32926213099995],[106.92030011100007,-6.32929782299982],[106.92030368000013,-6.329327090999925],[106.9203122460001,-6.329360640999937],[106.92032550200014,-6.3294262429999435],[106.9203343750001,-6.329470155999957],[106.92034971800018,-6.329529665999814],[106.92035125200016,-6.329535617999966],[106.92035793100007,-6.329561526999953],[106.92040147600005,-6.329694300999847],[106.92044199999998,-6.329806999999846],[106.92047074200008,-6.329845872999954],[106.92050405400016,-6.329882039999916],[106.92051833100004,-6.329901075999885],[106.92053641500007,-6.329950568999891],[106.92054783600008,-6.329997205999973],[106.9205611610002,-6.330040987999951],[106.92056306500018,-6.330079059999889],[106.92056306500018,-6.330100542999958],[106.92056306500018,-6.330108564999932],[106.92055991600017,-6.3301204349999125],[106.92055951200012,-6.33012195799995],[106.92055797500012,-6.330127749999917],[106.92055069200012,-6.330155202999947],[106.92053641500007,-6.330187562999981],[106.92052975200016,-6.33021516499997],[106.92052118600014,-6.330254187999969],[106.92051833100004,-6.330336041999942],[106.92051642700005,-6.33039029299988],[106.92052118600014,-6.330426460999945],[106.92052784900011,-6.330443592999927],[106.9205430770001,-6.330461676999903],[106.92055830600003,-6.330472146999966],[106.92059447399998,-6.3304968929999745],[106.92062969000006,-6.330521639999915],[106.9206877490002,-6.3305492409999715],[106.92073343400011,-6.330568276999941],[106.92079815600016,-6.33059683099998],[106.92081828800008,-6.3306081329999415],[106.9208524070001,-6.33062728799996],[106.920887623,-6.3306482269999265],[106.92089355400009,-6.330652674999897],[106.92092569500016,-6.330676779999976],[106.92093520100002,-6.330684091999956],[106.920938068,-6.330686297999932],[106.92094377900003,-6.330699622999873],[106.92094663400019,-6.330714851999915],[106.92094948900018,-6.330746260999945],[106.9209542480001,-6.330780524999909],[106.9209542480001,-6.330816692999974],[106.9209542480001,-6.330854763999923],[106.9209542480001,-6.330901401999881],[106.92095139300017,-6.330939472999944],[106.9209447300002,-6.330976592999889],[106.92092664600011,-6.331047024999862],[106.92092093600019,-6.331093661999887],[106.92091427300011,-6.331139347999965],[106.92091046600007,-6.33116314199998],[106.92090570700009,-6.331210731999818],[106.92090570700009,-6.331239284999981],[106.92090963100009,-6.3312712379999425],[106.92091237,-6.331293536999908],[106.92091269000002,-6.331297510999889],[106.92091595200014,-6.331337959999928],[106.92091712900014,-6.331352546999938],[106.92091451300013,-6.331461078999837],[106.92091332100017,-6.3315105439999115],[106.92091712900014,-6.331556228999887],[106.9209190320002,-6.331673298999874],[106.92091427300011,-6.331726598999978],[106.92090380400003,-6.331777042999931],[106.92088572000011,-6.331831294999915],[106.920861925,-6.331917906999877],[106.92086002100007,-6.3319578819999265],[106.9208597540001,-6.331963661999964],[106.92085716600008,-6.33201974799988],[106.92084479300019,-6.332065433999901],[106.92084098600014,-6.332092083999896],[106.9208305160002,-6.332139672999915],[106.92080577000007,-6.332192020999912],[106.92079244500013,-6.332239609999931],[106.92078102300007,-6.332273874999942],[106.92077816800008,-6.332291958999917],[106.92078197500018,-6.3323661979999315],[106.92078124900007,-6.3324039579998725],[106.92078102300007,-6.332415690999937],[106.92077877900005,-6.332458331999931],[106.92077816800008,-6.332469941999932],[106.92077340900016,-6.332508964999931],[106.92077150600011,-6.332552747999898],[106.9207610360001,-6.332617468999956],[106.92074580700017,-6.332666961999962],[106.9207258200002,-6.3326983709998785],[106.92068299000005,-6.332759284999952],[106.92065062900014,-6.332812584999942],[106.92061541300006,-6.332861125999955],[106.92059732900015,-6.332892534999871],[106.92059542500016,-6.332908714999974],[106.92060113600019,-6.3329315579999275],[106.92060645800012,-6.332948704999978],[106.92060894700006,-6.3329567259999635],[106.92060970200004,-6.33295915899987],[106.92061205600004,-6.332975635999901],[106.92061255800007,-6.332979146999946],[106.9206087500001,-6.333008651999876],[106.92057987200002,-6.333055196999908],[106.92056457200005,-6.3330798579999055],[106.92056376800014,-6.333081152999966],[106.92053954300019,-6.333120198999893],[106.92052784900011,-6.333139046999918],[106.92051353300013,-6.333156582999948],[106.92050337000012,-6.333169031999944],[106.92049088700003,-6.333184323999944],[106.92048977700011,-6.333185683999886],[106.92045265800016,-6.3332247069999426],[106.92033698900013,-6.33330779299996],[106.92033347500018,-6.333310316999814],[106.9203175040002,-6.333321788999967],[106.9201718810001,-6.3333998359999555],[106.92007099200003,-6.333449327999858],[106.9200043670001,-6.333452183999896],[106.91994440500014,-6.333459797999922],[106.91991299600011,-6.3334702679998145],[106.9198796840002,-6.333494061999829],[106.91986255100011,-6.33351595299996],[106.9198292390002,-6.333550217999857],[106.91979116800013,-6.333571156999881],[106.91975785500017,-6.333588288999977],[106.9197388190002,-6.333613986999978],[106.91971883200006,-6.333636829999932],[106.9197131210002,-6.333660624999936],[106.91971502500019,-6.333686322999938],[106.91972988500015,-6.3337229009999305],[106.91973977100008,-6.333747236999898],[106.91976247700018,-6.333782965999944],[106.91980449300013,-6.3338490779999574],[106.91982352800017,-6.333895714999926],[106.91983304600006,-6.333929979999937],[106.91983495000005,-6.333949014999973],[106.91983399800017,-6.3339699549999295],[106.9198292390002,-6.333988037999916],[106.91982352800017,-6.334007073999885],[106.91981876900002,-6.3340203989999395],[106.91980258900014,-6.334046096999941],[106.91977403500005,-6.33407369899993],[106.91976166200004,-6.334095589999947],[106.91974548200011,-6.334129853999855],[106.91973977100008,-6.334161262999942],[106.9197378680002,-6.3341869609999435],[106.91974167500007,-6.33422979199986],[106.91974167500007,-6.334255081999913],[106.91974167500007,-6.334260248999897],[106.91973863800007,-6.334278973999915],[106.91973596400004,-6.334295464999968],[106.91972739800019,-6.334326873999885],[106.91970931400016,-6.334370655999976],[106.91969884500008,-6.3344030159998965],[106.9196940860001,-6.334424906999914],[106.91969034200014,-6.33446056799994],[106.91969414900001,-6.334504349999918],[106.91971318500003,-6.334550034999893],[106.91974078600009,-6.334597624999901],[106.9197484010001,-6.334613804999947],[106.91974649700012,-6.334642357999883],[106.91973888299998,-6.334669007999878],[106.91972079900012,-6.334691850999889],[106.91967987200019,-6.334732777999932],[106.91964846300016,-6.3347537169999555],[106.91960973300013,-6.334777550999888],[106.91959897100014,-6.3347841739998785],[106.91957517600002,-6.334823196999935],[106.91956360600017,-6.334857297999974],[106.91955709200016,-6.3348764969998115],[106.91954947800008,-6.334925037999938],[106.91954852600014,-6.3349573989998476],[106.91956185100008,-6.334983096999906],[106.91956375500007,-6.335007843999847],[106.91955614000005,-6.335026878999884],[106.9195447190001,-6.33503734899989],[106.91950474400011,-6.335067805999927],[106.91949246900003,-6.335083490999978],[106.91948761200007,-6.335089696999944],[106.91948856400018,-6.335115394999946],[106.9194942740001,-6.335144900999978],[106.9194942740001,-6.335202958999901],[106.91950093700001,-6.335251499999913],[106.91951521400006,-6.335288619999972],[106.91952416700019,-6.335311562999948],[106.91953044200005,-6.335327642999914],[106.91954281500011,-6.335361906999935],[106.91954947800008,-6.335397122999893],[106.91955233300018,-6.3354285319999235],[106.91955000200011,-6.335443518999909],[106.91954567099998,-6.335471362999897],[106.91954376700005,-6.335496108999905],[106.91954871200016,-6.335544846999937],[106.91955043000013,-6.335561781999957],[106.91957708000001,-6.335630310999932],[106.91961170500014,-6.335688269999935],[106.9196208620001,-6.335703597999952],[106.91965227100013,-6.3357626089998575],[106.91967130600017,-6.335818763999953],[106.91967416200009,-6.33583970299992],[106.9196770170002,-6.335869208999952],[106.91968748700003,-6.335910134999892],[106.91969986000004,-6.335962482999946],[106.91970207800006,-6.3360053749999565],[106.9197027150002,-6.3360176869999805],[106.91970270300004,-6.3360180609999475],[106.91970176300015,-6.336046239999973],[106.91968748700003,-6.336089070999947],[106.91966369200009,-6.336139514999957],[106.91965036700014,-6.336198525999862],[106.9196479470001,-6.336210998999832],[106.91963799400008,-6.336262295999973],[106.91963799400008,-6.336300366999922],[106.91964275300006,-6.336332727999945],[106.919645608,-6.336367943999846],[106.91965417400019,-6.336408869999957],[106.91966940300011,-6.336465025999871],[106.91968177600017,-6.336515469999881],[106.91968279700018,-6.336525070999869],[106.9196865350001,-6.336560203999966],[106.9196865350001,-6.336571443999901],[106.9196865350001,-6.336601130999952],[106.91968272800005,-6.336673465999979],[106.91966749900013,-6.336741994999954],[106.91964275300006,-6.33679053599991],[106.91960658500005,-6.336835269999881],[106.9195856460002,-6.336852401999977],[106.91952663500001,-6.336883810999893],[106.91946939100006,-6.336916709999969],[106.91944383000003,-6.336931399999912],[106.91937809600006,-6.336976733999961],[106.91936102500017,-6.336988506999944],[106.9193267600001,-6.337003735999872],[106.91932098100006,-6.337004767999872],[106.91930011000005,-6.337008493999974],[106.9192731060001,-6.337014078999914],[106.91924205100008,-6.3370246749998955],[106.91920683500001,-6.33704846899991],[106.91916793400009,-6.33707988999987],[106.91915734300005,-6.33708844399996],[106.91911831900018,-6.337121756999977],[106.91909642800005,-6.337146502999872],[106.91908024800011,-6.337176959999908],[106.91908094000019,-6.337203233999958],[106.91908120000005,-6.3372131279999735],[106.91908500700009,-6.337235970999814],[106.91909357300005,-6.337294029999896],[106.91911260900008,-6.337365413999976],[106.91912498200008,-6.337400629999934],[106.91914116200019,-6.337434893999841],[106.91914813900013,-6.337467451999942],[106.91915258400007,-6.337488193999889],[106.91915258400007,-6.337534830999914],[106.91914782500015,-6.337575757999957],[106.91914306600017,-6.33761573299995],[106.91912443500013,-6.337652304999892],[106.91912015200006,-6.337687282999923],[106.91911257500004,-6.337727159999929],[106.91910658900008,-6.337758666999889],[106.91910587500001,-6.337801496999873],[106.91911087199998,-6.337833619999969],[106.91911867800013,-6.337845558999959],[106.91912300700005,-6.33785217999997],[106.91913228700008,-6.337877877999972],[106.91913442800018,-6.3379021489999445],[106.91914513600017,-6.337927846999946],[106.91916369600011,-6.3379685359999485],[106.919176575,-6.337990825999896],[106.91920081500007,-6.338032780999924],[106.91921508200011,-6.338047855999946],[106.91923864900019,-6.33807275599986],[106.91928290700014,-6.338111302999948],[106.91933644500011,-6.338171265999904],[106.91938879600008,-6.338220931999956],[106.91939212400018,-6.338224089999926],[106.91943566800006,-6.338269774999901],[106.91945137300019,-6.338301183999931],[106.91945735100018,-6.338313994999908],[106.9194663630002,-6.338333306999914],[106.91947642200006,-6.338359650999962],[106.91948135400008,-6.338372567999954],[106.91948849200014,-6.33840469099988],[106.91949361800005,-6.338434417999963],[106.91949563100013,-6.338446092999845],[106.91949705800016,-6.338493920999895],[106.91950134100006,-6.3385174769998684],[106.91951276300011,-6.338541747999955],[106.91954060200004,-6.338567445999956],[106.91955640600008,-6.338582889999884],[106.91957201100007,-6.338598140999977],[106.9195841470002,-6.3386274079999225],[106.91958343300013,-6.33865738999998],[106.91957558100017,-6.338674521999906],[106.91956701400011,-6.338696650999964],[106.919553452,-6.338706643999899],[106.9195391780001,-6.338707172999932],[106.91953417800005,-6.338707357999965],[106.91951419000014,-6.338700933999974],[106.9194963440001,-6.338697364999916],[106.91947992600018,-6.338698791999946],[106.91947421500015,-6.338712354999927],[106.91946493600017,-6.338726631999975],[106.91945065900012,-6.338735911999947],[106.9194385240001,-6.338735197999938],[106.91937200000012,-6.338743999999963],[106.91935648900017,-6.338747952999938],[106.91930289400005,-6.338761609999835],[106.91915013300013,-6.338815147999981],[106.919031636,-6.338867971999946],[106.91896096600004,-6.33889010099989],[106.91893526800004,-6.3388943839999],[106.91889457900015,-6.33890223599991],[106.91886673900012,-6.338917226999911],[106.91885174800007,-6.338935072999959],[106.91882390900014,-6.3389643399999045],[106.91880393600019,-6.338980788999947],[106.91877536800013,-6.339004314999954],[106.91871897500016,-6.339033581999956],[106.91856407200004,-6.339096399999903],[106.91845771000015,-6.339131377999877],[106.91838275700007,-6.339156362999972],[106.91830231300014,-6.339163296999857],[106.91829995100017,-6.339163500999973],[106.91828567500005,-6.339166355999907],[106.91828408200018,-6.3391687459999275],[106.91827853600006,-6.339177063999841],[106.9182671150001,-6.339195623999956],[106.91825069700013,-6.339232742999911],[106.91823356500015,-6.339268434999951],[106.91823230400013,-6.339273363999894],[106.91822571200015,-6.339299129999972],[106.91822609700006,-6.339317612999935],[106.91822642599999,-6.33933339399988],[106.91822743100016,-6.339340641999968],[106.91822846700006,-6.33934811599994],[106.91822965699998,-6.339356701999975],[106.91823642000014,-6.339405491999912],[106.918233106,-6.339445927999975],[106.91823285100008,-6.339449035999962],[106.91822785400012,-6.339489010999955],[106.91822499800008,-6.339519705999919],[106.91821911900018,-6.3395413549999375],[106.91820960100011,-6.339556583999979],[106.91819342100001,-6.339568004999933],[106.91819342100001,-6.3395860889999085],[106.91820293900008,-6.3396003659999565],[106.91822483000004,-6.339614642999891],[106.91826004600011,-6.339636533999908],[106.91827622600005,-6.339656520999881],[106.918286696,-6.339700302999972],[106.9183028760001,-6.3397564589998865],[106.91832667100005,-6.339819275999957],[106.91835046500006,-6.339862106999931],[106.91838663300001,-6.339903032999928],[106.91840448800019,-6.339916869999854],[106.91842470500018,-6.3399325389999035],[106.91845040300018,-6.339949670999886],[106.91848181199998,-6.339965850999931],[106.91850084700008,-6.33997156199996],[106.91853891900018,-6.339974416999894],[106.91856652000007,-6.3399725139998395],[106.91859602600005,-6.339959188999956],[106.91860752000008,-6.339950061999957],[106.91862838600002,-6.339933490999897],[106.91863921300012,-6.33992367999997],[106.9186588440001,-6.339905888999908],[106.91869406000018,-6.3398849499999415],[106.91873784200004,-6.339871624999944],[106.91875878100007,-6.339868768999963],[106.91879590100012,-6.339869720999957],[106.91883016500014,-6.339876382999876],[106.91886538100005,-6.33988970799993],[106.9189177290001,-6.339920165999956],[106.91894194400004,-6.33994202599996],[106.91894950800014,-6.339948854999932],[106.91895059000007,-6.3399498319998315],[106.9190369010002,-6.340027751999969],[106.91905478600017,-6.340043897999976],[106.91910237500008,-6.340105763999929],[106.91912712200008,-6.340157159999933],[106.91915472300019,-6.340185712999869],[106.91918137300007,-6.34021045999998],[106.91920040900004,-6.340231398999947],[106.91921468600009,-6.340255193999951],[106.91921944500018,-6.340278036999962],[106.91922991400008,-6.340312300999869],[106.91924704600007,-6.340349419999939],[106.91929558700008,-6.3403989129999445],[106.91933270700014,-6.340449357999944],[106.91935840500014,-6.340494091999915],[106.91937173000008,-6.340527403999943],[106.91938410300014,-6.340561667999907],[106.91939171800016,-6.340594980999981],[106.91939171800016,-6.340638762999902],[106.91939171800016,-6.340669219999938],[106.9193923470001,-6.340672488999928],[106.91939328000012,-6.340677343999971],[106.9193964760002,-6.340693965999947],[106.91940218700006,-6.340721567999822],[106.91940229700003,-6.340722309999876],[106.9194059940001,-6.34074726599988],[106.91941170500013,-6.3407739159998755],[106.91941931900004,-6.340795806999836],[106.919427885,-6.3408148429999756],[106.9194459690001,-6.340837685999929],[106.9194521140002,-6.34084523599995],[106.91947928200011,-6.340878611999926],[106.91950022100013,-6.340927152999939],[106.91951449800018,-6.340967127999875],[106.91952972600018,-6.341007102999981],[106.91953543700004,-6.341030897999929],[106.9195373410002,-6.341059450999978],[106.91953924400008,-6.3410784869999475],[106.91955161700014,-6.341103233999945],[106.91956018300016,-6.341128931999947],[106.91957160500004,-6.341160340999977],[106.91959064100018,-6.341176520999966],[106.9196391820002,-6.341216495999902],[106.91964139100008,-6.34121990999995],[106.91966012100005,-6.3412488569999255],[106.91967820500014,-6.341265988999908],[106.91968775900006,-6.341274109999972],[106.91969724,-6.341282168999953],[106.91970771000018,-6.341302156999973],[106.91971722800008,-6.341339275999928],[106.91972293900011,-6.341379250999978],[106.91972293900011,-6.3414125639998815],[106.91971913100014,-6.341458248999913],[106.91970866200006,-6.341498223999963],[106.91970312500007,-6.341509297999892],[106.91969248100008,-6.341530584999873],[106.91967915600014,-6.341559137999923],[106.91964489200012,-6.341582932999927],[106.91958493000016,-6.341604823999887],[106.91954258100009,-6.341616225999928],[106.91953543700004,-6.341618148999942],[106.91948880000018,-6.341621955999869],[106.91947357700008,-6.3416231269998775],[106.91942693400006,-6.341626714999904],[106.91937268200019,-6.3416314739998825],[106.91934883200014,-6.341629088999923],[106.91932509300005,-6.341626714999904],[106.91932450899998,-6.341626597999834],[106.91924419100013,-6.341610534999916],[106.91911570000002,-6.341581980999933],[106.91905764100011,-6.341559137999923],[106.9190195700001,-6.341542957999934],[106.91897864300017,-6.3415343919999145],[106.91894437900015,-6.341530584999873],[106.91891297000012,-6.3415391509999495],[106.91889393400015,-6.341550571999846],[106.91888156100015,-6.341569607999929],[106.91886823599998,-6.341596257999981],[106.91886361300004,-6.34160802599996],[106.91885776700013,-6.341622907999977],[106.91884920000018,-6.341643846999943],[106.91883905000009,-6.34166622999993],[106.91881208100006,-6.341725700999859],[106.91872793400012,-6.341850501999886],[106.9187278890002,-6.341850568999973],[106.9187278440001,-6.34185063599989],[106.91872737200009,-6.341851335999934],[106.91869185600012,-6.341905409999981],[106.9186668210001,-6.341943526999955],[106.91865412700014,-6.341962853999917],[106.91862172400005,-6.342012187999956],[106.91860935100016,-6.342037885999844],[106.9185979290001,-6.342066438999893],[106.9185827010001,-6.342124497999976],[106.9185722310001,-6.342182556999887],[106.91857015700009,-6.342198803999906],[106.91856081000014,-6.342272024999943],[106.91855027700007,-6.342358719999936],[106.91854843700008,-6.342373865999946],[106.91854938800009,-6.342409081999904],[106.91855509900012,-6.342475706999835],[106.91855629700001,-6.342480959999932],[106.91855652800012,-6.342481970999927],[106.91855892800015,-6.342492493999885],[106.91856747200018,-6.342529957999943],[106.91859507400011,-6.342614666999964],[106.91863600100004,-6.34269652099988],[106.91866550600008,-6.34273839899987],[106.9186770710001,-6.342747887999963],[106.91870262600014,-6.342768855999907],[106.91874545600012,-6.342783132999955],[106.91881208100006,-6.342799312999944],[106.91891805900013,-6.342815714999972],[106.91897198100014,-6.342824059999941],[106.91908429100005,-6.34284119199998],[106.91916995200012,-6.342862130999833],[106.9192127820001,-6.342875455999945],[106.91924228700015,-6.342887828999892],[106.91925751600007,-6.342897346999905],[106.9192679860002,-6.342908768999962],[106.91927478000008,-6.342922879999946],[106.91928035900008,-6.342934466999964],[106.91928494800004,-6.342947469999956],[106.91929178000004,-6.342966826999941],[106.91930605700009,-6.34299442899993],[106.91932223700019,-6.3430267899999535],[106.91934038700009,-6.343054711999969],[106.91934698400019,-6.3430648609999025],[106.91936280200008,-6.3430917529998965],[106.91936601900005,-6.343097221999926],[106.9193935720001,-6.343174448999889],[106.9194192700001,-6.343238694999968],[106.91944677200007,-6.343295074999958],[106.9194478230001,-6.343297228999859],[106.91947923200013,-6.343375751999872],[106.91949636400011,-6.34344142499998],[106.91949506100008,-6.343454024999971],[106.91949459400013,-6.343458534999968],[106.91949208099999,-6.343482826999946],[106.9194835150002,-6.343538506999948],[106.91946781100012,-6.34358419199998],[106.91945746100015,-6.343604891999917],[106.91945210600016,-6.343615600999897],[106.919423553,-6.343644154999879],[106.91939055200004,-6.343657905999862],[106.91938928900004,-6.343658431999813],[106.91937612300018,-6.3436579049999295],[106.91932745000014,-6.3436559579999425],[106.91931790500018,-6.3436555759999464],[106.91923367200002,-6.343648437999946],[106.91911374700015,-6.343608462999953],[106.91910279900014,-6.343604892999906],[106.91904807400016,-6.343587047999961],[106.91900667099998,-6.3435770539999226],[106.91897629100015,-6.343578572999945],[106.91894956400017,-6.3435799089999705],[106.91886836800018,-6.343604891999917],[106.91874540600014,-6.343642726999917],[106.9186912950002,-6.3436579049999295],[106.91862833700014,-6.343675563999966],[106.91850555700012,-6.343714110999883],[106.91841989600005,-6.343762651999896],[106.91835565100013,-6.343804054999964],[106.91825932200004,-6.343884328999934],[106.91825285800007,-6.343889714999932],[106.91822144900004,-6.343902563999961],[106.91819146800015,-6.343905419999885],[106.91809295800016,-6.343905419999885],[106.9178873730001,-6.343902563999961],[106.91778269900016,-6.343893759999901],[106.91773461100007,-6.343889714999932],[106.91770825500004,-6.34388488899998],[106.91770100800005,-6.343883561999974],[106.9176834020002,-6.343880337999963],[106.91763324600015,-6.343871154999931],[106.91758929200006,-6.3438560849999135],[106.91758832400012,-6.343855752999957],[106.91757697899999,-6.343851862999941],[106.91753330900013,-6.34383689099991],[106.91744622100003,-6.343801198999813],[106.91738054799998,-6.34378549499985],[106.91734759900004,-6.343790696999918],[106.91733567500012,-6.343792579999899],[106.91732629600011,-6.343794060999926],[106.9172936770002,-6.343804183999964],[106.91728489300016,-6.3438069099998415],[106.91726062300012,-6.3438326079999],[106.91724349100014,-6.343869727999959],[106.91724187200009,-6.343876204999958],[106.91723349699998,-6.343909702999895],[106.91723635200015,-6.343966809999927],[106.91724634600007,-6.34401392299992],[106.91725348400013,-6.344073885999819],[106.91724515599998,-6.344119687999978],[106.91724491800016,-6.34412099899987],[106.91724229500005,-6.344169524999927],[106.91724206300017,-6.344173822999892],[106.91723492500012,-6.344239495999943],[106.91723778000011,-6.344290891999833],[106.91724634600007,-6.344335149999949],[106.91724631000011,-6.344336051999903],[106.91724491800016,-6.344370841999876],[106.91724206300017,-6.344416527999897],[106.91723635200015,-6.3444679239999004],[106.91722675700015,-6.344530574999965],[106.9172120820001,-6.344626395999967],[106.91717210700006,-6.344846258999951],[106.91716925100019,-6.344897654999954],[106.91716925100019,-6.344913595999913],[106.91716925100019,-6.344950478999976],[106.91716976100008,-6.3449892129999625],[106.91717067900015,-6.345058981999955],[106.91717174000013,-6.34512265699982],[106.91717210700006,-6.345144642999969],[106.91717496200005,-6.345224592999898],[106.91716782400016,-6.345317391999856],[106.91715324800003,-6.345370487999958],[106.91714783600014,-6.3453902029999085],[106.91712071000018,-6.34545159299995],[106.91708501900018,-6.345510127999887],[106.91702648400019,-6.3455943609999395],[106.91699079200009,-6.345652895999876],[106.91696989400015,-6.345703051999976],[106.91696937699999,-6.34570429199988],[106.91696223800005,-6.345749977999958],[106.91697508700014,-6.345799946999875],[106.91699364700008,-6.345831354999916],[106.91702791100005,-6.345855625999889],[106.91706217600012,-6.345875612999919],[106.91707079300005,-6.345880810999915],[106.91707467600008,-6.3458831529999316],[106.91715211900004,-6.345929864999903],[106.91717857400016,-6.345948661999955],[106.91720637100008,-6.345968411999877],[106.91724634600007,-6.345999820999907],[106.91726633300004,-6.3460412239999755],[106.9172669580002,-6.346049967999875],[106.91726814200013,-6.346066542999949],[106.91726918900014,-6.346081198999968],[106.91726633300004,-6.346128311999962],[106.91724920100006,-6.34619826799991],[106.91724509900007,-6.346213445999922],[106.91723492500012,-6.346251091999932],[106.91721557700015,-6.346288405999815],[106.9172149370001,-6.346289639999895],[106.91716639600003,-6.346305343999973],[106.9171415470002,-6.346303013999943],[106.91712071000018,-6.346301060999963],[106.91693796800018,-6.346285356999829],[106.91671765100011,-6.346258456999976],[106.91671331300012,-6.346257926999954],[106.9166924070002,-6.3462553749999415],[106.91642257700005,-6.3462311049999585],[106.91621556300015,-6.34622539399993],[106.91614418,-6.34622539399993],[106.9160513810001,-6.34622967699994],[106.91598856300004,-6.346239670999978],[106.91595001600012,-6.346253947999969],[106.91592431700002,-6.346273934999942],[106.91591004100013,-6.346301060999963],[106.9159043300001,-6.346329614999945],[106.9159043300001,-6.346361022999872],[106.91590861300017,-6.346415274999913],[106.91591717900019,-6.346466671999906],[106.9159400220002,-6.3465323449999005],[106.91596857500014,-6.346588023999914],[106.91605280800013,-6.346709376999911],[106.91612842300003,-6.346802362999881],[106.91615845600012,-6.346839294999938],[106.91619225200009,-6.346877314999972],[106.9162041420002,-6.346890690999885],[106.91622413000005,-6.34690782399997],[106.9162341230001,-6.3469135339999525],[106.91624697200018,-6.346910678999961],[106.91626553200012,-6.346902112999942],[106.91628556000018,-6.346889367999893],[106.91629694100016,-6.346882124999979],[106.91640544400013,-6.346805030999917],[106.91640918000013,-6.346802362999881],[106.91643542600013,-6.346783615999925],[106.91644970200008,-6.346775049999849],[106.91646112400014,-6.34676933899982],[106.91647968400008,-6.34676933899982],[106.91650252599999,-6.346775049999849],[106.91656851500005,-6.34679803399996],[106.91657299000013,-6.346799592999901],[106.9165774650001,-6.346801151999955],[106.91658094200011,-6.346802362999881],[106.91660509100006,-6.346810774999938],[106.91662959000007,-6.346819307999965],[106.91663300100004,-6.346822194999902],[106.91664814900008,-6.346835011999929],[106.91665295900009,-6.346838378999848],[106.91665701599999,-6.346841218999884],[106.91666242600007,-6.346845005999967],[106.91667274600007,-6.346858500999929],[106.91668098600002,-6.346869275999893],[106.91676664700009,-6.346976351999956],[106.91684231300013,-6.347076288999972],[106.91685372100005,-6.3470980669999335],[106.91686238000011,-6.347114598999951],[106.91690513100019,-6.3471962139999505],[106.9169546990002,-6.347295349999911],[106.91697366000011,-6.347333270999911],[106.91703420800013,-6.347468129999925],[106.91703495900009,-6.347469801999864],[106.91703647700007,-6.347473183999966],[106.91707514800015,-6.347555274999934],[106.91711043700013,-6.34763018599989],[106.91711785500001,-6.347645931999978],[106.91715699600019,-6.347708017999935],[106.9171592580002,-6.347711605999962],[106.9171613790001,-6.347715277999839],[106.91717412200018,-6.3477373319999515],[106.91719637700015,-6.347775850999938],[106.91719924000012,-6.347781099999963],[106.91722207500015,-6.347822963999931],[106.91722606799999,-6.347834635999959],[106.91724063500004,-6.347877215999915],[106.91724063500004,-6.347883639999907],[106.91724063500004,-6.347935750999966],[106.91722921400009,-6.348017127999924],[106.91722350300006,-6.348085656999842],[106.91720922600007,-6.348117065999929],[106.91718495600014,-6.348138480999921],[106.91715342900011,-6.348156300999904],[106.91715211900004,-6.348157040999979],[106.9171453460001,-6.348157846999925],[106.91708952400006,-6.348164491999967],[106.91703219400011,-6.348171316999981],[106.91698446400011,-6.34817560099998],[106.91692083600014,-6.348181310999848],[106.91688447900009,-6.348178939999912],[106.91685516300015,-6.348177027999952],[106.91682375400012,-6.34817559999982],[106.91679377200012,-6.34817559999982],[106.91676807400012,-6.348177027999952],[106.91673523800006,-6.348191304999943],[106.91668932100009,-6.348205310999958],[106.91664657100011,-6.348218350999957],[106.91654021300019,-6.348275784999942],[106.91652759800013,-6.348282596999979],[106.91638906200006,-6.348363018999976],[106.91635175600015,-6.3483846759999665],[106.91628108600014,-6.348423222999884],[106.91623254500013,-6.348461769999972],[106.91617900700015,-6.348515307999946],[106.91615045300011,-6.348544575999881],[106.91612832400011,-6.34858169499995],[106.91611975800015,-6.348612389999971],[106.91611880300013,-6.348618872999907],[106.91610928900008,-6.348683440999935],[106.91610871900019,-6.348694569999964],[106.91610817200007,-6.34870523099994],[106.91610548200003,-6.348757679999949],[106.9161085020001,-6.348857104999979],[106.91611307700003,-6.348874746999911],[106.91611690300016,-6.348889501999906],[106.9161383180001,-6.348922338999955],[106.91614855500012,-6.348930625999856],[106.91616829900016,-6.348946608999938],[106.91621826800014,-6.34897230699994],[106.91627484500009,-6.348992880999958],[106.91629679000005,-6.349000860999979],[106.9163738850001,-6.349006571999894],[106.91641166300002,-6.349007245999871],[106.91645383500014,-6.349007998999923],[106.91652807400015,-6.349016564999943],[106.9165980300001,-6.349025130999962],[106.91665085400001,-6.349037980999924],[106.91668654600016,-6.349049401999821],[106.91674650800013,-6.349076527999955],[106.91683788000006,-6.349123640999835],[106.9168978420002,-6.349163615999942],[106.91690593200019,-6.3491704609999715],[106.91691640200014,-6.349179320999895],[106.91693924499998,-6.349199307999868],[106.91695689700003,-6.349219078999909],[106.91697493700013,-6.349239282999974],[106.91701776700012,-6.34930352799995],[106.91705488700018,-6.349372056999869],[106.91705833800017,-6.349377858999901],[106.91708700900017,-6.349426070999812],[106.91710128600016,-6.349459382999896],[106.91711080400006,-6.349495074999936],[106.91711698000006,-6.349519006999969],[106.91712032200013,-6.349531956999954],[106.91712299300008,-6.349553325999864],[106.91712508100011,-6.349570027999903],[106.91713816800001,-6.3496021509998855],[106.91716553200018,-6.349643790999949],[106.91718686000013,-6.3496692669999675],[106.91721947200017,-6.349708219999968],[106.91725119200015,-6.349746107999977],[106.91728116500002,-6.349778805999961],[106.9173054760002,-6.349805328999935],[106.91730950000016,-6.349809717999847],[106.91732971400006,-6.349831768999877],[106.91739313900007,-6.3498986099999115],[106.91748437900014,-6.349994761999881],[106.91752630200017,-6.350029696999911],[106.91757004000004,-6.350066145999904],[106.91765570000001,-6.350113734999866],[106.91767318900014,-6.350122828999929],[106.91771518700006,-6.350144667999928],[106.91774939400017,-6.350176974999954],[106.91775801700004,-6.350185118999889],[106.91778895000004,-6.350232707999851],[106.91780171600004,-6.350259150999818],[106.91782226300006,-6.350301711999975],[106.91782333200007,-6.350338074999968],[106.91782464200014,-6.350382613999898],[106.91782464200014,-6.350444479999965],[106.91782410300004,-6.350446996999892],[106.91781036500015,-6.350511104999953],[106.91777943200015,-6.350577729999884],[106.91777344200017,-6.350588620999815],[106.91775325800012,-6.350625318999903],[106.91773744300014,-6.350644523999904],[106.91771994600003,-6.350665769999978],[106.91764142400012,-6.350722876999896],[106.91759859300004,-6.350739532999967],[106.91749389700004,-6.350751429999946],[106.91740347800015,-6.350758568999936],[106.91733087800014,-6.35077242199992],[106.91719896299998,-6.350797591999935],[106.91714088700019,-6.350812550999933],[106.91710473600011,-6.350821861999918],[106.91708760500018,-6.350828774999968],[106.91702335900004,-6.350854698999967],[106.91698756400018,-6.350878150999961],[106.91698195600009,-6.350881824999931],[106.9169766390001,-6.350885691999963],[106.91695054700006,-6.3509046679999415],[106.91693198700011,-6.350943214999916],[106.91691771100017,-6.35098461799987],[106.916910572,-6.351030302999959],[106.916910572,-6.351070277999952],[106.91690486200008,-6.351123101999974],[106.9169039160002,-6.351131137999914],[106.91690200600004,-6.351147372999947],[106.91688630200014,-6.351185919999921],[106.91684632700014,-6.3512544479999065],[106.9167903140002,-6.351273126999956],[106.91667800400012,-6.351284548999843],[106.91662112800003,-6.351297991999957],[106.91657330700008,-6.351309294999908],[106.91657025400013,-6.351311492999912],[106.91652571800017,-6.351343558999929],[106.91652016600005,-6.351354293999918],[106.91649716500018,-6.351398762999963],[106.91648193600008,-6.3514749059999644],[106.91648636899998,-6.351517754999861],[106.91648764700011,-6.351530108999896],[106.91649208600006,-6.3515523029999486],[106.91649906800006,-6.351587215999928],[106.91652381500006,-6.3516271909999205],[106.91655807900008,-6.351661454999942],[106.91659234300005,-6.351672876999885],[106.9166570650001,-6.351680490999911],[106.91672940000012,-6.351691911999978],[106.91678841100014,-6.351705236999919],[106.91681886800006,-6.351726176999875],[106.91682838600013,-6.351756633999912],[106.91682838600013,-6.351770798999837],[106.91682838600013,-6.351787867999917],[106.91682838600013,-6.351804222999931],[106.91681771200018,-6.351846252999962],[106.91679792900004,-6.35192414799991],[106.91677208200014,-6.351985364999905],[106.91676176100003,-6.3520098079998775],[106.91674790100018,-6.352048418999971],[106.91673511100015,-6.352084047999824],[106.91672749700007,-6.352131636999957],[106.91672559300008,-6.35217161199995],[106.91672940000012,-6.352215393999927],[106.91673701400003,-6.352253464999876],[106.91673701400003,-6.352285175999953],[106.91673701400003,-6.352287728999954],[106.91672940000012,-6.3523181869999235],[106.9167084610001,-6.352360064999914],[106.91665896800015,-6.352457146999939],[106.91666087200014,-6.3524799899998925],[106.91667038900016,-6.352531385999953],[106.91667219300012,-6.352540922999879],[106.9166837140001,-6.3526018179999255],[106.9167084610001,-6.352679864999914],[106.91672188000007,-6.352692063999939],[106.9167503390002,-6.352717935999976],[106.91679412100007,-6.352736971999946],[106.91684361400019,-6.352748392999899],[106.9168671490001,-6.352750438999976],[106.91687407,-6.3527510409999195],[106.91688739600005,-6.352752199999941],[106.91691850300003,-6.352752199999941],[106.91694450300008,-6.352752199999941],[106.9170035140001,-6.352773138999908],[106.91708727100018,-6.35279978899996],[106.91711862400018,-6.352812105999931],[106.91713692400009,-6.352819295999893],[106.91714057100012,-6.352820728999916],[106.91719577400016,-6.352841667999883],[106.91725288200013,-6.352858799999979],[106.91726591600013,-6.352863687999957],[106.91728558500006,-6.352871063999942],[106.91729856700005,-6.352875931999961],[106.91731760300001,-6.352889256999902],[106.91732331400004,-6.352917810999884],[106.91732448300007,-6.352942037999924],[106.91732396900005,-6.35294666599998],[106.91732326900018,-6.352952967999954],[106.91732162800008,-6.3529677359999255],[106.91731163400016,-6.352988436999965],[106.91726880400017,-6.3530391199999485],[106.9172129820002,-6.3531062199999155],[106.91719945000011,-6.353118398999868],[106.9171844280001,-6.353131918999907],[106.91717849000014,-6.353133965999916],[106.91714302600008,-6.353146194999965],[106.91710876200005,-6.353153333999899],[106.91709790200008,-6.353153333999899],[106.91706581100016,-6.353153333999899],[106.91705593800015,-6.353153333999899],[106.91701739000018,-6.35315190599988],[106.91698455400012,-6.353171893999956],[106.91696291699998,-6.353208406999954],[106.91696171100006,-6.353210440999931],[106.9169460060001,-6.353241849999961],[106.91692459100005,-6.353266119999944],[106.91691602500003,-6.353301811999927],[106.91690745900002,-6.353343214999825],[106.91689416300017,-6.353426081999942],[106.91688788800008,-6.353465191999874],[106.9168664730002,-6.3535465689999455],[106.91686612900014,-6.353556539999886],[106.91686504500007,-6.3535879719999],[106.91684934100005,-6.35361938099993],[106.91681222100016,-6.353652216999876],[106.9167860070001,-6.353661278999937],[106.91672629700014,-6.353681918999939],[106.91670113800012,-6.353690615999881],[106.91669657900019,-6.353692191999926],[106.91666635100017,-6.353699587999927],[106.91656237800015,-6.353725028999975],[106.91654215200009,-6.353723220999825],[106.91653541600004,-6.353711217999887],[106.91653412900007,-6.3537089259999675],[106.91653215900004,-6.353686100999937],[106.916531615,-6.353683378999904],[106.91653132300019,-6.353681918999939],[106.91652787600015,-6.353664685999945],[106.91650646000016,-6.353646125999944],[106.91646577200015,-6.353639700999906],[106.91642579700016,-6.353643270999953],[106.91637297300002,-6.353653977999954],[106.91630944100012,-6.353671109999937],[106.91628722200016,-6.353681919999872],[106.91625661699999,-6.353696808999928],[106.9162468740002,-6.353704842999889],[106.9162331060001,-6.353716194999947],[106.9162159280001,-6.353730358999883],[106.91614882800008,-6.35378418199997],[106.91613129300009,-6.353814637999903],[106.91613041200014,-6.353816166999877],[106.91611266000007,-6.3538469999999165],[106.91609736000004,-6.3539077099998735],[106.91609127600009,-6.35393185199996],[106.91608366200018,-6.354000379999945],[106.91608539000015,-6.35401488499997],[106.91608963200014,-6.354050490999896],[106.91609032400004,-6.354056297999932],[106.91609271900012,-6.3540685369998755],[106.91609854700005,-6.3540983249999385],[106.9161010320002,-6.354111024999952],[106.91610222200012,-6.354152665999891],[106.9161010320002,-6.354185977999919],[106.91608675500015,-6.3542073929999106],[106.91604818200005,-6.354212424999957],[106.91603202800019,-6.354214531999958],[106.91601837000007,-6.354211985999939],[106.9159618340002,-6.354201444999944],[106.91592257200017,-6.354196685999909],[106.91589282900009,-6.354205013999888],[106.91586546500014,-6.3542335669999375],[106.91585356800016,-6.354274017999899],[106.91586665500006,-6.3543144689999735],[106.91589639800014,-6.354341832999921],[106.91594279800006,-6.354365626999936],[106.91594397900008,-6.354365875999974],[106.9159784700002,-6.354373136999925],[106.91601061300008,-6.35437990399987],[106.91603559700019,-6.3544084579998525],[106.91604392500017,-6.354439390999914],[106.91604035600017,-6.354489358999956],[106.91603083800004,-6.354527430999838],[106.91601967400004,-6.354552802999876],[106.91601775100014,-6.354557173999979],[106.91598809100014,-6.354599075999886],[106.9159666760001,-6.354599075999886],[106.91593812200006,-6.3545883689998846],[106.9158929130001,-6.354561004999937],[106.91587886900004,-6.35455567799994],[106.91587128800018,-6.354552801999887],[106.91585841000017,-6.354547917999923],[106.91582991700005,-6.354552801999887],[106.9158167700001,-6.354555055999981],[106.91579654400005,-6.354580040999906],[106.91577869800017,-6.354628819999959],[106.91575490400015,-6.354660941999953],[106.91570731500019,-6.354693064999935],[106.91568625300005,-6.354703840999946],[106.91568617700005,-6.3547038799998745],[106.91568610100006,-6.354703918999974],[106.91568157900019,-6.354706231999955],[106.91565615600013,-6.354719238999962],[106.91559785900006,-6.354754930999832],[106.91551100900011,-6.354811085999927],[106.91544248100013,-6.354872475999969],[106.91542534800004,-6.354908167999895],[106.91541820999998,-6.354939576999925],[106.91542106500015,-6.354969557999937],[106.91542997800008,-6.354990623999981],[106.9154367700001,-6.3550066779998815],[106.91547246200003,-6.355052363999903],[106.91549482900001,-6.3550677199999654],[106.91556811600014,-6.355118036999954],[106.91562236800019,-6.355158011999947],[106.9156637700001,-6.355180854999901],[106.91569946200019,-6.355196558999978],[106.91576370800016,-6.355216546999941],[106.91584508500006,-6.355236533999971],[106.9158979090002,-6.355259376999925],[106.91591172300008,-6.355267784999967],[106.91591337800014,-6.35526879199989],[106.91593074600013,-6.355279363999955],[106.91594240600006,-6.355287692999923],[106.91597072100018,-6.355307917999937],[106.91600784000013,-6.355336470999873],[106.91603708200006,-6.355366757999832],[106.91604781500013,-6.355377873999942],[106.91606701000006,-6.355409407999957],[106.91606780300003,-6.355410710999934],[106.91607922400016,-6.355443546999879],[106.91608493500019,-6.355473527999948],[106.91609492900011,-6.355496370999958],[106.91611491600008,-6.355520641999931],[106.91614061400008,-6.355542056999923],[106.91615127600011,-6.355546977999893],[106.91617773400014,-6.355559188999962],[106.91622627500016,-6.355577748999963],[106.91628195400006,-6.3555891699999165],[106.9163876020001,-6.355609157999879],[106.9163911010001,-6.355609771999866],[106.9164689800001,-6.355623433999938],[106.9165301880002,-6.355625984999961],[106.9165336650002,-6.355626129999962],[106.91653750800009,-6.355626289999975],[106.91664172900005,-6.355630572999871],[106.9166774210002,-6.355637710999929],[106.91672881699998,-6.355650559999958],[106.91676593700004,-6.355674830999931],[106.91681162200018,-6.355727654999953],[106.91683437000012,-6.355762509999977],[106.91685470300013,-6.355793664999965],[106.91690013800007,-6.355863283999952],[106.91694591300018,-6.355954177999934],[106.91694744800003,-6.35595722599993],[106.91695077000014,-6.355963822999911],[106.91696349200015,-6.3559890859999655],[106.91697005100008,-6.356002109999906],[106.91697025000019,-6.356002503999946],[106.91697108600005,-6.356004164999888],[106.9169874590001,-6.356036676999906],[106.91698940900005,-6.356040548999886],[106.91699338100005,-6.356048435999924],[106.91700007600014,-6.356061730999954],[106.91701493700003,-6.356086644999948],[106.91701608800003,-6.356088574999944],[106.91702091200011,-6.356096660999981],[106.91702106600013,-6.356096918999924],[106.9170363980001,-6.356122622999919],[106.91704460099999,-6.356136375999824],[106.91704861700015,-6.356143108999959],[106.91706021500005,-6.356159538999975],[106.91706563700018,-6.356167219999975],[106.91706569300015,-6.356167299999981],[106.91706574900019,-6.356167378999885],[106.91706820200011,-6.356173970999919],[106.91707631100013,-6.3561957649999385],[106.91707758500007,-6.356199187999948],[106.91708714900017,-6.356224891999943],[106.9170885920002,-6.356228768999927],[106.9170925790001,-6.356240259999879],[106.91710119400017,-6.356265091999887],[106.9171036190001,-6.356272082999965],[106.91711286200007,-6.356298724999931],[106.91712337400003,-6.356330259999879],[106.91713427700017,-6.356362970999896],[106.9171414160001,-6.356425788999957],[106.9171414160001,-6.35643917099992],[106.9171414160001,-6.356474329999969],[106.9171315110001,-6.356515183999818],[106.91712999400005,-6.356521442999963],[106.91710715100004,-6.356558562999851],[106.91710209900015,-6.3565630839999585],[106.91710140400016,-6.356563705999918],[106.91708002600018,-6.356582832999891],[106.91701006900018,-6.35661566999994],[106.9169415410002,-6.356638511999961],[106.9168201880002,-6.35664707799998],[106.91663887400011,-6.356598536999968],[106.91652608700008,-6.356545712999946],[106.91647326300017,-6.356527153999934],[106.91644384300002,-6.356520466999882],[106.91641865700007,-6.356514742999934],[106.91634762800015,-6.356498599999952],[106.91629194799998,-6.356484322999904],[106.91625197300016,-6.356464335999874],[106.91623976500006,-6.356453957999975],[106.91622817100011,-6.3564441029998875],[106.91622342,-6.3564400649999016],[106.91619058300006,-6.35641008399989],[106.91615346300017,-6.356375819999926],[106.91612776500017,-6.356360114999973],[106.9160977840001,-6.356350121999924],[106.9160720860001,-6.356354404999934],[106.9160206900001,-6.356375819999926],[106.91601161800008,-6.356383290999929],[106.91597214900008,-6.3564157949999185],[106.91594496600004,-6.356438730999969],[106.91592646300006,-6.3564543419999495],[106.91584651300019,-6.356530008999869],[106.91581530700006,-6.356543968999972],[106.91579226100015,-6.356554278999852],[106.91572944400019,-6.356592826999929],[106.91566655000014,-6.356623486999979],[106.91561522900003,-6.356648505999942],[106.91552528600016,-6.356705612999917],[106.91548673900007,-6.356721317999927],[106.9154367700001,-6.3567370219999475],[106.91541249900013,-6.356745587999967],[106.91539041800019,-6.3567695729998945],[106.9153628160002,-6.356806692999953],[106.91535311700005,-6.35683232699995],[106.91534548100009,-6.356852506999928],[106.91533616600015,-6.356877124999926],[106.91531147900014,-6.356985569999836],[106.9153095160001,-6.356994193999924],[106.91528342800007,-6.357076294999956],[106.91527715600006,-6.357096034999927],[106.91525336100011,-6.357131250999885],[106.91520957900008,-6.357188357999917],[106.91518959100017,-6.357224525999868],[106.9151807560001,-6.3572474969998325],[106.91517531500006,-6.357261645999927],[106.9151572310002,-6.357300668999869],[106.91514548300006,-6.357314143999929],[106.91512783000013,-6.357334392999917],[106.91512487000006,-6.357337787999938],[106.9150887020001,-6.357362534999936],[106.91508354100012,-6.3573653039998135],[106.91504967900016,-6.35738347399996],[106.91499590400008,-6.357417029999908],[106.91498075100014,-6.357426484999962],[106.91493070600018,-6.357457712999974],[106.9148593220001,-6.357508157999973],[106.91477175800014,-6.357558601999926],[106.91475067600004,-6.357573580999883],[106.91473559000019,-6.357584300999974],[106.91472226500008,-6.357603335999954],[106.91471465100017,-6.35763284199993],[106.9147139370001,-6.35765284099989],[106.91471369900006,-6.357659491999925],[106.91471369900006,-6.357678526999962],[106.9147203620002,-6.357705176999957],[106.91473178300015,-6.357738489999974],[106.91473388000003,-6.357746039999938],[106.91474030800003,-6.357769178999831],[106.91474130100005,-6.357772753999939],[106.91474189700011,-6.357782883999903],[106.91474415599998,-6.357821294999951],[106.91474139900004,-6.357869085999937],[106.91474130100005,-6.357870787999957],[106.9147409810002,-6.357879424999965],[106.91474094400007,-6.3578804329998775],[106.91473939700006,-6.3579221839999605],[106.91473939700006,-6.3579545449998704],[106.91474606000014,-6.357985001999907],[106.91475653000015,-6.358018313999935],[106.91475793700016,-6.358029920999911],[106.91476033700019,-6.358049722999965],[106.91476319200018,-6.358079227999895],[106.91475938500014,-6.358125865999966],[106.91476509600017,-6.358149659999981],[106.91477366200013,-6.358182020999948],[106.91478795500018,-6.358204353999952],[106.91478889000018,-6.358205815999895],[106.91479503200014,-6.358213876999855],[106.91480411900011,-6.358225802999868],[106.91481215900006,-6.358243345999881],[106.91481458800013,-6.358248645999879],[106.91481173300019,-6.358267681999962],[106.9148021790001,-6.358277738999902],[106.9147936490001,-6.358286716999942],[106.91479355600018,-6.358286759999942],[106.91479346199998,-6.358286802999942],[106.91476890300004,-6.358298138999885],[106.9147677860002,-6.358299218999889],[106.91474034900011,-6.358325740999874],[106.91467467600012,-6.3583761849999405],[106.91460519600008,-6.358418063999977],[106.91453857100015,-6.358452327999942],[106.9145317930001,-6.358455807999974],[106.91450993800015,-6.358467030999918],[106.91450335500008,-6.358470411999917],[106.91447575300009,-6.358478977999937],[106.91445957300016,-6.358478977999937],[106.91445598500007,-6.358478208999941],[106.91441959800017,-6.358470411999917],[106.91439269200004,-6.3584629379999456],[106.91436820100006,-6.358456134999926],[106.91429396200004,-6.358419014999868],[106.9142549390001,-6.358411400999955],[106.9142168680001,-6.358412352999949],[106.91419688000019,-6.3584228229998985],[106.91417689300005,-6.358434243999966],[106.91414167700015,-6.358435195999959],[106.91413091800007,-6.358436308999956],[106.91411407499999,-6.3584380509999505],[106.91408171400008,-6.358446616999913],[106.91404269100013,-6.358461845999955],[106.91395893400005,-6.358500868999954],[106.91391320500009,-6.358520684999917],[106.91390182700002,-6.358525614999962],[106.91385279600013,-6.35854617699988],[106.91384281600006,-6.35855036199996],[106.91379046800017,-6.358576059999962],[106.91374668600008,-6.3585941439998805],[106.91371622900016,-6.358611275999976],[106.91370004900006,-6.358627455999965],[106.91369338600009,-6.358641732999899],[106.91368207100015,-6.358665305999978],[106.91368201800003,-6.358665416999827],[106.91368196500014,-6.358665527999904],[106.91364770100017,-6.35871501999992],[106.91363627900012,-6.358748332999937],[106.91361438800016,-6.358794969999963],[106.91360391900008,-6.358836848999886],[106.91360391900008,-6.358855884999969],[106.91360579000013,-6.358859626999902],[106.91361343600005,-6.358874919999948],[106.91363627900012,-6.358890148999933],[106.91366483300015,-6.358895858999972],[106.91368478800013,-6.358901560999925],[106.91370480800015,-6.358907280999915],[106.91373621700018,-6.358912039999893],[106.9137490060001,-6.358912039999893],[106.9137923720001,-6.358912039999893],[106.9138456720001,-6.358895858999972],[106.9138458930002,-6.35889571499996],[106.9138865990002,-6.358869209999966],[106.91390384800013,-6.358859626999902],[106.91392086299999,-6.35885017399994],[106.91395036800003,-6.358841607999921],[106.9139732110001,-6.358840655999927],[106.913995102,-6.35885017399994],[106.91400455500019,-6.358859626999902],[106.91401794500007,-6.358873016999951],[106.91405696800018,-6.358892051999931],[106.91410931600007,-6.358899666999946],[106.91417498900006,-6.358913942999948],[106.91421782000015,-6.358932026999923],[106.91424161400016,-6.358959628999912],[106.91425248600018,-6.35897945499994],[106.9142577940001,-6.358989133999955],[106.91427397500007,-6.359009121999918],[106.91433774400014,-6.359062421999965],[106.91437807800008,-6.359092141999952],[106.91439199600018,-6.359102396999901],[106.9144357780001,-6.3591366609999795],[106.91445386200013,-6.35915855199994],[106.91445971000007,-6.3591760949999525],[106.91445984800009,-6.3591765089998376],[106.91446338000003,-6.359187104999933],[106.91447099400017,-6.359217562999959],[106.91447100500005,-6.359217626999964],[106.91447101500006,-6.359217690999969],[106.91447250900018,-6.359226865999915],[106.91447765700008,-6.359258488999956],[106.91448336700017,-6.359290849999979],[106.91449288500007,-6.359325113999944],[106.91449478900006,-6.359347004999904],[106.91449003000014,-6.359377461999941],[106.91448146400012,-6.359398401999897],[106.914457669,-6.359450749999951],[106.9144262600002,-6.359494531999928],[106.91441483900019,-6.3595259409999585],[106.91439390000016,-6.359583047999877],[106.91437105700015,-6.359618263999948],[106.91434155200011,-6.359668707999958],[106.91430823900009,-6.3597258149998765],[106.91429949100007,-6.359742406999942],[106.91428530100012,-6.359769318999952],[106.9142806370001,-6.359778163999977],[106.91423105600018,-6.3598516809998955],[106.91422543400006,-6.359860016999903],[106.91420830200008,-6.359896184999968],[106.91420259100005,-6.359919978999869],[106.91420163900017,-6.359939966999946],[106.91420259100005,-6.359970423999869],[106.91420263100008,-6.359970834999899],[106.91420639800009,-6.360009446999925],[106.91420806800005,-6.360017188999848],[106.9142168680001,-6.360057987999937],[106.91423209600009,-6.360116046999963],[106.91424542100003,-6.360147455999879],[106.91425684300009,-6.360166491999962],[106.91427873400005,-6.360186478999822],[106.9142987210002,-6.360202658999981],[106.9143339370001,-6.360229308999976],[106.91438057500005,-6.360260717999836],[106.9144262600002,-6.360288319999881],[106.91445205600019,-6.360297187999834],[106.91445276100012,-6.360297429999946],[106.91448717500015,-6.360309258999962],[106.91454333000007,-6.360331149999979],[106.91459948500005,-6.360360655999955],[106.9146794350001,-6.360394919999919],[106.91469198200014,-6.360401829999944],[106.91471301900003,-6.360413415999858],[106.91474510800009,-6.360431087999814],[106.91479269700005,-6.360455833999879],[106.91485104200012,-6.36047929599988],[106.91491766700005,-6.360492620999935],[106.91493229700001,-6.360494393999886],[106.91498048400018,-6.360500234999847],[106.91503378400017,-6.360494523999819],[106.91509279500019,-6.360464066999953],[106.91511016600009,-6.360445827999968],[106.9151308660002,-6.36042409199996],[106.9151489360001,-6.360413414999925],[106.915172745,-6.3603993459999515],[106.91522033400014,-6.360380309999869],[106.91525459800016,-6.360361273999899],[106.91529647700014,-6.360361273999899],[106.91534787300014,-6.360376502999827],[106.91536504500016,-6.360384827999894],[106.91536921500011,-6.360386849999884],[106.91537927600018,-6.360391727999911],[106.91541069099998,-6.360406959999921],[106.91541843700008,-6.360413414999925],[106.91543464700004,-6.360426922999977],[106.91545637700005,-6.360445030999813],[106.91546009000007,-6.360451156999943],[106.9154792540001,-6.360482777999891],[106.91549444800012,-6.36050784899993],[106.91551919400018,-6.360564955999962],[106.91552871200008,-6.36063158099995],[106.9155268090002,-6.36070391699991],[106.91551196500001,-6.360742739999921],[106.9155020620002,-6.360768637999854],[106.91549849100016,-6.360773857999902],[106.91548339300016,-6.360795922999955],[106.91545857200015,-6.360832200999937],[106.91545256900008,-6.360840973999871],[106.9154068840001,-6.360890465999887],[106.9153440660001,-6.360945669999921],[106.9153210120001,-6.360966011999949],[106.91531170500014,-6.360974222999971],[106.91526771000014,-6.361005900999942],[106.91526411600006,-6.361008487999868],[106.91521272000006,-6.361035137999977],[106.9151403840001,-6.3610598839998715],[106.91511820200003,-6.361065429999883],[106.9150566020001,-6.361080829999935],[106.91501094100016,-6.361092244999895],[106.91496593200009,-6.361100618999956],[106.91492908800001,-6.36110747299989],[106.91487578800007,-6.36112841299996],[106.91482819900011,-6.361153158999969],[106.91477680300011,-6.361183615999892],[106.91477438200019,-6.361186400999941],[106.91474384900005,-6.361221512999919],[106.91473873100017,-6.361227397999869],[106.91472540600006,-6.361299733999829],[106.91471588800016,-6.361375875999897],[106.91471775900004,-6.36144134299991],[106.91471779200015,-6.3614425009998286],[106.91472350300018,-6.361503415999891],[106.91472159900019,-6.361570040999879],[106.914720826,-6.361593229999869],[106.9147196950002,-6.361627147999911],[106.91472073600005,-6.361639981999929],[106.91472540600006,-6.361697579999884],[106.91474119600014,-6.3617488979999735],[106.91474824900007,-6.361771818999898],[106.91481297000018,-6.361853671999938],[106.91486136900005,-6.361914854999895],[106.91490504200016,-6.36197006499998],[106.91491385900008,-6.361981210999886],[106.91498048400018,-6.3620440289999465],[106.91504337000009,-6.362090365999961],[106.91505282000014,-6.362097328999937],[106.91514328400018,-6.362141885999961],[106.91516776800006,-6.362153944999875],[106.91518035900015,-6.3621601469999405],[106.91524210400019,-6.3622013099998185],[106.91524988200013,-6.362206494999896],[106.91534025900006,-6.362266746999978],[106.91534355200002,-6.362269393999952],[106.91536745600007,-6.36228861099994],[106.91543734100009,-6.362344792999977],[106.91546779800018,-6.362377153999887],[106.9155020620002,-6.3623904789999415],[106.91550929400006,-6.3623914649999165],[106.91554394100018,-6.362396188999867],[106.91560104800004,-6.362409513999978],[106.91573620100013,-6.36243806799996],[106.91582619799999,-6.362465209999868],[106.9158262250001,-6.3624652179998975],[106.91582625100011,-6.36246522599987],[106.91584488500007,-6.362470845999894],[106.91585612600016,-6.362474235999912],[106.91599508700006,-6.362531342999944],[106.91611120400012,-6.36258083599995],[106.91615308300015,-6.36261319599987],[106.91617592600016,-6.362641749999909],[106.91619496100003,-6.362687434999884],[106.91619660600009,-6.362692164999942],[106.91620788400013,-6.362724585999956],[106.91621019000019,-6.3627312169999755],[106.91621590099999,-6.362773095999955],[106.91621019000019,-6.3628035529998215],[106.91619876800013,-6.362862563999897],[106.91619372100013,-6.362880916999927],[106.9161891870001,-6.3628974019999305],[106.91618319800006,-6.3629191809998815],[106.91617782900005,-6.362938705999966],[106.91615278500012,-6.363012049999952],[106.91615117900017,-6.363016752999954],[106.91612072200002,-6.36307576299987],[106.91610380100013,-6.363096209999981],[106.91607503600017,-6.363130966999904],[106.9160407720002,-6.363153809999915],[106.91600841200017,-6.363170941999954],[106.91596082200016,-6.363186169999949],[106.91591513700018,-6.363201398999877],[106.91584914100002,-6.363203048999935],[106.91583899400018,-6.363203302999921],[106.91573429800002,-6.363203302999921],[106.91573062600008,-6.36320339699995],[106.91558581900011,-6.363207109999905],[106.91545447300007,-6.363205205999918],[106.91535168000019,-6.363184266999951],[106.91531761800019,-6.363176696999972],[106.91526602000005,-6.363165230999925],[106.91519178100003,-6.363155712999912],[106.91514228800008,-6.363153809999915],[106.91507185600011,-6.363153809999915],[106.91501855600018,-6.363157616999899],[106.91500709899998,-6.363160107999931],[106.91497477400009,-6.363167134999969],[106.91492908800001,-6.363197591999892],[106.91489101700017,-6.3632318559999135],[106.91486817400016,-6.363281348999919],[106.91486056000002,-6.363319419999868],[106.91486817400016,-6.363365105999833],[106.91487192200009,-6.363378222999927],[106.91488721000013,-6.363431730999935],[106.91490624500017,-6.363530715999957],[106.91492223400019,-6.363571303999947],[106.914930992,-6.363593533999904],[106.91494701300019,-6.363626576999877],[106.91496144900015,-6.363656351999964],[106.91496532500008,-6.363663758999962],[106.91497767400017,-6.363687359999915],[106.91498059700012,-6.363692945999958],[106.91498510500014,-6.36370156199996],[106.91503753800015,-6.3638017669998135],[106.91504710900011,-6.363820058999977],[106.91504765000008,-6.363834114999918],[106.9150490130001,-6.363869551999926],[106.91504118600005,-6.363916512999879],[106.9150394950002,-6.363926658999844],[106.91503112500004,-6.363971853999942],[106.91502997700013,-6.3639780549999045],[106.91498619500004,-6.364052293999919],[106.91493860600013,-6.364094172999955],[106.91491564300009,-6.364121440999952],[106.91490814900015,-6.364130340999907],[106.91490679100008,-6.364133179999953],[106.91488721000013,-6.364174122999884],[106.91487578800007,-6.364204579999921],[106.91485865600009,-6.364240747999872],[106.91483581300002,-6.364267397999981],[106.91479964500007,-6.364288336999948],[106.91476728500004,-6.364313082999843],[106.91471588800016,-6.364339732999895],[106.91470370600001,-6.3643585609999604],[106.91469701,-6.36436890899995],[106.91469494900014,-6.364372093999918],[106.91466954500015,-6.364414433999968],[106.91462071000012,-6.3644958259999385],[106.91456931400012,-6.364579582999966],[106.91453695299998,-6.364661435999892],[106.91452673400016,-6.364694135999912],[106.91451791700001,-6.3647223499999654],[106.91451608100004,-6.364728645999946],[106.91450459200007,-6.36476803599993],[106.91450459200007,-6.364832756999931],[106.91450459200007,-6.364858248999894],[106.91450459200007,-6.364886056999978],[106.91451791700001,-6.364946971999871],[106.91452933900007,-6.3650097889999415],[106.91454266400001,-6.365061185999934],[106.9145489400002,-6.365094141999975],[106.914548964,-6.365094265999971],[106.91454898800004,-6.365094389999911],[106.91455027800015,-6.365101160999927],[106.91455408500019,-6.3651335209999615],[106.91454085000004,-6.365191422999942],[106.91453885600009,-6.36520014599995],[106.91452172400005,-6.365245831999914],[106.91452005100001,-6.3652497869998115],[106.9145007850002,-6.36529532499992],[106.91444698400011,-6.365350755999884],[106.91443796700014,-6.365360045999978],[106.91441483900019,-6.365380494999954],[106.91438077700008,-6.365410609999969],[106.91435752500007,-6.365427660999956],[106.91434865400015,-6.365434165999943],[106.91433009400004,-6.365452725999887],[106.9143151040002,-6.365469857999813],[106.91429725800015,-6.365487703999975],[106.91429098900011,-6.365499192999948],[106.91428774000008,-6.365505148999887],[106.91427952800012,-6.365520198999889],[106.91427039300015,-6.3655375399998775],[106.91426874300004,-6.3655406729998845],[106.91426656300018,-6.36554481099995],[106.9142656100002,-6.365746701999967],[106.9142635140002,-6.365752104999956],[106.91426141900013,-6.365757507999888],[106.91424300000011,-6.365804999999909],[106.91422596500001,-6.365869165999811],[106.91420743100008,-6.365938974999892],[106.91420181100017,-6.365960143999871],[106.9141830000001,-6.366030999999964],[106.91409500000015,-6.366365999999971],[106.91393700000003,-6.366528999999957],[106.91388231200011,-6.366563715999973],[106.9138779760001,-6.366564952999909],[106.91387364000008,-6.366566189999901],[106.91384479200019,-6.366587532999915],[106.9138220000001,-6.3666019999999435],[106.91373301900012,-6.366634781999892],[106.91369266200007,-6.366649650999818],[106.91364750700012,-6.36666628699993],[106.91355967100014,-6.3666905509999765],[106.91355548400009,-6.36669614199991],[106.91355129800007,-6.366701731999967],[106.91349900000017,-6.366720999999927],[106.91326096900013,-6.3670040639999],[106.91324000000009,-6.367028999999945],[106.91305700000004,-6.367110999999966],[106.91280100000017,-6.367247999999961],[106.9126500000001,-6.367383999999902],[106.91257319200014,-6.367506324999908],[106.91254200100013,-6.367555999999922],[106.91253130200005,-6.367595776999849],[106.91250300100012,-6.367700999999954],[106.91250000000014,-6.367962999999861],[106.91248100000018,-6.368252999999868],[106.91247300000003,-6.368378999999891],[106.91240588700009,-6.368432027999916],[106.91239200000007,-6.3684429999999566],[106.91233494700009,-6.368448834999981],[106.91230400000006,-6.36845199999982],[106.91227342500014,-6.368440651999947],[106.91220700000002,-6.368415999999968],[106.91211200100008,-6.368316999999934],[106.91198900000012,-6.368127999999899],[106.91199350400012,-6.368071708999878],[106.91199700100015,-6.368027999999981],[106.91204900000014,-6.367901999999958],[106.91208135100004,-6.367831985999942],[106.9121830000002,-6.367611999999951],[106.91215499999998,-6.367502999999886],[106.91212178600011,-6.36745978099998],[106.91207200100018,-6.367394999999931],[106.91204177600008,-6.367386586999942],[106.91197500100014,-6.367367998999896],[106.91188400000016,-6.367413999999883],[106.91131700000011,-6.367786999999964],[106.91092200100002,-6.367850999999916],[106.91067500000014,-6.367878999999903],[106.91061400000007,-6.367942999999968],[106.91057100100011,-6.368060999999955],[106.91058600000002,-6.368268999999941],[106.91064300000016,-6.368511999999896],[106.91072000000014,-6.368828999999835],[106.91070900099999,-6.36893699999996],[106.91070308700006,-6.368991198999936],[106.91070300000013,-6.368991999999821],[106.91063900000017,-6.36906399999998],[106.91053890400008,-6.369100218999961],[106.91048700000005,-6.369118999999955],[106.91030850100009,-6.369178499999975],[106.9102410010002,-6.3692009999999755],[106.91022700000019,-6.369345999999894],[106.91026000100015,-6.369517999999914],[106.91026786000003,-6.369544955999913],[106.91038100000014,-6.369932999999946],[106.910375364,-6.369963312999971],[106.91034417700018,-6.370131045999926],[106.91034400000007,-6.370131999999899],[106.91034259200018,-6.370133537999948],[106.91024576900003,-6.370239326999979],[106.91023600000005,-6.370249999999885],[106.91008000000011,-6.370358999999951],[106.90987208400014,-6.37042266799989],[106.90987154100014,-6.370422833999896],[106.90987100100011,-6.370422999999903],[106.90977300100019,-6.37045999999998],[106.9096850580001,-6.370490677999896],[106.90964400000007,-6.370504999999866],[106.90934800000008,-6.370677999999941],[106.90913800000015,-6.370714999999905],[106.90886799999998,-6.3708429999999225],[106.90868200000006,-6.370996999999875],[106.90851639900012,-6.371103780999931],[106.908499,-6.371114999999975],[106.90834000000018,-6.371169999999893],[106.90820400000013,-6.37116199999997],[106.90799535600007,-6.371113696999942],[106.90789300000017,-6.371089999999924],[106.90787400000016,-6.371153999999933],[106.9078837080001,-6.371235128999956],[106.90788800000007,-6.371270999999979],[106.90791682200017,-6.371353694999925],[106.90799500000008,-6.371577999999829],[106.90811100000008,-6.371875999999872],[106.90811100000008,-6.372020999999961],[106.90811100000008,-6.372029999999938],[106.90811100000008,-6.3720389999999725],[106.90806600000008,-6.372219999999913],[106.90794100000005,-6.372319999999945],[106.90793032500011,-6.372331032999966],[106.90779200000014,-6.372473999999954],[106.90788000100008,-6.372545999999886],[106.90794286800019,-6.372569161999934],[106.90805100000006,-6.3726089999999544],[106.90847500000018,-6.372742999999957],[106.90855800000008,-6.37286899999998],[106.90858700000018,-6.372922999999901],[106.90859800000004,-6.373022999999932],[106.9085965000001,-6.373027499999921],[106.90859500000016,-6.3730319999999665],[106.90855300000004,-6.373185999999976],[106.90846400100008,-6.373266999999942],[106.9083365520001,-6.3733247869999445],[106.90830300000016,-6.373339999999928],[106.90806739300012,-6.373443609999981],[106.9079710000002,-6.373485999999957],[106.90797000000015,-6.373557999999946],[106.90795600000001,-6.373693999999944],[106.90790900000007,-6.3739559999998505],[106.90795780000019,-6.374055283999894],[106.90796700000004,-6.3740739999999505],[106.90803114000005,-6.3741385889999265],[106.90811000000019,-6.374217999999928],[106.90829600000012,-6.374307999999928],[106.9085050010001,-6.3744519999999625],[106.90855201600016,-6.374510229999942],[106.90861400000011,-6.374586999999906],[106.90859800000004,-6.374676999999906],[106.90857803500006,-6.374737265999897],[106.90849000000014,-6.375002999999879],[106.90845700000011,-6.375102999999967],[106.908413,-6.3752379999999675],[106.90840981700018,-6.375246945999891],[106.90840663400019,-6.375255891999927],[106.90838238600014,-6.375324036999871],[106.9083550000002,-6.375400999999954],[106.90835450300006,-6.375402499999893],[106.90835400700018,-6.375403998999843],[106.908336771,-6.375456046999886],[106.90832606300017,-6.375488378999876],[106.90832308600005,-6.375497366999923],[106.90830400000004,-6.375554999999906],[106.90830344400018,-6.375555641999938],[106.90830288800015,-6.375556284999902],[106.90823300100016,-6.375636998999937],[106.90810000000005,-6.375709999999913],[106.90759600000007,-6.375928999999928],[106.90766300000013,-6.376009999999894],[106.90767347600013,-6.376018964999901],[106.90782297400006,-6.37614689499992],[106.90796800000015,-6.376270999999974],[106.90799701700013,-6.376300811999954],[106.90818700000017,-6.3764959989998715],[106.90822800000018,-6.376621999999884],[106.90820300000007,-6.376703999999847],[106.90809694700005,-6.376923542999975],[106.90803111500014,-6.377059822999968],[106.9078750000001,-6.377382999999895],[106.90780500000017,-6.3775369999998475],[106.90765698400014,-6.377670311999964],[106.9076540000001,-6.377672999999902],[106.90758200000016,-6.377655999999945],[106.90750800000012,-6.377582999999902],[106.907413711,-6.3775021809998975],[106.9074030000001,-6.377492999999959],[106.90732816500002,-6.377501503999952],[106.9073276520001,-6.37750156199985],[106.9073150010002,-6.3775029999998765],[106.90730608500019,-6.377506714999981],[106.9071830000002,-6.377557999999965],[106.90711920100017,-6.377600531999974],[106.90704800000003,-6.377647999999965],[106.9067720000001,-6.37761299999994],[106.90669800000006,-6.377613999999824],[106.90665199700004,-6.377613999999824],[106.9066249720002,-6.377613999999824],[106.9066120010001,-6.377613999999824],[106.9066108020001,-6.377614402999939],[106.90650781200014,-6.37764905399996],[106.90650500000004,-6.37764999999996],[106.90641900100013,-6.37773199999998],[106.90637500000014,-6.377858999999944],[106.90628900000013,-6.37802199999993],[106.90614400100014,-6.378094998999927],[106.90601700000019,-6.378194999999948],[106.90597700000006,-6.378293999999869],[106.905869,-6.378646999999944],[106.90578100000005,-6.378665999999896],[106.9057775440001,-6.3786634779999645],[106.90570700000012,-6.3786119999999755],[106.90560920000019,-6.378565673999958],[106.90557400000012,-6.378548999999907],[106.90551400000015,-6.378602999999941],[106.90539100000007,-6.378820999999959],[106.90526000000006,-6.379028999999946],[106.90512000000007,-6.379164999999887],[106.90495800000014,-6.379210999999884],[106.90488623800007,-6.3792338209999],[106.90469700000006,-6.379293999999902],[106.90465451200009,-6.379306536999877],[106.90457500000008,-6.379329999999868],[106.90451300000007,-6.379402999999968],[106.90452100000005,-6.379474999999957],[106.9045720000002,-6.379573999999877],[106.9045850010001,-6.37960099999998],[106.90469300000007,-6.379808999999966],[106.90463700000004,-6.379908999999884],[106.90454800000015,-6.3799719999999525],[106.90442400000018,-6.379990999999961],[106.90439580300006,-6.379993681999963],[106.90434994800012,-6.379998042999887],[106.90408133400007,-6.380023592999976],[106.90403500000014,-6.380027999999811],[106.90396200100008,-6.380109999999945],[106.9038980000002,-6.380263999999954],[106.90391000000011,-6.380290999999886],[106.90390950000005,-6.3802954999999315],[106.90390900000006,-6.38029999999992],[106.90394015200013,-6.380323692999923],[106.90405100000004,-6.380407999999875],[106.90410137900005,-6.380446365999944],[106.90418100000016,-6.380506999999909],[106.90421700000013,-6.380623999999898],[106.9043115020001,-6.3811831889998984],[106.90435000100018,-6.381410999999844],[106.90436698600007,-6.3814726639999435],[106.90444200000007,-6.381744999999853],[106.90445409300008,-6.38179682599997],[106.9044840000002,-6.38192499999991],[106.90450100000015,-6.381952999999896],[106.90450121900011,-6.381953360999944],[106.90450143900011,-6.381953721999878],[106.9045830010001,-6.3820879999998965],[106.90464700000018,-6.382231999999931],[106.90464199400009,-6.382277348999935],[106.90463000000017,-6.38238599999994],[106.90454500100014,-6.382657998999889],[106.90445600000015,-6.3830829999998855],[106.90448292000008,-6.383185012999888],[106.90449400000011,-6.383226999999977],[106.90458621900018,-6.383396267999956],[106.90464931800017,-6.383512085999939],[106.9047162020002,-6.383634850999897],[106.90472500000004,-6.383650999999816],[106.90472713800006,-6.383710690999976],[106.90473700000013,-6.3839859999998225],[106.90479500000015,-6.3840759999998795],[106.90488100000016,-6.384093999999948],[106.90496000000013,-6.384129999999914],[106.90500130800018,-6.384189962999926],[106.90502200000009,-6.384219999999914],[106.9050630000001,-6.384381999999903],[106.90504952300017,-6.384504228999958],[106.9050340010001,-6.384644999999978],[106.90496100000001,-6.384870999999862],[106.90481900100008,-6.385205999999869],[106.90468700000008,-6.385359999999821],[106.9045322660001,-6.385524871999962],[106.90447331900009,-6.3855876809998335],[106.90439700000007,-6.3856689999998935],[106.90409400000004,-6.386049999999955],[106.90390300100017,-6.386474999999962],[106.90387800000013,-6.386655998999913],[106.90390600000012,-6.386791998999911],[106.90397400000006,-6.38682799999998],[106.9044570000001,-6.386997999999892],[106.9045000000001,-6.387069999999824],[106.90449300000006,-6.387177999999949],[106.9044390000002,-6.387268999999947],[106.90429900000015,-6.387413999999865],[106.90390700000006,-6.387794999999926],[106.90368798600002,-6.388035914999875],[106.90352896700011,-6.388210835999871],[106.90352700000005,-6.388212999999894],[106.90352678300013,-6.3882203099999515],[106.90352391600015,-6.388317098999892],[106.90352300000006,-6.388347999999951],[106.90352622100005,-6.388358295999922],[106.90357043700016,-6.388499613999954],[106.90359943599998,-6.388547922999976],[106.90362898100005,-6.388590810999972],[106.90363153200019,-6.388594513999919],[106.90363464900014,-6.388599038999928],[106.90363468200007,-6.388599086999932],[106.90363471600006,-6.388599135999868],[106.90363600000018,-6.388600999999937],[106.90364004300005,-6.38860697399997],[106.90366668100012,-6.388646334999862],[106.90369967900006,-6.388695092999967],[106.90370134000005,-6.388697546999936],[106.90370300000006,-6.388699999999972],[106.90377512000015,-6.388789593999888],[106.90412400000008,-6.389222999999959],[106.90412950800015,-6.389329022999959],[106.90413200000017,-6.389376999999911],[106.90409500000015,-6.3895219989998395],[106.90402193000011,-6.389609684999812],[106.90402090100014,-6.389610919999825],[106.90402000100005,-6.389611999999829],[106.90401906400007,-6.389611999999829],[106.90401500000007,-6.389611999999829],[106.90398100100003,-6.389693999999963],[106.90403200000009,-6.389756998999928],[106.90426600000006,-6.390008999999964],[106.90421300100007,-6.39026199999995],[106.90408900000017,-6.390587999999923],[106.90408200000013,-6.39075099899992],[106.90411300000005,-6.390994999999862],[106.90421000000009,-6.391093999999953],[106.90425300100014,-6.391138999999953],[106.90436200000005,-6.391292999999905],[106.90437078100013,-6.391324243999918],[106.90440500000005,-6.3914459999999735],[106.90437600000013,-6.391608998999857],[106.90429000000012,-6.3918259999999805],[106.90407600100008,-6.392215999999962],[106.90407527400009,-6.3922168909999755],[106.90392100100007,-6.39240599999988],[106.90379779700015,-6.39258342699992],[106.90360163399998,-6.392865922999931],[106.90356200000008,-6.392922999999939],[106.90338600000013,-6.393004999999903],[106.90329132200009,-6.393064830999947],[106.90324200000009,-6.393095999999957],[106.90321500000016,-6.393122999999889],[106.90309200000013,-6.393258999999944],[106.90301081200016,-6.393383062999931],[106.90291400000012,-6.393530999999882],[106.90283800000003,-6.393747999999903],[106.90282960700017,-6.39376366599987],[106.90282300000007,-6.393775999999832],[106.90280213900019,-6.3938101359999],[106.90276800000015,-6.393865999999889],[106.9026970000001,-6.393902999999966],[106.902467263,-6.393911508999963],[106.90242700000016,-6.393912999999884],[106.90212100000008,-6.39397699999995],[106.90161000000006,-6.394141999999931],[106.90157300000004,-6.394204999999886],[106.90145400000011,-6.3944139999999265],[106.90130280300014,-6.394535403999953],[106.90129406600005,-6.3945424199999366],[106.9012510010001,-6.394576999999913],[106.90109500100016,-6.3946229999999105],[106.90105636300018,-6.39461643899989],[106.90098900000004,-6.394604999999956],[106.90086400000013,-6.394523999999819],[106.90080574600012,-6.3944833729999],[106.90059300000013,-6.394334999999899],[106.90045787200012,-6.394320731999869],[106.90043200100018,-6.394317999999828],[106.90032200000007,-6.39434499999993],[106.90015200000005,-6.394508999999971],[106.90002100100014,-6.394590999999934],[106.89986200000004,-6.394735999999966],[106.89968422000004,-6.394872522999947],[106.89962500000013,-6.394917999999905],[106.89934400000016,-6.394909999999868],[106.89928400000014,-6.3948559999999475],[106.89922100100017,-6.394710999999916],[106.8991180000001,-6.394494998999903],[106.8990300000001,-6.3944499999998925],[106.89887800000014,-6.394440999999972],[106.89855200000017,-6.394469999999956],[106.89845200000008,-6.394550999999922],[106.89841300000006,-6.394641999999976],[106.89844200100003,-6.394731999999976],[106.89853300000004,-6.394885998999939],[106.8985970010001,-6.395020999999815],[106.89859472900008,-6.395047015999921],[106.89858600000014,-6.395146999999952],[106.8985138910001,-6.395446173999915],[106.89849199999998,-6.395536999999877],[106.898417,-6.395653999999979],[106.89833900000014,-6.395690999999829],[106.89818078400003,-6.395759748999922],[106.8981710000001,-6.395763999999929],[106.89793400100012,-6.395872999999881],[106.89778300000012,-6.3959729999999695],[106.89772500000015,-6.396153999999967],[106.89772400000004,-6.396415999999931],[106.89782700000006,-6.3967049999998835],[106.89792300000016,-6.3967589999999745],[106.89800074600004,-6.396791203999896],[106.8980790510002,-6.396823639999923],[106.89816200000007,-6.396857999999952],[106.89820200000014,-6.396992999999895],[106.8981950000001,-6.397164999999916],[106.89817200000016,-6.397200999999882],[106.89817377700007,-6.397202128999879],[106.89820578400014,-6.397222454999962],[106.89823068600003,-6.397238268999956],[106.89824688300007,-6.397248554999919],[106.89831129900006,-6.397289463999925],[106.89837411700012,-6.397367985999949],[106.89838982100014,-6.3973851179999315],[106.89841409200011,-6.397402250999846],[106.89845121100007,-6.397419382999942],[106.89845977700008,-6.397419382999942],[106.8984683430001,-6.397419382999942],[106.89852830600017,-6.397412243999952],[106.89867392900004,-6.397375124999883],[106.89878386000015,-6.397353709999891],[106.89882240700007,-6.397347998999976],[106.89885667100009,-6.397352281999872],[106.89889236300019,-6.397360847999948],[106.89891235100004,-6.39737084199993],[106.89893804900004,-6.3973993949999794],[106.89900229400013,-6.397482199999956],[106.89905511800004,-6.397557866999932],[106.89923072300013,-6.397767735999878],[106.89925265900013,-6.397843294999916],[106.89928211900008,-6.397944767999945],[106.89932983400007,-6.398108587999843],[106.89936778000015,-6.398238868999954],[106.89942917000008,-6.398430177999899],[106.89943776000007,-6.398431094999978],[106.8995762200002,-6.398445881999862],[106.89974040300018,-6.398468724999873],[106.89993314000003,-6.398498705999884],[106.90007162400013,-6.398524403999943],[106.90009732200014,-6.398348799999894],[106.90032146800019,-6.398400195999898],[106.90040998400008,-6.398433032999947],[106.900486774,-6.398485760999961],[106.90065982700003,-6.398297403999834],[106.90075548100015,-6.398148924999873],[106.90077090100016,-6.398083939999935],[106.90083611100005,-6.39806111099989],[106.90090177400009,-6.398034601999939],[106.90104426200014,-6.398081612999931],[106.90115562100004,-6.3981225399999175],[106.9012993410002,-6.39818345399982],[106.90135264000008,-6.398201537999967],[106.90139166400013,-6.398209151999879],[106.90142021700007,-6.39822438099992],[106.90148589000012,-6.398259596999878],[106.90152015500018,-6.398272921999933],[106.90156584000016,-6.398277680999968],[106.90163246500003,-6.398280535999959],[106.90170765600016,-6.398273872999937],[106.90176000400004,-6.398266258999911],[106.90180378600013,-6.398251981999977],[106.9018390020002,-6.398236753999981],[106.90184946900007,-6.398233422999965],[106.90185994200016,-6.398230090999959],[106.90191324099999,-6.398226283999975],[106.90196273400011,-6.39822438099992],[106.90197701100016,-6.398223428999927],[106.90198272100008,-6.398222001999898],[106.90198843200011,-6.398220573999936],[106.90199985400017,-6.398213910999857],[106.90200604000012,-6.398207724999963],[106.90201222700006,-6.398201537999967],[106.9020312630002,-6.398181549999947],[106.90205791300008,-6.398151092999967],[106.90209788800013,-6.39811016699997],[106.90213881400012,-6.398074949999966],[106.90218735500014,-6.398038782999947],[106.90221781200006,-6.398016891999873],[106.90223875200002,-6.398007373999974],[106.90224874500007,-6.398007373999974],[106.90225873900016,-6.398007373999974],[106.90227872700007,-6.398007373999974],[106.90230537700012,-6.39800642199998],[106.90231489300004,-6.398004042999901],[106.90232441200004,-6.398001662999945],[106.90234440000006,-6.39799500099997],[106.90236666700002,-6.398002777999977],[106.90243196400002,-6.398024505999899],[106.9024984190001,-6.3980354859999125],[106.9025414190001,-6.398042589999875],[106.90264040500011,-6.398051155999951],[106.90268418700003,-6.398046396999916],[106.90273082400006,-6.398040685999888],[106.90277651000014,-6.398028312999941],[106.90282273800005,-6.398038800999927],[106.90300704100008,-6.3980865599999674],[106.90307405500016,-6.398102458999972],[106.90311711900017,-6.398108279999974],[106.9031865250002,-6.39812416999996],[106.90321643900018,-6.398130637999884],[106.90327147600004,-6.397798558999966],[106.90327420800008,-6.397761230999947],[106.9032809520001,-6.397683914999959],[106.90333549700011,-6.397506451999959],[106.90338332300013,-6.39735492199992],[106.9034877310001,-6.397392031999971],[106.90361117700019,-6.397432834999961],[106.90370744500012,-6.397470513999963],[106.90373978200006,-6.397485464999875],[106.90381592100005,-6.397511735999842],[106.90386549100009,-6.397530928999913],[106.90393803600011,-6.397555060999878],[106.90400408100015,-6.397567733999949],[106.903998005,-6.397525262999977],[106.90398087900019,-6.397405554999921],[106.90397996000002,-6.397399136999923],[106.90397904200012,-6.3973927189999245],[106.903952775,-6.397251194999967],[106.90415845500013,-6.397325311999964],[106.90419906900013,-6.397337304999951],[106.90427585999998,-6.397359981999898],[106.90428006399998,-6.397361222999905],[106.9042868260002,-6.397359940999877],[106.90434697200004,-6.3973485359999245],[106.90436992100007,-6.397346536999919],[106.90437853400016,-6.397347939999975],[106.90438714800018,-6.397349343999906],[106.90440725500014,-6.397355009999842],[106.90441922700006,-6.397359270999914],[106.90443119900016,-6.397363532999918],[106.90448099000008,-6.397377701999858],[106.90459166700009,-6.397441666999896],[106.90459209200009,-6.397439159999976],[106.9045925160001,-6.397436652999943],[106.90461783200004,-6.397287110999912],[106.90468207700013,-6.3971431539998775],[106.90503177000005,-6.397333557999843],[106.90503922100004,-6.3973105079999755],[106.90508472800013,-6.397169736999956],[106.90512509500019,-6.3972222149999425],[106.90520690400012,-6.397255664999875],[106.90538502300001,-6.3973124169999664],[106.90542427999998,-6.397174291999875],[106.90546526100007,-6.397030104999942],[106.90574589700003,-6.397078919999899],[106.90579064300005,-6.397107679999976],[106.90584587800004,-6.397131158999969],[106.90590365300011,-6.397136186999944],[106.90594042800006,-6.397125474999939],[106.90594807800016,-6.397078169999929],[106.90597919200007,-6.396967773999961],[106.90602601500012,-6.396812663999981],[106.9060372300001,-6.396770606999894],[106.90606739700019,-6.396657484999935],[106.9061040680001,-6.396638997999844],[106.90618547700018,-6.3966465609999545],[106.90624597300001,-6.396662064999873],[106.90628264100008,-6.396622516999969],[106.90630089300015,-6.396580505999964],[106.90632701800007,-6.396551482999882],[106.90641899200006,-6.396574734999945],[106.90647695800004,-6.396611309999969],[106.9065400950002,-6.396655730999896],[106.90665319900017,-6.396689479999907],[106.90674520200002,-6.396720686999913],[106.90682423300012,-6.396770290999939],[106.90690465000011,-6.396839389999968],[106.90691314900016,-6.396846692999873],[106.9069216480001,-6.3968539959999475],[106.90701648700019,-6.396906162999926],[106.90714002900012,-6.396941319999883],[106.90724838900019,-6.397110907999888],[106.90723626500011,-6.397141970999883],[106.90721285800004,-6.3972019429999705],[106.90732196500005,-6.397248121999951],[106.90767509400007,-6.397397580999893],[106.90780041700003,-6.397449495999922],[106.90784393600018,-6.397467522999932],[106.90810785200017,-6.397551381999904],[106.90829043000019,-6.39760939599995],[106.90832484800018,-6.397520091999979],[106.90832871200013,-6.397510065999882],[106.9083515550002,-6.397458669999878],[106.9083793320001,-6.397464373999924],[106.90864182500019,-6.397518272999946],[106.90888142800003,-6.39758030999991],[106.90896553300018,-6.3973690079999415],[106.90890323600007,-6.3973352709999745],[106.90893242599998,-6.397272824999959],[106.90897380600006,-6.397182661999977],[106.90898081600011,-6.3971673889999465],[106.90907549000013,-6.397203291999972],[106.9090957570001,-6.397210977999919],[106.90918193300013,-6.397238069999958],[106.90919175900007,-6.397217830999864],[106.90923356200005,-6.397131731999934],[106.90932695600014,-6.397168018999935],[106.90931922300013,-6.3971935979998875],[106.90935729400019,-6.397209064999913],[106.90935277400013,-6.397248383999965],[106.90935134500012,-6.39726081799995],[106.90935277800014,-6.397297221999963],[106.90939256200005,-6.397289294999894],[106.9094790870002,-6.397275793999938],[106.90948050900016,-6.397275571999842],[106.90963347200011,-6.397254909999901],[106.9097319440001,-6.397242104999918],[106.90983034400006,-6.397210161999851],[106.9098523470002,-6.39721103699992],[106.90989728700015,-6.3972070429999235],[106.90989048500012,-6.397178361999977],[106.90993924700007,-6.397156044999974],[106.90997600300011,-6.3971372499999575],[106.91002537600019,-6.397103336999976],[106.91002893400014,-6.397095428999933],[106.91003249100015,-6.397087521999936],[106.91009262900019,-6.397055003999981],[106.91007145200012,-6.396954611999945],[106.91002129100013,-6.396776102999979],[106.91008293800019,-6.396763673999942],[106.9100875760002,-6.396756838999977],[106.9100922140002,-6.396750003999955],[106.91016032800019,-6.396740420999947],[106.91017913400015,-6.3967819749999535],[106.91023507000011,-6.396776743999965],[106.91031479600014,-6.396802999999977],[106.9104481560002,-6.396783845999835],[106.91049412600006,-6.3967717239999615],[106.91052268900006,-6.396764191999978],[106.91050382700007,-6.396707567999897],[106.9104972510001,-6.396675297999934],[106.91049429100019,-6.396650908999959],[106.9104887920002,-6.396522469999979],[106.9104922750002,-6.396494467999958],[106.910500006,-6.396451380999963],[106.91051486000003,-6.396394630999964],[106.91052125400017,-6.3963695119999215],[106.9105254660002,-6.396352967999974],[106.91053511700017,-6.396247436999943],[106.91061480600013,-6.396263646999955],[106.9106521880002,-6.396285037999974],[106.91070614500012,-6.3963264609998305],[106.91083528300015,-6.396329568999818],[106.91090847300018,-6.396334319999937],[106.91093716700004,-6.396334212999932],[106.91098098200001,-6.396349120999901],[106.91115392300003,-6.396383068999967],[106.91119090500007,-6.3962327799998775],[106.91113555000004,-6.396201122999912],[106.91116248500003,-6.396113468999943],[106.91168368700016,-6.396282700999848],[106.91185602500008,-6.3963279889999285],[106.91191604700003,-6.396338903999947],[106.91199314200014,-6.3963455659999795],[106.91214447600004,-6.396375546999877],[106.91219063200009,-6.3963846509999485],[106.91219483700019,-6.396385479999935],[106.91221830100017,-6.396264827999971],[106.91225810800017,-6.396068536999962],[106.91226432500008,-6.396037878999948],[106.91233423099999,-6.396059825999885],[106.91243656400002,-6.396088748999944],[106.91255087500019,-6.396123608999915],[106.91270763800009,-6.396160701999975],[106.91270675400017,-6.396163993999949],[106.91270587000014,-6.396167286999969],[106.91275793800014,-6.396183239999971],[106.91292847800008,-6.396227457999885],[106.91298712000014,-6.396242788999928],[106.91315348900014,-6.39629061099987],[106.91319355700006,-6.396294647999923],[106.91321449600008,-6.396298756999954],[106.9132426230002,-6.396307024999885],[106.91325816800014,-6.396307564999972],[106.91331132100004,-6.396293611999965],[106.91338197800007,-6.396324446999927],[106.91343945100016,-6.396346958999914],[106.91345021100017,-6.396346918999939],[106.91346097200005,-6.3963468779999175],[106.9134764010002,-6.396316320999972],[106.91353822300016,-6.396222197999975],[106.91356972199998,-6.396172442999955],[106.91362944400015,-6.396156671999904],[106.91368488800009,-6.396115798999972],[106.91373587900017,-6.396163451999939],[106.91375982000011,-6.396171137999943],[106.91380705699999,-6.396173951999913],[106.91382859800012,-6.39617925399989],[106.91388141900012,-6.396076193999818],[106.91393472100009,-6.3961023099999466],[106.91396556900014,-6.396038203999979],[106.91403987100011,-6.395924299999933],[106.91407854300007,-6.395874517999914],[106.91411899800016,-6.395821739999974],[106.91415350800014,-6.3957779549999145],[106.9141903950001,-6.39573057199982],[106.91423262300003,-6.395672404999971],[106.91426831100017,-6.395623829999977],[106.914372942,-6.395467351999969],[106.91444965800014,-6.395359418999931],[106.91448357000013,-6.395315635999964],[106.91452996700014,-6.39525326699993],[106.91458029400013,-6.39518699599995],[106.9146136110001,-6.395143812999947],[106.914620797,-6.395146031999957],[106.91462798400016,-6.395148250999966],[106.9147376190001,-6.3951821039999],[106.91477212500013,-6.39519365599989],[106.9149128750002,-6.39524077599998],[106.91503689400008,-6.3952819379999255],[106.91506273700014,-6.395286625999859],[106.91513645100002,-6.395304052999961],[106.91521184200013,-6.395322191999867],[106.91529368800019,-6.395339827999976],[106.91535901300017,-6.395351784999832],[106.91538198400019,-6.395356004999826],[106.91540063600013,-6.395355935999817],[106.91540744500008,-6.3953544749999764],[106.91541425500014,-6.395353013999909],[106.91542929500014,-6.395346499999903],[106.91543501700005,-6.395341812999959],[106.91544073800009,-6.395337126999948],[106.91547477400007,-6.395308211999975],[106.91549076400014,-6.395294845999899],[106.91549660600009,-6.395289962999868],[106.91550244700011,-6.395285080999884],[106.9155141670002,-6.395275277999872],[106.91554505900012,-6.395270402999927],[106.91555765200019,-6.395268415999965],[106.91557024500008,-6.3952664299999356],[106.91557016600012,-6.395225409999853],[106.91576676200009,-6.395235441999887],[106.91574905000004,-6.3952950719999535],[106.91579926499998,-6.395294884999828],[106.91584480700004,-6.395300007999879],[106.91588071000007,-6.395309442999974],[106.91597830100005,-6.39534914799998],[106.91605188000005,-6.395379555999909],[106.91610163900015,-6.39540011999992],[106.91610828000006,-6.395403155999816],[106.9161149200001,-6.395406191999882],[106.91618727100013,-6.395439270999873],[106.91620944100003,-6.3954179359998875],[106.91631289100002,-6.395457737999891],[106.91651647600008,-6.395546668999941],[106.91674178000011,-6.395639579999909],[106.91681111100007,-6.395508332999896],[106.91683174400009,-6.395463965999966],[106.91698450600012,-6.395538205999969],[106.91703304700013,-6.395561047999934],[106.9172000850001,-6.395585318999963],[106.9173571290001,-6.395645280999929],[106.91737921700019,-6.395594519999918],[106.91742991000018,-6.395478020999974],[106.9174921620002,-6.395507659999851],[106.91758197000013,-6.395544403999963],[106.91759408299998,-6.395546451999962],[106.91760619600001,-6.395548499999961],[106.91763729500019,-6.395551971999964],[106.91767494700014,-6.395549438999922],[106.9177466700001,-6.395545582999944],[106.91776756700017,-6.395545504999973],[106.91778791800016,-6.39554542999997],[106.91786740000015,-6.395538553999927],[106.91797078800016,-6.395529795999892],[106.91806703400016,-6.3955294369999365],[106.91816386300007,-6.395525486999816],[106.91820814099998,-6.3955307489998745],[106.91823494000016,-6.395535433999839],[106.91824691000011,-6.395538737999914],[106.91825887700014,-6.395542041999931],[106.91828497800003,-6.39555199199998],[106.91831156800015,-6.395564809999939],[106.91835685300003,-6.395589040999937],[106.91839568400013,-6.395614013999932],[106.91842156200016,-6.395628269999975],[106.9184424030002,-6.395638239999926],[106.91845821200019,-6.395645356999978],[106.91850243900018,-6.395751246999907],[106.91854384200013,-6.39581549299993],[106.9185624010002,-6.39583833599994],[106.91857525000012,-6.395852611999942],[106.91858952700011,-6.395868316999952],[106.91859523800014,-6.395876168999962],[106.91860094900017,-6.395884020999972],[106.91860808700005,-6.395904008999935],[106.91861237000012,-6.395919712999898],[106.91861379800008,-6.395931135999888],[106.91861522500011,-6.395942555999966],[106.91861382899998,-6.396011727999962],[106.91862660100014,-6.395993925999846],[106.918662348,-6.395961497999906],[106.9187052600002,-6.395926650999968],[106.9187696480002,-6.395879763999972],[106.91882217800008,-6.395859234999875],[106.91889146500006,-6.3958434259998285],[106.9189894540001,-6.395829904999971],[106.91902362300016,-6.395823847999964],[106.91907906600005,-6.395814019999875],[106.91921653300011,-6.39580633099996],[106.91935647100019,-6.3958201609999605],[106.91948209300006,-6.395842417999916],[106.91959464000007,-6.395885055999884],[106.9197036490001,-6.395940864999886],[106.91978546000001,-6.396002351999925],[106.91978757700014,-6.396003942999869],[106.91985922500004,-6.396044101999905],[106.91987006000011,-6.396049079999955],[106.91994186400018,-6.3960820679999415],[106.91995909799999,-6.396089058999905],[106.92001490700011,-6.396111696999981],[106.9201179060002,-6.396159154999907],[106.9201910020002,-6.396203137999919],[106.92025571300013,-6.396242366999957],[106.92030725700016,-6.3962780559999715],[106.92034326800018,-6.39631619599993],[106.92036733600003,-6.396357967999961],[106.92038926700019,-6.396384690999923],[106.92039375900004,-6.396390164999957],[106.9204142270001,-6.396428361999824],[106.92042625400012,-6.396447454999873],[106.92046462100018,-6.396476016999941],[106.92050539200011,-6.39650815899995],[106.92054018500005,-6.396540322999954],[106.9205881690001,-6.396583201999931],[106.92060502400017,-6.396614237999927],[106.92062193600015,-6.396660820999955],[106.92064243500016,-6.396707390999893],[106.92066410000007,-6.396745584999962],[106.92069655000012,-6.396790914999883],[106.92073495699998,-6.396830240999918],[106.92078411500017,-6.396867135999969],[106.92084283800011,-6.396903995999935],[106.92089437300007,-6.396937292999894],[106.92093392100014,-6.396962262999921],[106.92097106100016,-6.396982456999922],[106.92100308800008,-6.396999777999952],[106.92101059600014,-6.397003838999922],[106.92105487800006,-6.397015633999899],[106.92109915500009,-6.397026232999906],[106.92114339200015,-6.397026067999889],[106.92119593200005,-6.3970079299999725],[106.92123290100017,-6.396982673999958],[106.92126624400015,-6.396946666999895],[106.92130189700003,-6.396889121999948],[106.92135051400004,-6.396781293999879],[106.92137774900004,-6.396710622999819],[106.92140142400018,-6.396647142999882],[106.92144527700015,-6.396544115999973],[106.92148906200015,-6.39642314799994],[106.92151624900015,-6.396339320999914],[106.9215649190001,-6.396245844999896],[106.921588724,-6.396217049999905],[106.92159937700012,-6.396188304999953],[106.921600479,-6.396163183999818],[106.92159082900014,-6.396140492999962],[106.92157518900007,-6.396114237999939],[106.92157030300018,-6.39608674699997],[106.92156420900005,-6.3960556709998855],[106.92156529300013,-6.39602576599998],[106.92156519400004,-6.3959994519999555],[106.92156748800005,-6.395973129999902],[106.92157093100008,-6.395934842999907],[106.92156961900014,-6.395903749999945],[106.921556356,-6.3958738969999445],[106.9215346700002,-6.395829723999952],[106.92151778000004,-6.395789119999961],[106.92149968100006,-6.395744932999946],[106.92149674000007,-6.395729090999964],[106.92149480000006,-6.395718637999892],[106.92149554100007,-6.395652427999835],[106.92149569700007,-6.395638496999936],[106.92151191200008,-6.39549849499997],[106.92151433499998,-6.3954155239999295],[106.92151509100006,-6.395389639999962],[106.9215220120002,-6.395108406999952],[106.92153164300004,-6.39499785299995],[106.92153170400013,-6.39499699199996],[106.921537092,-6.394920327999898],[106.92154120800018,-6.3948700769999505],[106.92154681800014,-6.3948356089999265],[106.92155530299999,-6.394802564999964],[106.92158092400007,-6.394747928999948],[106.92162095700013,-6.394710461999978],[106.92166817900011,-6.394677273999889],[106.92171400299998,-6.394654136999918],[106.92177274100004,-6.394630952999876],[106.92182146200008,-6.394614982999883],[106.92189601800004,-6.394601785999953],[106.92198208000008,-6.394595722999952],[106.92208107400006,-6.394595352999943],[106.92219158900008,-6.394606421999981],[106.92228486800008,-6.394611813999973],[106.92236952100006,-6.394612932999962],[106.922508687,-6.3946124129999475],[106.92258614000013,-6.3946063819999495],[106.92264634400016,-6.3945918039999015],[106.92266037300016,-6.39458693399996],[106.92269649500014,-6.394574392999971],[106.92274659600008,-6.394544063999945],[106.9227895200001,-6.394512326999916],[106.92281809000013,-6.39447920799995],[106.92283518300002,-6.39444613299986],[106.92284655300011,-6.394417383999951],[106.92285492600018,-6.3943541999999525],[106.92285904200014,-6.39430394999988],[106.92285169700017,-6.3942580479999265],[106.92283004700016,-6.394223681999904],[106.92279121900015,-6.394199426999876],[106.92267773800006,-6.394162533999918],[106.92266222,-6.394155643999966],[106.92263606199998,-6.3941440309998825],[106.92256858200011,-6.39413136599984],[106.92249970600011,-6.394128752999961],[106.92243942100015,-6.3941218019999155],[106.92239204400005,-6.394113366999932],[106.92233892300004,-6.394103518999941],[106.92227859000008,-6.39408365099996],[106.92219660800004,-6.39402941599991],[106.92201523900007,-6.393870775999858],[106.92187771800013,-6.393750885999964],[106.92183819200005,-6.3937164269999585],[106.92169290600015,-6.393615063999903],[106.92151177300013,-6.3935195769999495],[106.92142214699999,-6.393461067999965],[106.92140246800005,-6.3934482209999715],[106.92131183000004,-6.393381100999932],[106.92123414600019,-6.393325414999936],[106.92113625500014,-6.393236791999868],[106.92101821200009,-6.3931310219999204],[106.92095486000017,-6.393070975999933],[106.92091015400018,-6.393009425999821],[106.9208841800002,-6.392969333999872],[106.920872557,-6.392930623999973],[106.92086809699998,-6.392889017999892],[106.92087083300004,-6.39285312599992],[106.92089061800016,-6.3927726749999465],[106.92092316100013,-6.392650553999886],[106.92094873500008,-6.392582998999956],[106.920975795,-6.392529792999937],[106.92101439400011,-6.392492330999914],[106.92105158800018,-6.39246348599994],[106.92108873500013,-6.392421723999973],[106.92113717700005,-6.392331118999834],[106.92118411000013,-6.392220425999824],[106.92126806600015,-6.392034959999933],[106.92132221500009,-6.391935721999971],[106.92134345700009,-6.391861007999921],[106.92136319500008,-6.391767639999841],[106.9213714230001,-6.391665702999944],[106.92137123500004,-6.391615469999863],[106.92137533100004,-6.39155947799992],[106.92138866500011,-6.391518950999966],[106.92139093399999,-6.391512054999907],[106.9214137940001,-6.39148613399982],[106.92144100000007,-6.391471678999949],[106.92144548500016,-6.391458965999959],[106.92145519600018,-6.391431437999927],[106.92145508400017,-6.391401296999902],[106.92146058700018,-6.391338122999912],[106.92147754600006,-6.391269165999972],[106.92150880400015,-6.3911872379999295],[106.92154009500018,-6.391113920999942],[106.92155974600013,-6.391064235999977],[106.92156567800009,-6.39104923799988],[106.92158696800004,-6.390987439999947],[106.92160106300008,-6.390919928999949],[106.92161853300007,-6.390861327999971],[106.9216194830002,-6.390858142999889],[106.92164936500018,-6.390792006999959],[106.92169352000019,-6.390705724999975],[106.92171884200013,-6.390669483999943],[106.9217377600001,-6.390642406999973],[106.92179636200018,-6.390583340999967],[106.92183410400008,-6.390556787999913],[106.92185789299998,-6.390540051999949],[106.92192370800001,-6.39049100699998],[106.92198666200011,-6.390444841999965],[106.92204677000007,-6.390404428999943],[106.92211692500013,-6.390365413999973],[106.92214984800012,-6.390345196999931],[106.92217266900013,-6.390309228999968],[106.92219107900002,-6.390244572999961],[106.92220670000017,-6.39020145499984],[106.92221370200002,-6.390155499999935],[106.92221778600003,-6.390096636999942],[106.92222043700014,-6.390037780999876],[106.92221016300005,-6.389976100999945],[106.92219122800014,-6.389900101999956],[106.92213046700016,-6.389765410999928],[106.92197728600019,-6.3894703139999365],[106.92186715200017,-6.389244997999924],[106.92186333500013,-6.389237188999971],[106.92184283000012,-6.389195239999879],[106.92180085500007,-6.389096360999872],[106.92178484400011,-6.389034703999926],[106.9217817490001,-6.38897443299993],[106.92178878300012,-6.388937088999853],[106.92179674599998,-6.388914518999911],[106.92180298000017,-6.388896847999888],[106.9218035680002,-6.388895822999814],[106.92181866000004,-6.388869517999922],[106.92185222800015,-6.388844134999886],[106.92185299600004,-6.388843554999937],[106.92189021200011,-6.388820451999948],[106.92195037300019,-6.388794390999919],[106.92200052300007,-6.388776980999921],[106.92205929200009,-6.388762407999877],[106.92207790300012,-6.388760313999967],[106.92208859900006,-6.388759110999956],[106.9221252600002,-6.388754985999981],[106.9221769040002,-6.388753356999928],[106.92222715000008,-6.388761780999914],[106.92227601000008,-6.388783126999897],[106.92233498800016,-6.388824530999955],[106.9224018650001,-6.388884548999954],[106.92240984400013,-6.388891709999825],[106.92242799700011,-6.388914518999911],[106.92250209800011,-6.38900762399993],[106.92257847400003,-6.389097760999903],[106.92265193900016,-6.389176428999917],[106.9227153010001,-6.389239343999975],[106.92276574000005,-6.389299437999966],[106.92279174200007,-6.389346705999969],[106.9228163250001,-6.389398283999981],[106.92282717900008,-6.389435280999862],[106.92283230900017,-6.389452764999874],[106.92284691300011,-6.38952160499997],[106.92285571500014,-6.3895732429999725],[106.92285586500014,-6.38961342999994],[106.9228560520001,-6.3896636639998405],[106.92285911500005,-6.389715322999848],[106.92287075900015,-6.38975977399997],[106.92289817400018,-6.389801294999927],[106.92294711900007,-6.389845605999881],[106.92299888100007,-6.389875552999968],[106.92306354900012,-6.389904017999925],[106.92313248400006,-6.389922418999845],[106.92319704500017,-6.3899221779998925],[106.9232773130002,-6.389901782999914],[106.92331305700014,-6.389868636999836],[106.92334586200013,-6.389816844999814],[106.92335570600005,-6.389763702999858],[106.92336693900018,-6.389673923999965],[106.92334896599999,-6.389548594999894],[106.92333133600016,-6.389437665999878],[106.92333091400013,-6.389435280999862],[106.92331374700001,-6.389338217999978],[106.92330951200012,-6.38932502699987],[106.92328858600018,-6.389259848999927],[106.92326345500015,-6.389189134999924],[106.92324606600005,-6.389143270999966],[106.923236369,-6.389107903999957],[106.92322955200007,-6.389075395999839],[106.92322556300019,-6.389031394999904],[106.9232254010002,-6.38898833699983],[106.92322522300014,-6.388940494999929],[106.92322993100004,-6.388914518999911],[106.92323459500005,-6.38888878899985],[106.92325537900018,-6.388819817999831],[106.92327239200006,-6.388765212999942],[106.92328940100015,-6.388709651999932],[106.92330833,-6.388655996999944],[106.9233340190001,-6.388619538999933],[106.92334974200008,-6.388606067999888],[106.92337215500004,-6.388586863999933],[106.9234103030002,-6.388557058999936],[106.923452284,-6.388529151999933],[106.92349041000017,-6.38849360599994],[106.9235228010001,-6.388459037999894],[106.92355039200015,-6.3884197039999435],[106.92356555900005,-6.388383285999964],[106.92358344200005,-6.388348054999938],[106.92361082800016,-6.388318050999942],[106.92363105400005,-6.388291660999926],[106.92365139100008,-6.388277500999891],[106.92365754300005,-6.388273217999881],[106.92368113900005,-6.388256787999978],[106.92373837900016,-6.388217102999874],[106.92373946700008,-6.388216522999926],[106.92375946400006,-6.388205858999925],[106.92377164200019,-6.388199363999831],[106.92379484100002,-6.3881869919998735],[106.92380161900007,-6.388183376999905],[106.92384788100014,-6.388152806999869],[106.9238707930001,-6.388137666999967],[106.92390626000014,-6.388115711999944],[106.92392327800007,-6.388105176999943],[106.92394796000019,-6.388087172999974],[106.92397931700003,-6.3880642999999395],[106.92401982000007,-6.388024678999955],[106.92402366600004,-6.388021257999924],[106.92402831600009,-6.388017121999951],[106.92406033500015,-6.3879886449998935],[106.92409519600011,-6.387958910999828],[106.92410681500007,-6.387949000999981],[106.92414136600019,-6.387916576999942],[106.92417112599998,-6.38788177999993],[106.92420203100016,-6.387833821999948],[106.92423764300008,-6.387765511999817],[106.92426610600006,-6.387703209999813],[106.9242862160001,-6.387645722999935],[106.92429202800008,-6.387601446999895],[106.92429789400018,-6.387571522999906],[106.92429297700005,-6.3875356579998765],[106.92428445600012,-6.387495023999975],[106.92427226800004,-6.387432873999899],[106.92426805700012,-6.387417973999902],[106.92423107400015,-6.387287105999917],[106.92422253900008,-6.38726446499993],[106.92420450800012,-6.387216636999938],[106.92418639600004,-6.387168861999896],[106.92418151500004,-6.387142566999955],[106.92417180300015,-6.387103131999879],[106.92416930000019,-6.387073239999893],[106.92417038400009,-6.387043333999941],[106.92417500200014,-6.386999061999973],[106.92418672000002,-6.386935625999968],[106.92421390600015,-6.386851798999885],[106.9242314,-6.386804591999976],[106.92424586300007,-6.386765562999926],[106.924286209,-6.386684077999973],[106.92436460300013,-6.3865462359999015],[106.92442639700005,-6.38644553499995],[106.92448586700004,-6.386362783999914],[106.92455256500006,-6.38629435799993],[106.92463357800005,-6.386217506999969],[106.92470627400007,-6.386155038999959],[106.9247350890002,-6.386133418999975],[106.92475754200001,-6.386116572999981],[106.92480997100017,-6.386088610999877],[106.924820781,-6.386082844999919],[106.92489238600018,-6.386047891999965],[106.92494251900013,-6.38602617499987],[106.92499266100003,-6.386006849999944],[106.92502371100011,-6.3859971659999815],[106.92506076000006,-6.3859934379999],[106.92508945300006,-6.3859933319998845],[106.92512055600002,-6.385997998999926],[106.92516248100003,-6.386019371999907],[106.92522360800007,-6.386059809999892],[106.92529074700019,-6.386109793999935],[106.92532914800006,-6.386147924999932],[106.92536039300006,-6.386190866999925],[106.92539046200017,-6.3862385979998635],[106.92541453800004,-6.386282760999961],[106.92541455800006,-6.386282815999948],[106.92541457800002,-6.386282870999878],[106.92542661900006,-6.38631620599989],[106.92543634500015,-6.386359228999879],[106.92544135900005,-6.3863830239998265],[106.92544143900005,-6.386383403999957],[106.92544364800011,-6.38639388699994],[106.92544985400014,-6.3864548639999725],[106.92545720999999,-6.386503875999949],[106.92545977500015,-6.386550512999918],[106.92546711100005,-6.386593543999936],[106.92546963600017,-6.386629416999938],[106.92546501500004,-6.386672492999878],[106.92545439800011,-6.386710806999929],[106.92544535899998,-6.386730897999939],[106.92544254000006,-6.386737164999886],[106.92544151400011,-6.386743037999963],[106.9254366880001,-6.386770676999902],[106.9254368190002,-6.386805785999968],[106.9254368660001,-6.3868185189999735],[106.92543233900017,-6.38688671299991],[106.92542773500014,-6.386927168999819],[106.92542539400006,-6.386947737999833],[106.925414424,-6.387004729999944],[106.92541249200002,-6.387014766999869],[106.92540473900004,-6.387062399999877],[106.92540431100014,-6.387065031999953],[106.9253937260001,-6.387111718999961],[106.92539263700007,-6.387140428999942],[106.9253927760002,-6.387177506999933],[106.9253905010001,-6.387208613999917],[106.92537727200016,-6.387244308999925],[106.92537274600011,-6.387256522999962],[106.92535733800008,-6.387292461999948],[106.92534552100011,-6.387329584999975],[106.92534204600008,-6.3873594999999455],[106.9253421750002,-6.387394185999824],[106.92534457900018,-6.387412285999972],[106.92534709700004,-6.387431245999949],[106.92535208000004,-6.3874850499999525],[106.92535422200018,-6.387519295999937],[106.92535589500005,-6.3875460359999465],[106.9253560470001,-6.387586701999851],[106.92535588600015,-6.387592150999922],[106.92535498500018,-6.387622587999886],[106.92535353800014,-6.387639200999843],[106.92535040000007,-6.387675232999868],[106.92534849200007,-6.387713181999914],[106.92534817400002,-6.3877194959999315],[106.92533638900005,-6.387764990999926],[106.9253305530001,-6.387803285999894],[106.92532469100013,-6.3878344069999],[106.92532008800003,-6.387882266999952],[106.92532026700013,-6.38793010899991],[106.9253252200001,-6.387975540999946],[106.92534097700008,-6.388032893999821],[106.92537592100012,-6.3881057239998995],[106.92538367000014,-6.388120173999937],[106.9254071430002,-6.388163946999896],[106.92542648900002,-6.388200023999957],[106.92546015300019,-6.388250133999918],[106.92549616200006,-6.388288272999887],[106.92554412800007,-6.388326367999923],[106.92558008900016,-6.388351350999869],[106.92561241500016,-6.388363190999883],[106.92565429100006,-6.388371405999919],[106.92569974500009,-6.38837721699997],[106.92575952800013,-6.38837818899998],[106.92581808,-6.388369597999883],[106.92587901400009,-6.388358604999951],[106.92594949000005,-6.388341594999872],[106.92602828600019,-6.388311399999964],[106.9261153930002,-6.3882656229998815],[106.92619292200015,-6.38821629399996],[106.9262572630002,-6.388157444999933],[106.9262882050001,-6.388119053999844],[106.92631912500019,-6.388074683999889],[106.92637258500014,-6.3879835829999365],[106.92639510900005,-6.387932066999895],[106.92642482400015,-6.387885307999966],[106.9264402450001,-6.387852955999961],[106.92644246200018,-6.387806300999898],[106.92644664200014,-6.387770908999926],[106.92645282600012,-6.38771855199991],[106.92645405100018,-6.387708179999947],[106.9264693470002,-6.38764233899991],[106.92648101700007,-6.387565745999893],[106.92649152600012,-6.387498726999922],[106.92649736499999,-6.38746162699988],[106.9264960490001,-6.38742933799989],[106.92649314300019,-6.387412285999972],[106.92648749200015,-6.38737913499989],[106.92646694000007,-6.3873182119999115],[106.92644284400001,-6.387269262999951],[106.9264140300001,-6.387237076999952],[106.92639893000012,-6.387227487999951],[106.92638406900005,-6.387218050999877],[106.92635052600019,-6.387200236999945],[106.92632294300012,-6.387177614999928],[106.9262965060002,-6.387141830999894],[106.92627596300014,-6.387083299999858],[106.92626496500014,-6.3870199499998535],[106.92626392100004,-6.38700873099998],[106.92625873600008,-6.386952992999909],[106.92625737600014,-6.3869087429998785],[106.92625470299998,-6.386833400999876],[106.92624574300015,-6.386675552999975],[106.92624160700018,-6.3866246169999386],[106.92623359900006,-6.38652598099992],[106.92623195700008,-6.386505760999853],[106.92622789500007,-6.386378991999948],[106.92622637000005,-6.386290487999872],[106.92622971400016,-6.386225887999956],[106.92623999900019,-6.386102999999935],[106.92624019300007,-6.386101757999825],[106.92624096300011,-6.386096820999967],[106.92626260800006,-6.385958004999907],[106.92630045800013,-6.385848779999947],[106.92633461800011,-6.3857759319999445],[106.92633847400009,-6.385769555999957],[106.9264030610002,-6.385662764999893],[106.92645635800005,-6.385591758999965],[106.92651732000013,-6.385524550999946],[106.92656881900007,-6.38548416999987],[106.92660316400014,-6.385461075999899],[106.9266490460002,-6.385453249999898],[106.92669114400013,-6.385456918999921],[106.92678109300005,-6.3854680659998735],[106.92684622500008,-6.3854926999998725],[106.92688646700003,-6.385511686999848],[106.92693056400003,-6.385538312999927],[106.92693065900016,-6.385538322999935],[106.92693075300014,-6.385538331999896],[106.92696692400006,-6.385542004999934],[106.92701093600016,-6.3855456679999065],[106.92705883000019,-6.385564624999972],[106.92708004400015,-6.385610474999851],[106.927087917,-6.385669770999868],[106.92709773900015,-6.385738627999956],[106.9271094880001,-6.385811304999947],[106.92710957600013,-6.385834822999925],[106.92710976800015,-6.38588593999998],[106.92711631300006,-6.385925122999936],[106.92712542200019,-6.385979652999936],[106.92715639300019,-6.386077135999926],[106.92718876800012,-6.386161416999869],[106.92719309600011,-6.386172684999906],[106.92724707300005,-6.386283477999939],[106.9273086660001,-6.386384674999874],[106.92738354100015,-6.386457114999928],[106.92743725300016,-6.386497101999851],[106.9274927990001,-6.386516030999815],[106.9275559240001,-6.38651579499998],[106.92765721600011,-6.386490536999929],[106.92786744900002,-6.386439993999829],[106.92797260200012,-6.386424289999866],[106.9280797180001,-6.386421974999848],[106.92816960300019,-6.386415896999949],[106.92831491200019,-6.386396214999934],[106.92846209800013,-6.386366958999929],[106.92863984100018,-6.386324190999915],[106.92884059600016,-6.386296646999938],[106.92896297900006,-6.386284704999923],[106.92906815300006,-6.386274741999898],[106.92917140700013,-6.386262873999897],[106.92928041400017,-6.386254808999979],[106.92936265400004,-6.386250673999882],[106.92943142600001,-6.386225537999849],[106.92948870600014,-6.386196616999939],[106.92953069600009,-6.386171581999918],[106.92953218700012,-6.38617069299994],[106.92955987400018,-6.386154184999896],[106.92957268700007,-6.386146545999964],[106.92963758200005,-6.386108027999967],[106.9297158820001,-6.386073287999864],[106.92983622300005,-6.386026907999849],[106.92985347200016,-6.386015310999937],[106.92989346700017,-6.385988418999943],[106.9299754130002,-6.385905821999927],[106.93009175600014,-6.385813526999868],[106.9301556800001,-6.385771185999829],[106.93021960500016,-6.38572884499996],[106.93033409900005,-6.385653780999974],[106.93048105500009,-6.385563284999932],[106.9305650300002,-6.3855112989999725],[106.93062603500005,-6.385455572999888],[106.93067744600012,-6.3853922269998975],[106.93072313400017,-6.385332730999949],[106.93074394600012,-6.385271414999863],[106.93076086800005,-6.385192887999949],[106.93077395699999,-6.385112462999928],[106.93079664700008,-6.385041570999931],[106.93082123400012,-6.384966843999962],[106.93086873500005,-6.384880548999945],[106.93089534300009,-6.38483451999997],[106.93091424900007,-6.38477512299994],[106.93091784600011,-6.384713871999907],[106.93091952200007,-6.384650712999928],[106.93093254000007,-6.384551149999936],[106.93096280800006,-6.38446109299997],[106.93099128600011,-6.384403573999975],[106.93101972900007,-6.384336487999974],[106.93106344700016,-6.38426168899997],[106.93108617900009,-6.384202278999965],[106.93111262300016,-6.384112234999975],[106.93112953700012,-6.384031794999885],[106.93112939200017,-6.38399305299987],[106.93112929300008,-6.383966729999827],[106.93113675100017,-6.383915031999891],[106.93117290300017,-6.38386322599996],[106.93124531300009,-6.383788319999894],[106.93125762600016,-6.383778860999826],[106.93134176100011,-6.383714230999885],[106.93136548000018,-6.383696010999813],[106.93147612000013,-6.383613306999962],[106.93157539600014,-6.383561263999923],[106.93164217600014,-6.383515084999942],[106.93171088300005,-6.383472724999876],[106.93176624800014,-6.383443810999893],[106.93182358500019,-6.383430199999907],[106.93189241400006,-6.383420373999911],[106.93199191200017,-6.383427654999878],[106.93210675000006,-6.383444446999931],[106.93222155200016,-6.383451670999932],[106.93232679000016,-6.383458930999893],[106.93263860600018,-6.383461587999932],[106.93273924800019,-6.383453749999944],[106.9327935070001,-6.383449524999946],[106.93294078500003,-6.383445144999939],[106.93314160300014,-6.38343482199997],[106.93327359200015,-6.383434326999918],[106.93349982900014,-6.383405249999896],[106.93354647300009,-6.383392129999891],[106.933658434,-6.383360638999932],[106.9336916200001,-6.383345515999963],[106.9337558260001,-6.3833162579999225],[106.93383224799999,-6.383291091999979],[106.93392783500019,-6.383275423999919],[106.9340062560002,-6.383273214999974],[106.93402547700009,-6.383274136999887],[106.93411722500002,-6.3832785399998215],[106.9341975370001,-6.383270582999955],[106.93427780100018,-6.383249230999979],[106.9343465500001,-6.383218353999894],[106.93441901700015,-6.383158755999943],[106.93449333900008,-6.383083841999962],[106.93453886700013,-6.38298224499988],[106.93455572400018,-6.382886495999969],[106.93455540100007,-6.382800380999868],[106.93457768000002,-6.38262040799998],[106.9346020230002,-6.3824806159999525],[106.93463788000003,-6.382350349999911],[106.93467193100014,-6.382248793999963],[106.93471564700019,-6.382173994999903],[106.9347574860002,-6.382108771999924],[106.93480894700008,-6.382058822999966],[106.93488140000011,-6.381995397999958],[106.93495771400006,-6.381941526999924],[106.93503977400007,-6.381889548999823],[106.93509898000019,-6.381864447999874],[106.93513246000009,-6.381854541999928],[106.93514483900015,-6.381850879999888],[106.9351945520001,-6.381844951999938],[106.93524429400014,-6.381846678999921],[106.93527684900005,-6.381856125999889],[106.93529802700004,-6.381892405999963],[106.93530774200008,-6.381932556999914],[106.93531368200019,-6.381986118999976],[106.93531373700011,-6.38200081399998],[106.93531384800019,-6.382030132999887],[106.93532740300014,-6.3820740979999755],[106.93535430500009,-6.3821065299999304],[106.93538003300006,-6.382109005999951],[106.93539257800012,-6.382110213999965],[106.93543274100017,-6.3821081479998725],[106.93546915100018,-6.382125234999876],[106.93549032200008,-6.382159602999877],[106.93549229700011,-6.382165167999972],[106.93552898900015,-6.382268538999938],[106.9355774930001,-6.382450158999916],[106.93558248700015,-6.382465386999968],[106.93562200000014,-6.382585864999953],[106.93563162700013,-6.3825994619999165],[106.93567200100006,-6.382656483999938],[106.9357181040001,-6.382707980999953],[106.93572498500004,-6.38271363399997],[106.93577375000007,-6.382753700999899],[106.935821637,-6.38277074399997],[106.93589054500006,-6.382781967999961],[106.93597279900013,-6.382781657999828],[106.93599330500018,-6.382776691999936],[106.93605306800009,-6.382762219999904],[106.93615628499998,-6.382740779999892],[106.93627250800012,-6.38271363399997],[106.93627286900005,-6.3827135499999486],[106.9362860880002,-6.382707911999944],[106.93634059500016,-6.382684665999875],[106.93639510100007,-6.38266141999992],[106.93641290500011,-6.382652023999924],[106.93641902100006,-6.382648795999955],[106.93647910100009,-6.382617088999893],[106.93653142200003,-6.382578719999913],[106.9365630380002,-6.382555534999938],[106.93659196800007,-6.382525833999978],[106.93663144800013,-6.382485302999896],[106.9366488710001,-6.38246741699993],[106.93666593900008,-6.382449893999933],[106.93670588200007,-6.382402916999922],[106.93674592700012,-6.382355821999965],[106.93677407100012,-6.382309907999968],[106.93683528600013,-6.382210042999873],[106.93685114900012,-6.382183488999885],[106.93691892800013,-6.3820700289999195],[106.93698551200015,-6.381972179999821],[106.93704636500013,-6.38187626499996],[106.93714439200016,-6.381724254999824],[106.93717378600007,-6.381678673999943],[106.93729921000016,-6.381458125999927],[106.93734914000004,-6.381368762999898],[106.9373778650002,-6.381317351999883],[106.93744171900016,-6.381203066999944],[106.93751766600013,-6.381051597999942],[106.93758328700011,-6.38090571999993],[106.93760303400006,-6.3808618209999395],[106.93765629900014,-6.380783157999929],[106.93769055800004,-6.380737100999966],[106.93771713699999,-6.380683416999943],[106.93773801300011,-6.380639322999855],[106.93774169500011,-6.38060103499987],[106.93774152200018,-6.380555106999964],[106.93773173500017,-6.380495818999975],[106.93771632400001,-6.380467170999907],[106.93769135600007,-6.380440472999908],[106.93764918000016,-6.380415753999898],[106.9375917500002,-6.380404486999964],[106.93754392800014,-6.38040466699988],[106.93749804800007,-6.380412494999916],[106.9374714430001,-6.38042147799996],[106.93745792800013,-6.380426041999954],[106.93741397600007,-6.380437688999962],[106.93734517000007,-6.380453257999932],[106.93729545700012,-6.38045918499995],[106.93724762700009,-6.380457451999973],[106.9371844870002,-6.380453861999968],[106.93708883000016,-6.380450393999922],[106.93700462700019,-6.380441141999881],[106.9368744800002,-6.3804224939999585],[106.93672321900004,-6.380384788999947],[106.93659487000014,-6.380335514999956],[106.93643010400018,-6.380267240999956],[106.93631697100017,-6.380194944999857],[106.93620568699998,-6.380105418999904],[106.93614230999998,-6.380038676999959],[106.9360654580002,-6.379949021999948],[106.93593278700018,-6.3797677179999255],[106.93581935899999,-6.379616960999897],[106.93580559100013,-6.37959942599997],[106.9357174880002,-6.379487211999901],[106.93568006400011,-6.379443796999965],[106.93553496900012,-6.379275475999975],[106.93542543200005,-6.379141927999967],[106.93538308300015,-6.379071278999959],[106.935359877,-6.379004387999942],[106.93535393700006,-6.378950825999937],[106.93534983200016,-6.378876205999973],[106.93534765300006,-6.3788054079998915],[106.93535508200006,-6.378746054999965],[106.9353758790001,-6.3786809099999005],[106.93540056100016,-6.378631061999954],[106.93543887600009,-6.378591423999978],[106.93547296900016,-6.378556154999956],[106.93556065900009,-6.37847544899995],[106.93571328600001,-6.378367708999917],[106.93579731000005,-6.378329118999943],[106.93586035500005,-6.378307831999962],[106.93590370400017,-6.3782973879999645],[106.9359329790002,-6.378290334999917],[106.93598845300016,-6.378290125999968],[106.9360573370002,-6.3782956079999735],[106.93613777200017,-6.378320183999904],[106.93614416400015,-6.378325441999891],[106.9362049300002,-6.378375429999949],[106.93626051100011,-6.378403926999965],[106.93634479900015,-6.378436142999817],[106.93645588200019,-6.3784720869999205],[106.93654774200013,-6.378483222999876],[106.93666641200019,-6.378501913999912],[106.93672386300005,-6.378518920999909],[106.93676991600006,-6.378557021999939],[106.93681411300008,-6.378610439999932],[106.93686311400012,-6.378657525999927],[106.93687362700001,-6.37866762799996],[106.93692540500007,-6.378701880999927],[106.936963719,-6.378717045999963],[106.93704797100008,-6.378739693999876],[106.93712833300015,-6.378745131999892],[106.93720102300011,-6.37874485999987],[106.93725864599998,-6.378735287999973],[106.9372717550001,-6.378733110999974],[106.93735017600011,-6.378730902999962],[106.93741912500002,-6.378753607999954],[106.93749383500017,-6.378782032999936],[106.93754313699998,-6.378811067999948],[106.93755518400019,-6.378818162999892],[106.93762415400005,-6.378846608999936],[106.93769695200001,-6.378875040999958],[106.93774480200005,-6.378882514999873],[106.9377829940002,-6.378865147999875],[106.93784977200005,-6.378818967999962],[106.93789931200007,-6.3787671119999345],[106.93793547700011,-6.378719132999947],[106.93797549000016,-6.378676880999933],[106.93798935200005,-6.378657525999927],[106.93800022700015,-6.3786423409999315],[106.93801919800006,-6.378600168999981],[106.9380190170001,-6.3785523259999195],[106.93799783200006,-6.378514131999964],[106.93794795400004,-6.378476045999832],[106.93787896900005,-6.378443771999912],[106.93781843800014,-6.378409664999936],[106.937794623,-6.378396246999955],[106.93775351800008,-6.378350574999843],[106.93771548900003,-6.378308322999885],[106.937713944,-6.37830660599991],[106.937678629,-6.37826588799993],[106.93759483000008,-6.378169266999919],[106.937483337,-6.378024243999903],[106.93744493500003,-6.377957899999956],[106.93742365000014,-6.377921127999912],[106.9373908500001,-6.377846617999978],[106.93737723800007,-6.377787343999955],[106.93736935600009,-6.377726133999943],[106.93736538700006,-6.377687874999879],[106.93737290200005,-6.37765148599982],[106.93739192900011,-6.377624623999907],[106.9374356560001,-6.377597376999972],[106.93745681600006,-6.377584190999926],[106.93757714000009,-6.377533982999864],[106.9377395030001,-6.377472133999902],[106.93783678500012,-6.3773990479999725],[106.93792065700018,-6.377320269999927],[106.93799499900007,-6.377251097999817],[106.93807503100015,-6.377168506999908],[106.93814559900011,-6.3771127439999304],[106.93821992000011,-6.377037829999949],[106.93824270900018,-6.376993728999935],[106.93825018700005,-6.376947771999937],[106.9382690070002,-6.376865411999972],[106.9382708660001,-6.376856074999978],[106.93829341400016,-6.376742842999931],[106.9383443710002,-6.376558935999924],[106.93838021900018,-6.376426754999898],[106.9384321600001,-6.376265339999975],[106.93843694200012,-6.376250480999886],[106.93847674000006,-6.3761508189999745],[106.93854698199999,-6.376008939999963],[106.93860198800013,-6.375884342999882],[106.93869120900013,-6.375702204999925],[106.93871619100008,-6.375664913999913],[106.93873876500015,-6.375631218999899],[106.93878255900006,-6.375577470999872],[106.93881866600009,-6.375514182999893],[106.93884543900009,-6.375445891999846],[106.93886224500005,-6.375403023999922],[106.938898171,-6.375291892999883],[106.93891504200008,-6.375199971999905],[106.93891668900017,-6.3751291589999255],[106.93890683700005,-6.375052647999894],[106.93889036500008,-6.375000894999971],[106.93888554400013,-6.374985747999972],[106.93886049700012,-6.374938000999919],[106.93881438800014,-6.374884589999965],[106.93873194100013,-6.3748332289999325],[106.93851734900016,-6.374740263999968],[106.93826641300018,-6.374647436999965],[106.93820132600018,-6.374634285999946],[106.93819099800004,-6.3746334979998664],[106.93815349000016,-6.374630637999871],[106.93810754600008,-6.374621241999932],[106.93806539200011,-6.374602262999929],[106.93804423500006,-6.374571722999974],[106.93802997200004,-6.374527584999896],[106.93801520500017,-6.374481887999934],[106.93799399000011,-6.374436039999978],[106.93796124200003,-6.374374922999948],[106.9379438250001,-6.374321405999979],[106.93793972600002,-6.374248699999896],[106.93794516300005,-6.374168303999909],[106.93796588200007,-6.374082108999971],[106.93798670800004,-6.374024619999943],[106.93802475500007,-6.373968979999859],[106.93809156900011,-6.373932367999942],[106.93819849500005,-6.373880295999868],[106.9383341190001,-6.373830029999908],[106.93839904100014,-6.3737991659999125],[106.93850573000014,-6.3736839429998895],[106.93865437900013,-6.373536028999922],[106.93876674100017,-6.373403560999975],[106.93883330200009,-6.373299969999948],[106.93888458300017,-6.373202177999929],[106.93890537200019,-6.373135120999962],[106.93895102900012,-6.373067968999919],[106.93903290800006,-6.372968149999906],[106.93907663000016,-6.372895263999908],[106.9391298160001,-6.372795550999911],[106.93918687800004,-6.3727092199998765],[106.9392458010002,-6.372609485999817],[106.93929898000005,-6.372507858999938],[106.93933888400016,-6.372436902999937],[106.93939025700007,-6.372363987999847],[106.93939230400014,-6.372361317999889],[106.93945497800019,-6.372279541999944],[106.93951406800011,-6.372223822999956],[106.93959034400018,-6.372160383999869],[106.93967432900013,-6.372112225999956],[106.93979272400009,-6.372058195999955],[106.93985868800019,-6.372035611999934],[106.93992836299998,-6.372011757999928],[106.9400391210001,-6.371961583999962],[106.9401746380002,-6.371882612999968],[106.94031594199998,-6.371817015999966],[106.94043624300008,-6.371761064999873],[106.94052405399998,-6.371712891999948],[106.94058696900015,-6.371657157999891],[106.94064218300008,-6.37158805699994],[106.94067069500016,-6.371540106999873],[106.94068197100017,-6.371486481999966],[106.94068367500017,-6.371430977999921],[106.94067393000012,-6.371383170999934],[106.9406521300001,-6.371345334999944],[106.94065204600008,-6.371345189999943],[106.94065082500009,-6.371343070999842],[106.94061054100013,-6.371312603999968],[106.94056266200016,-6.37129747299997],[106.94045355200001,-6.371276832999968],[106.94027941100012,-6.371258350999938],[106.9401091200001,-6.3712455959999374],[106.93995415800009,-6.371240436999869],[106.93979921800008,-6.3712410199999],[106.93964818300009,-6.371262638999951],[106.9395067980002,-6.371307185999967],[106.93933114000004,-6.3713939619999564],[106.93927013100006,-6.371447775999968],[106.93920152700008,-6.371516926999902],[106.93914311700007,-6.3715913129999535],[106.93912918400002,-6.371609056999887],[106.9390797310001,-6.371683876999953],[106.9390475290001,-6.371768200999952],[106.9390267890002,-6.371848653999905],[106.93899462400009,-6.371942546999946],[106.93895102300013,-6.372047964999979],[106.93891499699998,-6.372118902999887],[106.9389130470002,-6.372122742999977],[106.9388864620002,-6.372174511999958],[106.93885979000015,-6.372203317999947],[106.93881397400008,-6.3722283679999805],[106.93880973700016,-6.3722296319999145],[106.93878149200003,-6.372238058999926],[106.9387356060002,-6.372243971999865],[106.93869923199998,-6.37223645399996],[106.93865134000015,-6.372217497999884],[106.9386167720001,-6.372181266999917],[106.93859170400015,-6.372127776999946],[106.9385761640001,-6.372064682999962],[106.93856443600004,-6.371997746999909],[106.93855638200006,-6.3718906109999125],[106.93854638600016,-6.371775825999919],[106.9385384480002,-6.371699306999915],[106.93853427000005,-6.371605550999959],[106.93851686,-6.371553946999882],[106.93848984300018,-6.371490895999898],[106.93847749800011,-6.371454301999961],[106.93847243400006,-6.371439290999888],[106.93845682200003,-6.371357060999912],[106.93845267400019,-6.371270958999901],[106.93845422700008,-6.371175267999888],[106.93845761400007,-6.371058519999906],[106.93847449900016,-6.3709704259999285],[106.93848623000014,-6.370927750999954],[106.93849714400017,-6.370888050999952],[106.9385522280001,-6.3707845049999605],[106.93861500800011,-6.370692410999936],[106.93870836300016,-6.370592546999887],[106.93881708600014,-6.370509848999973],[106.93888951600013,-6.370470246999901],[106.9389087150002,-6.370459748999849],[106.93896602900014,-6.370440395999935],[106.9390233920002,-6.3704344389999505],[106.93910567900014,-6.370443697999917],[106.93912855600018,-6.370443611999917],[106.93914311700007,-6.3704435569999305],[106.93916274500009,-6.370443482999917],[106.93922427500019,-6.370443252999905],[106.93931035300005,-6.370442928999978],[106.93941945700016,-6.370461655999918],[106.93950179400014,-6.370484310999927],[106.93960328300011,-6.370512634999955],[106.93961546100007,-6.370519197999954],[106.93969145200003,-6.370560146999878],[106.93977190700019,-6.370590463999918],[106.93984467400008,-6.37061123999996],[106.93995571100015,-6.370635700999912],[106.9400131180002,-6.370641226999965],[106.94006093900015,-6.370641045999946],[106.94011064400007,-6.370633203999887],[106.94017560800012,-6.3706138229998714],[106.9402290380001,-6.370579174999875],[106.94028431000004,-6.370525383999961],[106.94036810000006,-6.370425556999862],[106.94037076000012,-6.370421558999965],[106.94046891300013,-6.370273994999934],[106.94056975300015,-6.370130087999939],[106.94067270000005,-6.3700378429999205],[106.94076430100006,-6.369980086999931],[106.94083866400007,-6.36991665499994],[106.94093212600018,-6.369845495999925],[106.94101228600005,-6.36979735299991],[106.94110645100011,-6.3697482289998675],[106.94112683200012,-6.369737596999869],[106.94121849800007,-6.3696970649999685],[106.94132541500011,-6.369643078999957],[106.94142473000011,-6.369602516999976],[106.94154233200004,-6.369554008999955],[106.94156988200018,-6.3695426459999],[106.94173026500005,-6.369463580999934],[106.94184667400003,-6.369390421999924],[106.94197262600011,-6.369311486999948],[106.94202524000002,-6.369269661999965],[106.94207179800014,-6.3692326509999475],[106.94214233500003,-6.369169233999912],[106.94219941000006,-6.369086729999935],[106.94225263800018,-6.368998498999929],[106.94227914400011,-6.368925678999915],[106.94229610800005,-6.36885863599997],[106.94230020700013,-6.368828271999973],[106.94230541300004,-6.368789706999962],[106.94230132900003,-6.368720828999926],[106.94228379600014,-6.368636692999928],[106.94223736400016,-6.36849716699993],[106.94219464100013,-6.36832700899987],[106.942144267,-6.368156877999979],[106.9421247140001,-6.3680440439998165],[106.9421109720002,-6.3679503229999455],[106.94208779600007,-6.367891085999929],[106.94205506100013,-6.3678337979999355],[106.94204917200005,-6.3677936329999625],[106.94204703700018,-6.3677343159999396],[106.94206395700013,-6.367655790999947],[106.94209799100008,-6.367550408999932],[106.94212831700014,-6.367475659999968],[106.94214110000001,-6.3674470559998895],[106.94215487299999,-6.367416234999894],[106.94219098600007,-6.367354860999967],[106.94224437300016,-6.3673087319999695],[106.94231693800003,-6.367275925999934],[106.94239912400008,-6.367258392999929],[106.94246608700018,-6.3672619689998555],[106.94261153400004,-6.367280557999948],[106.94275124100017,-6.367299168999978],[106.94284107900012,-6.367281607999871],[106.94292133100004,-6.3672583419999],[106.94299205499999,-6.367244678999953],[106.94305324300012,-6.367238708999878],[106.94313360299998,-6.367244146999951],[106.94316804800008,-6.367247843999905],[106.94323317000016,-6.367270563999853],[106.9433154730001,-6.367283648999944],[106.94335950400011,-6.367293051999923],[106.94340938700009,-6.367333052999868],[106.94344017900016,-6.367382692999968],[106.94344036000007,-6.367430533999936],[106.9434405180001,-6.367472634999956],[106.94342727200006,-6.367510958999958],[106.9433987020002,-6.367543599999976],[106.94332623200006,-6.367601283999932],[106.94329245600011,-6.36762829099996],[106.94327092500015,-6.367645506999963],[106.94322713100007,-6.36769925599998],[106.9432044080001,-6.367760578999878],[106.94318368400013,-6.367844859999934],[106.943176897,-6.367930218999902],[106.94317272500001,-6.36798268799987],[106.94314842800009,-6.368133961999945],[106.94312938200011,-6.368292885999949],[106.94312617100007,-6.368319674999952],[106.94311733400014,-6.368512991999978],[106.94311955600017,-6.368595271999936],[106.94313623900001,-6.368664575999901],[106.94313704600017,-6.368667926999933],[106.94315841100007,-6.368753962999847],[106.94318157100008,-6.368828271999973],[106.9431893900001,-6.3688533589999],[106.94322413100019,-6.368935516999954],[106.94327228200018,-6.369023366999841],[106.94334528700011,-6.369107293999946],[106.94341122300006,-6.3691589709999334],[106.94341818999999,-6.369164430999945],[106.9434795520001,-6.369204386999968],[106.943550399,-6.369223257999863],[106.94363073700009,-6.369222954999941],[106.94371486500012,-6.369213068999898],[106.94378173500013,-6.369191766999904],[106.94386951700011,-6.369135938999932],[106.94397634600017,-6.369058987999949],[106.94405827400004,-6.368972562999886],[106.94410016100005,-6.36892073599995],[106.94413624600008,-6.36885170599993],[106.94415097700016,-6.368828271999973],[106.9441856840001,-6.368773057999931],[106.94422368100015,-6.368704021999974],[106.94427312600004,-6.368627287999914],[106.94431496300007,-6.368562064999935],[106.94436448100004,-6.36850446699998],[106.94442930100007,-6.368446811999831],[106.94450186500006,-6.368414005999966],[106.94453135300017,-6.368406077999907],[106.94456683600004,-6.368396537999956],[106.94463377100016,-6.368392458999949],[106.944716057,-6.3684017169999265],[106.94481758900008,-6.368441521999841],[106.94483547800002,-6.368449366999869],[106.94495170900012,-6.368500340999901],[106.94504939300003,-6.3685344199998895],[106.94513746200016,-6.3685551379999765],[106.94516706300004,-6.3685556839999435],[106.9452235460002,-6.368556726999941],[106.94532489000005,-6.368546776999949],[106.94535430600013,-6.368541143999892],[106.94540578700008,-6.368531285999893],[106.94541664100007,-6.3685292079998135],[106.9454758440001,-6.368504106999865],[106.94551968000013,-6.368461839999895],[106.94553677400017,-6.36842924299998],[106.9455498750001,-6.368352644999959],[106.94555344100019,-6.368283738999935],[106.94554749300005,-6.3682282639998675],[106.94553763400006,-6.368149839999944],[106.94550661100004,-6.3680389619999005],[106.94546026400002,-6.367922400999873],[106.94542748600014,-6.367853630999946],[106.94537728400007,-6.3677294299998835],[106.9453056750001,-6.3675077109999165],[106.9452937870002,-6.367474263999895],[106.94525540800015,-6.367366286999868],[106.94524566400003,-6.367318480999927],[106.94525310600011,-6.367262955999934],[106.94524335400001,-6.367213235999884],[106.94524122500013,-6.367155833999959],[106.9452486240001,-6.367088825999929],[106.94525015400006,-6.367072088999862],[106.94525229900017,-6.367048623999949],[106.94525974900006,-6.366995012999951],[106.94525186600004,-6.366933803999871],[106.94522664700014,-6.366840127999922],[106.94519955100003,-6.366756027999827],[106.94518019200012,-6.3666948619999175],[106.94516645700014,-6.366603055999974],[106.94516431300013,-6.366541825999946],[106.9451679010001,-6.366478660999974],[106.94517342400013,-6.366421228999911],[106.9451693740001,-6.366361919999974],[106.9451519870002,-6.366316055999903],[106.94512119500013,-6.366266415999974],[106.94508662600003,-6.366230185999939],[106.94503675000016,-6.366192098999875],[106.94496975000015,-6.366178955999942],[106.94489894700007,-6.36617156899996],[106.94481668900016,-6.366169964999926],[106.94474795000008,-6.36620275599995],[106.94466600200002,-6.366283439999961],[106.94459747300016,-6.3663717289999795],[106.94455381600017,-6.366461836999974],[106.94452920900017,-6.366508658999976],[106.94450443600016,-6.366555794999954],[106.94444923700013,-6.3666287229999625],[106.94437289100006,-6.366673024999955],[106.94431749100005,-6.3666923709998855],[106.94424870900008,-6.366713679999975],[106.94418179700006,-6.366723500999967],[106.94414484600009,-6.36671373199988],[106.9441032920002,-6.36670274599993],[106.94404385000007,-6.366664695999816],[106.94399204600006,-6.366622789999894],[106.94395741400001,-6.36656933699993],[106.94394385800018,-6.366525372999945],[106.94394169400016,-6.366458400999875],[106.94395107700012,-6.3664105229998995],[106.94398148100015,-6.366356824999912],[106.94402910700018,-6.366304975999981],[106.94406903800001,-6.366241672999877],[106.94408801500009,-6.366201414999921],[106.9441087690002,-6.366124787999979],[106.94412771700019,-6.36607687399993],[106.94415044800019,-6.366048748999901],[106.9441696040002,-6.366025046999937],[106.94421147800011,-6.36596939199984],[106.944261031,-6.365921361999938],[106.94431251100019,-6.3658771529999285],[106.94437930800012,-6.365836713999954],[106.94442216500005,-6.36581076799996],[106.94444610500005,-6.36579627499998],[106.94449659600008,-6.365765707999969],[106.94455107200014,-6.365732727999955],[106.94458681200007,-6.365709846999948],[106.94465030100008,-6.3656692019999355],[106.94469410800008,-6.365619280999908],[106.94473217000018,-6.365567466999892],[106.94476829700005,-6.365509920999841],[106.94482929200007,-6.365452278999953],[106.94486354900016,-6.365406221999876],[106.94488625000014,-6.365339156999937],[106.9448956490001,-6.3652951059999054],[106.9449049540001,-6.365226178999876],[106.94490465900014,-6.365147717999889],[106.94488714800002,-6.365069321999954],[106.94485822500008,-6.365008191999891],[106.94482619500008,-6.364966718999938],[106.94481401500013,-6.364950947999944],[106.94474690900006,-6.364909099999863],[106.94466292800013,-6.364861779999956],[106.94466256500004,-6.364861574999907],[106.94459351600011,-6.364812077999829],[106.944545516,-6.364764416999947],[106.94451473800012,-6.364718603999904],[106.94448578000004,-6.364647905999902],[106.94447966100017,-6.364623803999962],[106.94446248100019,-6.3645561369999655],[106.94444487700014,-6.36445286299994],[106.9444336250001,-6.364380715999914],[106.94443115600018,-6.36436488399994],[106.94443096900005,-6.36431512799993],[106.94444416400017,-6.364263408999818],[106.94446882200009,-6.364207818999944],[106.94448780600004,-6.364169473999937],[106.94451635400009,-6.36413109199998],[106.94456789899999,-6.364104105999957],[106.94461182100008,-6.364084803999958],[106.94462564800006,-6.364082444999951],[106.94471504900008,-6.364067191999936],[106.94483355600005,-6.364043780999964],[106.94496541700005,-6.364010750999967],[106.94497118800007,-6.364008437999928],[106.94506664400018,-6.3639701829998785],[106.94520033200018,-6.363914181999974],[106.94532251999999,-6.363852483999835],[106.94541408300006,-6.3637851599999635],[106.9455438080002,-6.363692812999943],[106.94571738399998,-6.3635620269999436],[106.94586044800013,-6.363456234999887],[106.94594814900017,-6.363379356999928],[106.94600723600018,-6.36332363799994],[106.94607010600004,-6.363256420999903],[106.94607563700004,-6.363248216999921],[106.94610877600007,-6.363199064999947],[106.94613478200006,-6.363160491999963],[106.94617467600017,-6.363087621999966],[106.94618789400005,-6.363041642999974],[106.9461900460002,-6.363030214999924],[106.94619428600004,-6.363007696999944],[106.94619727000008,-6.362991850999947],[106.946193257,-6.3629421109999384],[106.94617779600009,-6.362900067999817],[106.94614121600006,-6.362837052999907],[106.9460931210001,-6.362764512999945],[106.94603923200015,-6.362676686999976],[106.94603417100018,-6.362656205999883],[106.94602175100005,-6.362605944999814],[106.94601009300015,-6.362558146999959],[106.94599268400003,-6.362506542999938],[106.94596759400008,-6.362447312999905],[106.945946359,-6.362395722999906],[106.94593473100014,-6.362355578999882],[106.94593074000005,-6.362311579999869],[106.94592479300019,-6.362256104999915],[106.94593029300012,-6.362192930999925],[106.94594339400004,-6.362116334999882],[106.94596223600018,-6.362057456999821],[106.94596608100005,-6.362045441999953],[106.9460060560001,-6.361993621999943],[106.94610145000013,-6.361928196999941],[106.9463572470001,-6.361789446999921],[106.94639081700001,-6.361771855999905],[106.94650806200002,-6.36171041699987],[106.9466225930002,-6.361646832999952],[106.94669886600019,-6.361583393999922],[106.94674072400011,-6.3615239109998925],[106.94676159200009,-6.361477903999912],[106.94676904200014,-6.361424292999914],[106.94676881800012,-6.361364967999975],[106.946751409,-6.361313364999887],[106.94671675500018,-6.361254170999871],[106.94666109000008,-6.361202709999873],[106.94661106900014,-6.361126350999939],[106.94656680100019,-6.361053796999897],[106.94653206100014,-6.360971639999946],[106.94650887700004,-6.360910487999945],[106.946506763,-6.360856912999964],[106.94652179900004,-6.360786049999945],[106.9465559620001,-6.360715113999959],[106.94657880000005,-6.360684407999884],[106.94661306500012,-6.360640264999972],[106.94666458800003,-6.360607537999954],[106.94674483200009,-6.360582357999874],[106.94684229800015,-6.3605590249999295],[106.94695888400003,-6.3605337079999344],[106.94701806500007,-6.360502865999877],[106.94707719500013,-6.360458627999947],[106.94711712700007,-6.360395325999946],[106.94715321800015,-6.360328209999977],[106.94717215000009,-6.360276469999974],[106.94716815300006,-6.36023055499993],[106.94713737600006,-6.360184742999934],[106.94708368800008,-6.360150497999939],[106.94707803900002,-6.360148926999898],[106.94707225600018,-6.360147318999964],[106.94705060800015,-6.360141297999974],[106.9470275430001,-6.360134882999887],[106.9470090100001,-6.360129728999937],[106.94699351600008,-6.3601297869999485],[106.94692484700016,-6.360130045999938],[106.94685792800004,-6.360137952999878],[106.94676625099999,-6.360174658999824],[106.94668800599999,-6.3602227959999595],[106.94662699200012,-6.36027469499993],[106.94656018800009,-6.360313220999899],[106.9464990730001,-6.360338329999934],[106.9464436230001,-6.360344278999889],[106.94637092300013,-6.360340725999947],[106.94627521800015,-6.3603238629999055],[106.94624791900009,-6.360317975999976],[106.94619672900012,-6.360306935999915],[106.94607223300011,-6.360263389999943],[106.94594381600007,-6.360194978999971],[106.94587095000009,-6.360147411999947],[106.94579418700005,-6.360080720999974],[106.94567706100014,-6.359962512999857],[106.94549062800007,-6.359725916999821],[106.94536373600005,-6.359554160999892],[106.94527721400016,-6.359435836999978],[106.94521762300013,-6.359357599999896],[106.94515611800011,-6.359279368999978],[106.94509852600015,-6.359224089999941],[106.9450102790002,-6.359155527999974],[106.94490487500019,-6.359102340999925],[106.94489056200013,-6.359095102999959],[106.94481096800013,-6.359054851999872],[106.94471714100013,-6.359028412999919],[106.9446443970001,-6.35901337699994],[106.94462973700013,-6.3590134319999265],[106.94455640900014,-6.359013708999953],[106.94449906900019,-6.359025405999944],[106.9444207890001,-6.359063974999913],[106.94434270900001,-6.3591561259999025],[106.94429895300016,-6.359219441999926],[106.94427122900015,-6.3592791949998855],[106.94427049000018,-6.359280787999921],[106.94423824000017,-6.3593517169999245],[106.94421363200007,-6.359420701999966],[106.94418516300016,-6.359480133999909],[106.94415662199998,-6.359520429999975],[106.94410707000014,-6.359568457999956],[106.94405743800013,-6.359595436999939],[106.94400582200012,-6.359603284999878],[106.94394461900015,-6.359605428999885],[106.94393881400009,-6.359605450999879],[106.94386810800012,-6.3596057169999085],[106.94383480300013,-6.359601401999896],[106.94378198900017,-6.359594558999959],[106.94372837300017,-6.359579450999945],[106.94367853300014,-6.35955093299998],[106.94363630800012,-6.359512816999938],[106.9436073930001,-6.359453601999917],[106.94359181000016,-6.3593790259998855],[106.94359148600012,-6.359292909999965],[106.94360077100009,-6.359218241999827],[106.94360819100018,-6.359156974999905],[106.94360604200011,-6.359093830999939],[106.94360198500004,-6.359032607999893],[106.94360185700003,-6.358998161999978],[106.94361510900006,-6.358961751999914],[106.94365481800003,-6.3588391249999745],[106.94371735000004,-6.358681966999939],[106.943747815,-6.358614054999919],[106.94378184500016,-6.358538196999973],[106.94383298100013,-6.358402131999981],[106.94386508100013,-6.358291015999953],[106.94389537600006,-6.358208612999931],[106.94391613600015,-6.358133900999974],[106.94394835200018,-6.358053403999975],[106.94399593400004,-6.357990072999883],[106.94404729900009,-6.3579152449999015],[106.94410638000011,-6.357857612999965],[106.9441846090001,-6.357805647999896],[106.94424469199998,-6.3577718609999465],[106.94431822300015,-6.357730511999932],[106.94438312800008,-6.357695820999879],[106.94446340100006,-6.3576782959999605],[106.94453224600016,-6.357674209999971],[106.94463368200002,-6.357689137999955],[106.94471600300017,-6.357707964999918],[106.94472245700018,-6.357710683999869],[106.94480604800009,-6.357745899999941],[106.94486800100015,-6.357779999999934],[106.94492048000012,-6.357804801999919],[106.94497982600006,-6.357817974999875],[106.94505253400007,-6.357823441999869],[106.94511567700005,-6.35782894599987],[106.94518466700004,-6.357863132999967],[106.94528242000007,-6.3579163479999465],[106.9453765130001,-6.358013593999885],[106.94541663600018,-6.35804957799985],[106.94543601100008,-6.358066952999934],[106.94551900800008,-6.358131435999951],[106.9455242570001,-6.358135513999855],[106.94562202500003,-6.358192555999949],[106.94568528399998,-6.358228677999932],[106.94574466000012,-6.358249505999936],[106.94579441400015,-6.358255059999976],[106.94586328100007,-6.358256714999925],[106.94595697900019,-6.358248706999973],[106.94608126600008,-6.358236755999883],[106.94624096100006,-6.358199394999815],[106.94624753400018,-6.3581978569999364],[106.94641951900007,-6.358153193999897],[106.94653612700017,-6.358133618999943],[106.94661644900003,-6.358129487999975],[106.9467618770002,-6.358144250999942],[106.94691884200012,-6.358174277999865],[106.94695483100014,-6.358190731999969],[106.94699356900014,-6.358208442999853],[106.94703386000003,-6.3582408239999495],[106.94704300000006,-6.358257940999863],[106.94705119700012,-6.3582732919999785],[106.94706088400011,-6.358305787999825],[106.94706100600013,-6.358338320999849],[106.94704783300006,-6.358395780999899],[106.94702280000018,-6.358449734999908],[106.94701937100018,-6.358457126999895],[106.94696220400016,-6.358514753999884],[106.94676757600018,-6.358641789999979],[106.94660931400006,-6.35874478799991],[106.94659011900018,-6.358757280999953],[106.9464303150001,-6.358877197999959],[106.94626204200011,-6.3590034689999015],[106.94611909400004,-6.35913987999993],[106.94608483000019,-6.359184023999944],[106.94607163400019,-6.359235743999932],[106.94606608300018,-6.359285520999947],[106.94607003800002,-6.359319951999964],[106.94608165900019,-6.359358182999927],[106.94609811500015,-6.359378603999858],[106.94610472000005,-6.359386800999914],[106.94613926500017,-6.3594172899999535],[106.9461737740001,-6.359438210999883],[106.9462274190002,-6.359460972999898],[106.94626380500017,-6.359472317999973],[106.94631166900007,-6.359483619999935],[106.94637481200004,-6.359489123999936],[106.94643219500006,-6.359488907999946],[106.94649910700008,-6.359479087999887],[106.94656218500018,-6.359467367999912],[106.94662314900006,-6.359453867999946],[106.94665010200009,-6.359447898999974],[106.94675326200007,-6.359413063999966],[106.94682391300017,-6.359380265999903],[106.94691166300015,-6.359316782999883],[106.94701450800005,-6.359197745999893],[106.94707832800015,-6.35911524799991],[106.94708874600013,-6.359101780999936],[106.94715349300009,-6.359024988999977],[106.94722401300004,-6.358957743999952],[106.94723851700019,-6.358947296999872],[106.94729078100005,-6.358909650999976],[106.94736521400011,-6.358865354999921],[106.94741313700007,-6.358841156999972],[106.94741867100015,-6.358838361999915],[106.94747976400015,-6.358807512999931],[106.9475867290002,-6.3587669219999725],[106.94766887100008,-6.358737907999966],[106.94773576,-6.358722345999979],[106.94781222200015,-6.358708660999923],[106.9479173810002,-6.3586967819999245],[106.94799579800002,-6.358694573999912],[106.94807425800013,-6.358703845999969],[106.94817948300005,-6.358709190999889],[106.94819241000016,-6.358710701999939],[106.94829047500019,-6.358722167999815],[106.94837655000009,-6.358721844999877],[106.9484520360001,-6.3587176529998715],[106.94848746900016,-6.358715684999879],[106.94852882700019,-6.358709279999971],[106.94858878900015,-6.358699993999949],[106.94861112800015,-6.35869454099992],[106.94864009000008,-6.358687470999939],[106.94868434200015,-6.358676668999976],[106.94873013200004,-6.358645877999891],[106.9487662950001,-6.358597897999914],[106.94877759200006,-6.358550013999945],[106.94877740400005,-6.3585002579999355],[106.948761908,-6.358448646999932],[106.94872926100004,-6.35841432299992],[106.94867749300005,-6.358381985999927],[106.94860865900006,-6.358359734999908],[106.94857216000014,-6.358347935999916],[106.94843814300015,-6.358315908999941],[106.94840761600017,-6.358311884999978],[106.94834285000013,-6.358303347999879],[106.94832523100001,-6.358301024999946],[106.94821023700013,-6.35829807499988],[106.9481951480002,-6.358297687999936],[106.94819078000017,-6.358297938999954],[106.94801729600005,-6.358307925999895],[106.94791023000005,-6.3583217249998825],[106.94783759500018,-6.358335395999973],[106.94777257600003,-6.358339466999951],[106.94772858100004,-6.358339632999957],[106.94768265300013,-6.358334064999951],[106.94762140000017,-6.3583228129999725],[106.94755819300013,-6.3583000879999645],[106.94751404700008,-6.358260065999957],[106.94746981600002,-6.3581970809999575],[106.9474235630002,-6.3581053969999175],[106.94740754300011,-6.358054506999906],[106.94737903600014,-6.357963951999977],[106.94736328100004,-6.357843447999926],[106.94736214500011,-6.357828852999887],[106.94735524000015,-6.3577401389999295],[106.94736433600019,-6.357615713999905],[106.9473848790002,-6.357483591999937],[106.94741129800019,-6.3573878069998955],[106.94744356300009,-6.3573207069999285],[106.94748174300003,-6.357258338999941],[106.94752341100013,-6.35719027499988],[106.94754808900001,-6.357140424999955],[106.94754220000016,-6.357100259999925],[106.9475382230001,-6.357060087999969],[106.94755640500017,-6.357014109999966],[106.94755949000017,-6.357006307999939],[106.94756096000015,-6.357002590999912],[106.94756434800007,-6.356997953999951],[106.9475671080001,-6.356994176999933],[106.9476078080001,-6.356938477999847],[106.94761424500018,-6.356929668999896],[106.94768844700008,-6.356824136999876],[106.94775500399999,-6.356720545999906],[106.94782153500012,-6.356609300999878],[106.94789579400009,-6.3565190779999625],[106.94800245600004,-6.356398113999887],[106.94803840800017,-6.356359532999818],[106.94805528300009,-6.356341423999936],[106.94805598400006,-6.356340671999931],[106.94812057100017,-6.356271363999895],[106.94827300300017,-6.3561138669999195],[106.9483037500001,-6.356091879999951],[106.94837792400006,-6.356038837999904],[106.94847526699999,-6.3559829739999145],[106.94856875500011,-6.35591946999989],[106.94864132600014,-6.355883598999981],[106.94865848900008,-6.355875115999879],[106.94874622500004,-6.3558078069999056],[106.948752329,-6.3558034099999645],[106.94883969800003,-6.355740473999845],[106.94891973900019,-6.355661711999971],[106.94901887900005,-6.3555752219999135],[106.94908556600012,-6.355506077999962],[106.94913318400017,-6.3554523149999795],[106.94917701900016,-6.355410047999953],[106.94922087500004,-6.355373521999923],[106.94928195400007,-6.355338844999892],[106.9493372450001,-6.355290794999917],[106.94940014200006,-6.35523123299987],[106.9494534980002,-6.355177447999949],[106.94948201000011,-6.355129498999929],[106.94950292000004,-6.355094972999893],[106.9495142240001,-6.35504900199993],[106.94951593500014,-6.354995412999926],[106.94952124000014,-6.35488057099991],[106.94951279600014,-6.354670095999893],[106.9495112410001,-6.354575369999964],[106.94950783299998,-6.354367750999927],[106.94950556000009,-6.354272073999937],[106.94951295900006,-6.354205067999885],[106.9495184380001,-6.354136153999946],[106.9495392550001,-6.354076750999923],[106.94957540200016,-6.354024945999981],[106.9496172810002,-6.35397120399989],[106.94968782300015,-6.353909698999871],[106.949750757,-6.353859706999913],[106.94983280400015,-6.353805813999884],[106.94992631300016,-6.353748049999922],[106.94999017100014,-6.353704135999919],[106.95001025800008,-6.353690322999853],[106.9500598460001,-6.353651862999868],[106.9501189680002,-6.353605710999943],[106.95016662200004,-6.3535615159999566],[106.9502024630001,-6.353514534999874],[106.95020468900009,-6.353511616999981],[106.9502370410001,-6.3534674799998925],[106.95027702100003,-6.353417572999945],[106.95034192500009,-6.353382881999892],[106.95045270000008,-6.353338448999978],[106.95056348100013,-6.353295929999888],[106.95066472800005,-6.353261102999966],[106.95073356500018,-6.353255100999888],[106.95079668600016,-6.35325486399995],[106.95088276700005,-6.353256452999915],[106.95094018600014,-6.353265803999875],[106.95100528500006,-6.353282781999951],[106.95107621500011,-6.353324615999952],[106.95115110200015,-6.35340088199996],[106.95125088900016,-6.353486619999956],[106.95130845200003,-6.353534245999981],[106.95136021200005,-6.353564669999912],[106.95140620500007,-6.353587460999961],[106.9514484020001,-6.3536179199999765],[106.95145924000008,-6.353634053999883],[106.95148175200018,-6.353667565999899],[106.95148302500019,-6.353669459999878],[106.95152909100011,-6.353711386999976],[106.95159613800001,-6.353737925999951],[106.95164396600006,-6.353744207999966],[106.95166694600005,-6.353747226999928],[106.95173584900016,-6.3537584489998835],[106.95179528199998,-6.353794584999946],[106.951810706,-6.353827059999958],[106.95181576200008,-6.353843692999931],[106.95182232600013,-6.353865289999931],[106.95185117000017,-6.3539053689999605],[106.95190294400004,-6.353939618999959],[106.95198338099999,-6.353966107999952],[106.95207710600005,-6.353965753999887],[106.95220700800013,-6.353921248999939],[106.95227953400007,-6.3538788739999745],[106.95235202400005,-6.353826930999958],[106.95243774400006,-6.353732835999892],[106.95246430700018,-6.3536753249999265],[106.95246709400016,-6.353667565999899],[106.95247543300007,-6.353644349999968],[106.95249459400014,-6.353591008999899],[106.95250771600013,-6.353520152999977],[106.95251502800005,-6.353430180999908],[106.9525052620001,-6.353376634999904],[106.95247819500008,-6.35330018999997],[106.95243355100013,-6.353128125999945],[106.95241012300016,-6.353001909999932],[106.95239443800017,-6.352900543999965],[106.95235955400017,-6.3527801129999375],[106.95232484300004,-6.35270560999993],[106.95228631300006,-6.35263303499994],[106.95222295500014,-6.352570121999975],[106.95211176300018,-6.352503562999971],[106.95195846800016,-6.352431420999949],[106.95189896100015,-6.35240472199996],[106.95189704400008,-6.352403861999903],[106.95173429400012,-6.352330839999979],[106.95107148600016,-6.352069250999932]]]}}]}
